INFO     09:11:14     [tensor_storage.py:70] Hugepage enabled for branch-and-bound domains.
Configurations:

general:
  device: cpu
  seed: 42
  conv_mode: patches
  deterministic: false
  double_fp: false
  loss_reduction_func: sum
  sparse_alpha: true
  sparse_interm: true
  save_adv_example: false
  verify_onnxruntime_output: false
  eval_adv_example: false
  onnx_adv_example: false
  show_adv_example: false
  precompile_jit: false
  reset_seed_after_precompile: false
  prepare_only: false
  complete_verifier: bab
  enable_incomplete_verification: true
  csv_name: instances.csv
  results_file: out.txt
  root_path: /home/master2/Desktop/saehee/XAI/Assignment_04/emnist_abcrown
  deterministic_opt: false
  graph_optimizer: 'Customized("custom_graph_optimizer", "default_optimizer")'
  buffer_has_batchdim: false
  save_output: false
  output_file: out.pkl
  return_optimized_model: false
  store_all_specs_on_cpu: false
  adhoc_tuning: null
model:
  name: null
  path: null
  onnx_path: models/emnist_fc.onnx
  onnx_path_prefix: ''
  cache_onnx_conversion: false
  debug_onnx: false
  onnx_quirks: null
  input_shape: null
  onnx_loader: default_onnx_and_vnnlib_loader
  onnx_optimization_flags: []
  onnx_vnnlib_joint_optimization_flags: none
  check_optimized: false
  flatten_final_output: false
  optimize_graph: null
  with_jacobian: false
  bound_opts: null
data:
  start: 0
  end: 260
  select_instance: null
  num_outputs: 10
  mean: 0.0
  std: 1.0
  pkl_path: null
  dataset: null
  data_filter_path: null
  data_idx_file: null
specification:
  type: vnnlib
  robustness_type: verified-acc
  norm: .inf
  epsilon: null
  epsilon_min: 0.0
  vnnlib_path: null
  vnnlib_path_prefix: ''
  shrink_eps: null
  rhs_offset: null
solver:
  batch_size: 512
  auto_enlarge_batch_size: true
  batched_crown_auto_enlarge_max_vram_ratio: 0.9
  min_batch_size_ratio: 0.1
  use_float64_in_last_iteration: false
  early_stop_patience: 10
  start_save_best: 0.5
  bound_prop_method: crown
  init_bound_prop_method: same
  prune_after_crown: true
  optimize_disjuncts_separately: false
  build_batch_size: 1000000
  skip_with_refined_bound: true
  forward_before_compute_bounds: false
  crown:
    batch_size: 1000000000
    max_crown_size: 1000000000
    activation_bound_option: adaptive
    compare_crown_with_ibp: false
  alpha-crown:
    alpha: true
    lr_alpha: 0.1
    iteration: 100
    share_alphas: false
    lr_decay: 0.98
    full_conv_alpha: true
    max_coeff_mul: .inf
    matmul_share_alphas: false
    disable_optimization: []
    max_time: 1.0
    alpha_dtype: float16
    input_split_alpha_iteration: 5
    input_split_lr_alpha: 0.05
  invprop:
    apply_output_constraints_to: []
    tighten_input_bounds: false
    best_of_oc_and_no_oc: false
    directly_optimize: []
    oc_lr: 0.1
    share_gammas: false
  beta-crown:
    lr_alpha: 0.01
    lr_beta: 0.05
    lr_decay: 0.98
    optimizer: adam
    iteration: 20
    beta: true
    beta_warmup: true
    enable_opt_interm_bounds: false
    all_node_split_LP: false
  forward:
    refine: false
    max_dim: 10000
    reset_threshold: 1.0
  mip:
    unstable_neuron_threshold: 0
    parallel_solvers: null
    solver_threads: 1
    refine_neuron_timeout: 15
    refine_neuron_time_percentage: 0.8
    early_stop: true
    adv_warmup: true
    mip_solver: gurobi
    skip_unsafe: false
    topk_filter: 1.0
    sliding_window: -1
    extra_constraint: false
    refine_neuron_timeout_increasement: 0
    timeout_neuron_percentage: 0.3
    remaining_timeout_threshold: 1
    remove_unstable_neurons: false
    formulation: mip
    output_cut: false
bab:
  max_domains: 200000
  decision_thresh: 0
  timeout: 30
  timeout_scale: 1
  max_iterations: -1
  override_timeout: null
  get_upper_bound: false
  pruning_in_iteration: true
  pruning_in_iteration_ratio: 0.2
  sort_targets: false
  batched_domain_list: true
  optimized_interm: ''
  interm_transfer: true
  recompute_interm: false
  sort_domain_interval: -1
  tree_traversal: depth_first
  hugetensor_allocator: true
  cut:
    enabled: false
    cuts_path: null
    bab_cut: false
    lp_cut: false
    lr: 0.01
    lr_decay: 1.0
    iteration: 100
    bab_iteration: -1
    early_stop_patience: -1
    lr_beta: 0.02
    number_cuts: 50
    topk_cuts_in_filter: 1000
    batch_size_primal: 100
    max_num: 1000000000
    patches_cut: false
    cplex_cuts: false
    cplex_cuts_wait: 0
    cplex_cuts_revpickup: true
    cut_reference_bounds: true
    fix_intermediate_bounds: false
    manual_cuts: null
    record_cplex_cut_to: null
    read_cplex_cut_from: null
    biccos:
      enabled: false
      auto_param: true
      constraint_strengthening: true
      drop_ratio: 0.5
      max_infer_iter: 20
      max_domain: 10000.0
      heuristic: neuron_influence_score
      save_cuts: false
      multi_tree_branching:
        enabled: false
        restore_best_tree: true
        keep_n_best_domains: 50
        target_batch_size: 200
        iterations: 3
  clip_n_verify:
    rearrange_constraints: false
    alpha_crown: false
    prune: false
    final_layer: false
    clip_input_domain:
      enabled: false
      clip_type: relaxed
      clip_neuron_selection_type: ratio
      clip_neuron_selection_value: -1.0
      clip_iterations: 1
      clip_calculate_volume_metrics: false
    clip_interm_domain:
      enabled: false
      with_input: false
      clip_in_alpha_crown: false
      topk_objective: 20
  branching:
    method: kfsb
    candidates: 3
    reduceop: min
    enable_intermediate_bound_opt: false
    branching_input_and_activation: false
    branching_input_and_activation_order: [input, relu]
    branching_input_iterations: 30
    branching_relu_iterations: 50
    save_visited_domains_to: ''
    nonlinear_split:
      method: bbps
      disable: false
      branching_point_method: uniform
      num_branches: 2
      filter: false
      filter_beta: false
      filter_clamp: false
      filter_batch_size: 10000
      filter_iterations: 25
      relu_only: false
      loose_tanh_threshold: null
      branching_point:
        db_path: branching_points.pt
        num_iterations: 1000
        batch_size: 1000000
        range_l: -5.0
        range_u: 5.0
        log_interval: 100
        step_size_1d: 0.01
        step_size: 0.2
    input_split:
      split_hint: null
      enable: false
      reorder_bab: false
      input_dim_threshold: 20
      adv_check: 0
      split_partitions: 2
      sb_margin_weight: 1.0
      sb_sum: false
      sb_primary_spec: null
      bf_backup_thresh: -1
      bf_rhs_offset: 0
      bf_iters: 1000000000.0
      bf_batch_size: 100000
      bf_zero_crossing_score: false
      touch_zero_score: 0
      ibp_enhancement: true
      compare_with_old_bounds: true
      update_rhs_with_attack: false
      sb_coeff_thresh: 0.001
      sort_index: null
      sort_descending: true
      show_progress: false
      presplit_domains: null
      skip_getting_worst_domain: false
  branching_decision_precompute:
    enable: true
  attack:
    enabled: false
    beam_candidates: 8
    beam_depth: 7
    max_dive_fix_ratio: 0.8
    min_local_free_ratio: 0.2
    mip_start_iteration: 5
    mip_timeout: 30.0
    adv_pool_threshold: null
    refined_mip_attacker: false
    refined_batch_size: null
attack:
  general_attack: true
  pgd_order: before
  pgd_steps: 100
  pgd_restarts: 5
  pgd_batch_size: 100000000
  pgd_early_stop: true
  pgd_lr_decay: 0.99
  pgd_alpha: auto
  pgd_alpha_scale: false
  pgd_loss_mode: null
  pgd_restart_when_stuck: false
  enable_mip_attack: false
  adv_saver: default_adv_saver
  adv_verifier: default_adv_verifier
  early_stop_condition: default_early_stop_condition
  adv_example_finalizer: default_adv_example_finalizer
  pgd_loss: default_pgd_loss
  cex_path: ./test_cex.txt
  attack_mode: PGD
  attack_tolerance: 0.0
  attack_func: attack_with_general_specs
  gama_lambda: 10.0
  gama_decay: 0.9
  input_split:
    pgd_steps: 100
    pgd_restarts: 30
    pgd_alpha: auto
  input_split_check_adv:
    enabled: auto
    pgd_steps: 5
    pgd_restarts: 5
    pgd_alpha: auto
    max_num_domains: 10
debug:
  view_model: false
  lp_test: null
  rescale_vnnlib_ptb: null
  test_optimized_bounds: false
  test_optimized_bounds_after_n_iterations: 0
  print_verbose_decisions: false
  biccos_mip_sanity_check: false
  sanity_check: 0
  z_split_enabled: false
  save_minimal_config: null
  save_minimal_config_omit_keys: []
solving:
  solving_mode: false
  obj_index: 0

Experiments at Fri Jun 12 09:11:15 2026 on master2-System-Product-Name
no customized start/end sample, testing all samples in instances.csv
Internal results will be saved to out.txt.

 %%%%%%%%%%%%%%%%%%%%%%%%%%%%%%%%%%% idx: 0, vnnlib ID: 0 %%%%%%%%%%%%%%%%%%%%%%%%%%%%%%%%%%%
Using onnx models/emnist_fc.onnx
Using vnnlib specs/sample_0000_a.vnnlib
Precompiled vnnlib file found at /home/master2/Desktop/saehee/XAI/Assignment_04/emnist_abcrown/specs/sample_0000_a.vnnlib.compiled
Loading onnx /home/master2/Desktop/saehee/XAI/Assignment_04/emnist_abcrown/models/emnist_fc.onnx with quirks {}
Finished onnx model loading in 0.0063 seconds
Finished vnnlib processing in 0.000506 seconds
Attack parameters: initialization=uniform, steps=100, restarts=5, alpha=0.002500012516975403, GAMA=False
PGD attack margin (first 2 examples and 10 specs):
 tensor([[18.59180832, 15.16865540, 16.96116066,  7.92008209, 13.24398994,
          7.73739624, 15.62438393, 20.98239899, 15.75212097, 14.31477737]])
Total number of violation:  0
Processing batch 1/1...
PGD attack margin (first 2 examples and 10 specs):
 tensor([[17.40255356, 14.32335091, 16.20384979,  7.15516949, 12.14665604,
          7.06392622, 14.75157928, 20.23878098, 14.91945839, 13.04899597]])
Total number of violation:  0
Attack finished in 0.1486 seconds.
PGD attack failed
verified_status unknown
verified_success False
Model: BoundedModule(
  (/0): BoundInput(name=/0, inputs=[], perturbed=True)
  (/7): BoundParams(name=/7, inputs=[], perturbed=False)
  (/8): BoundParams(name=/8, inputs=[], perturbed=False)
  (/9): BoundParams(name=/9, inputs=[], perturbed=False)
  (/10): BoundParams(name=/10, inputs=[], perturbed=False)
  (/11): BoundParams(name=/11, inputs=[], perturbed=False)
  (/12): BoundParams(name=/12, inputs=[], perturbed=False)
  (/13): BoundFlatten(name=/13, inputs=[/0], perturbed=True)
  (/input): BoundLinear(name=/input, inputs=[/13, /7, /8], perturbed=True)
  (/15): BoundRelu(name=/15, inputs=[/input], perturbed=True)
  (/input-3): BoundLinear(name=/input-3, inputs=[/15, /9, /10], perturbed=True)
  (/17): BoundRelu(name=/17, inputs=[/input-3], perturbed=True)
  (/18): BoundLinear(name=/18, inputs=[/17, /11, /12], perturbed=True)
)
Original output in the first batch: tensor([[  8.49679852, -10.01789188,  -6.62136650,  -8.39244080,   0.55193806,
          -4.66003180,   0.85972321,  -7.09904575, -12.47883511,  -7.16794634,
          -5.79262877,  -8.18845463,  -6.40780973,   0.48580498,  -4.73290730,
          -9.90093136,   3.19889402,  -1.24515843,  -7.46256161,  -8.36199856,
          -5.50638771, -15.02935314,  -2.54881239,  -5.98878002,  -8.35705376,
         -11.21078110]])
Split layers:
Nonlinear functions:
   BoundRelu(name=/15, inputs=[/input], perturbed=True)
   BoundRelu(name=/17, inputs=[/input-3], perturbed=True)
build batch [1/1]
initial crown bounds (first 10 items): [17.280094146728516, 14.195674896240234, 16.077919006347656, 6.9656171798706055, 11.972832679748535, 6.936963081359863, 14.635968208312988, 20.093061447143555, 14.816956520080566, 12.89482307434082]
Global lower bound: 4.430039405822754
verified with init bound!
Result: safe-incomplete in 0.1925 seconds

 %%%%%%%%%%%%%%%%%%%%%%%%%%%%%%%%%%% idx: 1, vnnlib ID: 1 %%%%%%%%%%%%%%%%%%%%%%%%%%%%%%%%%%%
Using onnx models/emnist_fc.onnx
Using vnnlib specs/sample_0001_a.vnnlib
784 inputs and 26 outputs in vnnlib
Loading onnx /home/master2/Desktop/saehee/XAI/Assignment_04/emnist_abcrown/models/emnist_fc.onnx with quirks {}
Finished onnx model loading in 0.0026 seconds
Finished vnnlib processing in 0.000353 seconds
Attack parameters: initialization=uniform, steps=100, restarts=5, alpha=0.0025000013411045074, GAMA=False
PGD attack margin (first 2 examples and 10 specs):
 tensor([[17.55964470, 18.13043976, 11.55835247, 18.63555527, 12.23320007,
         10.90456867, 13.35767174, 16.59971809, 18.10408211, 18.45693779]])
Total number of violation:  0
Processing batch 1/1...
PGD attack margin (first 2 examples and 10 specs):
 tensor([[16.54588318, 17.37554359, 10.79909325, 17.78780746, 11.26055527,
         10.12196159, 12.66106796, 15.80299950, 17.22406006, 17.50828934]])
Total number of violation:  0
Attack finished in 0.1235 seconds.
PGD attack failed
verified_status unknown
verified_success False
Model: BoundedModule(
  (/0): BoundInput(name=/0, inputs=[], perturbed=True)
  (/7): BoundParams(name=/7, inputs=[], perturbed=False)
  (/8): BoundParams(name=/8, inputs=[], perturbed=False)
  (/9): BoundParams(name=/9, inputs=[], perturbed=False)
  (/10): BoundParams(name=/10, inputs=[], perturbed=False)
  (/11): BoundParams(name=/11, inputs=[], perturbed=False)
  (/12): BoundParams(name=/12, inputs=[], perturbed=False)
  (/13): BoundFlatten(name=/13, inputs=[/0], perturbed=True)
  (/input): BoundLinear(name=/input, inputs=[/13, /7, /8], perturbed=True)
  (/15): BoundRelu(name=/15, inputs=[/input], perturbed=True)
  (/input-3): BoundLinear(name=/input-3, inputs=[/15, /9, /10], perturbed=True)
  (/17): BoundRelu(name=/17, inputs=[/input-3], perturbed=True)
  (/18): BoundLinear(name=/18, inputs=[/17, /11, /12], perturbed=True)
)
Original output in the first batch: tensor([[ 11.31970978,  -6.13175726,  -6.82658243,  -0.24959904,  -7.32467604,
          -0.90077823,   0.47304723,  -1.96916664,  -5.29695702,  -6.73842287,
          -7.16973639,  -2.53652859,  -6.77222776,  -3.88759542,  -1.99270082,
          -2.11562705,   1.13587070,  -1.67861247,  -7.84131384,  -3.31123257,
         -13.91026878, -16.29182434, -10.66022587,  -6.59131193,  -9.53636265,
          -3.76488853]])
Split layers:
Nonlinear functions:
   BoundRelu(name=/15, inputs=[/input], perturbed=True)
   BoundRelu(name=/17, inputs=[/input-3], perturbed=True)
build batch [1/1]
initial crown bounds (first 10 items): [16.402053833007812, 17.078536987304688, 10.647900581359863, 17.53632926940918, 11.02403450012207, 9.94062328338623, 12.541361808776855, 15.503768920898438, 17.028118133544922, 17.206295013427734]
Global lower bound: 9.257827758789062
verified with init bound!
Result: safe-incomplete in 0.1749 seconds

 %%%%%%%%%%%%%%%%%%%%%%%%%%%%%%%%%%% idx: 2, vnnlib ID: 2 %%%%%%%%%%%%%%%%%%%%%%%%%%%%%%%%%%%
Using onnx models/emnist_fc.onnx
Using vnnlib specs/sample_0002_a.vnnlib
784 inputs and 26 outputs in vnnlib
Loading onnx /home/master2/Desktop/saehee/XAI/Assignment_04/emnist_abcrown/models/emnist_fc.onnx with quirks {}
Finished onnx model loading in 0.0027 seconds
Finished vnnlib processing in 0.000357 seconds
Attack parameters: initialization=uniform, steps=100, restarts=5, alpha=0.002500012516975403, GAMA=False
PGD attack margin (first 2 examples and 10 specs):
 tensor([[21.46011162, 10.20194817, 15.22231007, 14.69301414, 21.87461472,
          5.68758965, 23.09806633, 17.70734596, 16.29294395, 20.97421074]])
Total number of violation:  0
Processing batch 1/1...
PGD attack margin (first 2 examples and 10 specs):
 tensor([[20.47878647,  9.67313004, 14.54928684, 13.85686779, 20.92614174,
          5.00882864, 22.16012383, 17.02413940, 15.58078575, 19.72470856]])
Total number of violation:  0
Attack finished in 0.1075 seconds.
PGD attack failed
verified_status unknown
verified_success False
Model: BoundedModule(
  (/0): BoundInput(name=/0, inputs=[], perturbed=True)
  (/7): BoundParams(name=/7, inputs=[], perturbed=False)
  (/8): BoundParams(name=/8, inputs=[], perturbed=False)
  (/9): BoundParams(name=/9, inputs=[], perturbed=False)
  (/10): BoundParams(name=/10, inputs=[], perturbed=False)
  (/11): BoundParams(name=/11, inputs=[], perturbed=False)
  (/12): BoundParams(name=/12, inputs=[], perturbed=False)
  (/13): BoundFlatten(name=/13, inputs=[/0], perturbed=True)
  (/input): BoundLinear(name=/input, inputs=[/13, /7, /8], perturbed=True)
  (/15): BoundRelu(name=/15, inputs=[/input], perturbed=True)
  (/input-3): BoundLinear(name=/input-3, inputs=[/15, /9, /10], perturbed=True)
  (/17): BoundRelu(name=/17, inputs=[/input-3], perturbed=True)
  (/18): BoundLinear(name=/18, inputs=[/17, /11, /12], perturbed=True)
)
Original output in the first batch: tensor([[ 11.97981071,  -9.36667061,   1.76626813,  -3.16860557,  -2.65277314,
          -9.82063389,   6.33961248, -11.12174129,  -5.74409008,  -4.25134039,
          -8.96262074,  -8.73542881,  -6.96262407,  -3.55032325,   4.21840143,
          -4.08784676,   8.02593231, -10.92487907,  -1.23367202, -14.19601059,
          -1.55837095,  -8.35603809,  -5.58553696, -10.74411297,  -2.78394198,
          -6.19669247]])
Split layers:
Nonlinear functions:
   BoundRelu(name=/15, inputs=[/input], perturbed=True)
   BoundRelu(name=/17, inputs=[/input-3], perturbed=True)
build batch [1/1]
initial crown bounds (first 10 items): [20.304237365722656, 9.55461311340332, 14.31924057006836, 13.702266693115234, 20.8333683013916, 4.882534027099609, 21.941631317138672, 16.894071578979492, 15.403390884399414, 19.470325469970703]
Global lower bound: 3.0294127464294434
verified with init bound!
Result: safe-incomplete in 0.1633 seconds

 %%%%%%%%%%%%%%%%%%%%%%%%%%%%%%%%%%% idx: 3, vnnlib ID: 3 %%%%%%%%%%%%%%%%%%%%%%%%%%%%%%%%%%%
Using onnx models/emnist_fc.onnx
Using vnnlib specs/sample_0003_a.vnnlib
784 inputs and 26 outputs in vnnlib
Loading onnx /home/master2/Desktop/saehee/XAI/Assignment_04/emnist_abcrown/models/emnist_fc.onnx with quirks {}
Finished onnx model loading in 0.0057 seconds
Finished vnnlib processing in 0.000340 seconds
Attack parameters: initialization=uniform, steps=100, restarts=5, alpha=0.0025000013411045074, GAMA=False
PGD attack margin (first 2 examples and 10 specs):
 tensor([[16.58885956, 11.57578278, 10.26512814, 19.31154251, 23.86534119,
          4.74606657, 19.81225967, 13.11223030,  9.60824871, 24.35247421]])
Total number of violation:  1
Clean input adversarial, attack skipped.

Checking and Saving Counterexample in check_and_save_cex

verified_status unsafe-pgd
verified_success True
Result: unsafe-pgd in 0.0351 seconds

 %%%%%%%%%%%%%%%%%%%%%%%%%%%%%%%%%%% idx: 4, vnnlib ID: 4 %%%%%%%%%%%%%%%%%%%%%%%%%%%%%%%%%%%
Using onnx models/emnist_fc.onnx
Using vnnlib specs/sample_0004_a.vnnlib
784 inputs and 26 outputs in vnnlib
Loading onnx /home/master2/Desktop/saehee/XAI/Assignment_04/emnist_abcrown/models/emnist_fc.onnx with quirks {}
Finished onnx model loading in 0.0024 seconds
Finished vnnlib processing in 0.000331 seconds
Attack parameters: initialization=uniform, steps=100, restarts=5, alpha=0.0025000013411045074, GAMA=False
PGD attack margin (first 2 examples and 10 specs):
 tensor([[ 5.84461498, 14.68278027, 12.65339565, 15.24428749, 10.32982731,
          5.43600035,  6.05157948, 15.58971596, 12.67167854,  9.91337967]])
Total number of violation:  0
Processing batch 1/1...
PGD attack margin (first 2 examples and 10 specs):
 tensor([[ 4.92878532, 14.01737022, 11.99619865, 14.48989677,  9.46499634,
          4.80805779,  5.25631094, 14.94086075, 11.87148762,  8.91384506]])
Total number of violation:  0
Attack finished in 0.1131 seconds.
PGD attack failed
verified_status unknown
verified_success False
Model: BoundedModule(
  (/0): BoundInput(name=/0, inputs=[], perturbed=True)
  (/7): BoundParams(name=/7, inputs=[], perturbed=False)
  (/8): BoundParams(name=/8, inputs=[], perturbed=False)
  (/9): BoundParams(name=/9, inputs=[], perturbed=False)
  (/10): BoundParams(name=/10, inputs=[], perturbed=False)
  (/11): BoundParams(name=/11, inputs=[], perturbed=False)
  (/12): BoundParams(name=/12, inputs=[], perturbed=False)
  (/13): BoundFlatten(name=/13, inputs=[/0], perturbed=True)
  (/input): BoundLinear(name=/input, inputs=[/13, /7, /8], perturbed=True)
  (/15): BoundRelu(name=/15, inputs=[/input], perturbed=True)
  (/input-3): BoundLinear(name=/input-3, inputs=[/15, /9, /10], perturbed=True)
  (/17): BoundRelu(name=/17, inputs=[/input-3], perturbed=True)
  (/18): BoundLinear(name=/18, inputs=[/17, /11, /12], perturbed=True)
)
Original output in the first batch: tensor([[  6.75384235,   0.94074130,  -7.95618010,  -5.94089270,  -8.49104023,
          -3.58988595,   1.31338406,   0.66506881,  -8.82912731,  -5.90308285,
          -3.14754581,  -0.74853301, -12.25665283,  -1.73894334, -11.77890015,
          -3.21342492,  -3.00288272,   1.10213947,  -9.38574696,  -9.36524391,
          -2.90017533,  -9.92320442,  -7.52147770,  -7.11444950,  -3.63500285,
          -8.10519886]])
Split layers:
Nonlinear functions:
   BoundRelu(name=/15, inputs=[/input], perturbed=True)
   BoundRelu(name=/17, inputs=[/input-3], perturbed=True)
build batch [1/1]
initial crown bounds (first 10 items): [4.7509307861328125, 13.854043006896973, 11.843780517578125, 14.312821388244629, 9.275933265686035, 4.6267194747924805, 4.990143775939941, 14.701408386230469, 11.657057762145996, 8.643866539001465]
Global lower bound: 4.560670375823975
verified with init bound!
Result: safe-incomplete in 0.1665 seconds

 %%%%%%%%%%%%%%%%%%%%%%%%%%%%%%%%%%% idx: 5, vnnlib ID: 5 %%%%%%%%%%%%%%%%%%%%%%%%%%%%%%%%%%%
Using onnx models/emnist_fc.onnx
Using vnnlib specs/sample_0005_a.vnnlib
784 inputs and 26 outputs in vnnlib
Loading onnx /home/master2/Desktop/saehee/XAI/Assignment_04/emnist_abcrown/models/emnist_fc.onnx with quirks {}
Finished onnx model loading in 0.0026 seconds
Finished vnnlib processing in 0.000356 seconds
Attack parameters: initialization=uniform, steps=100, restarts=5, alpha=0.0025000013411045074, GAMA=False
PGD attack margin (first 2 examples and 10 specs):
 tensor([[16.61380959, 25.91972923, 19.04623413, 20.73702621, 18.12621880,
         11.29676247, 13.67220211, 28.25561142, 23.69808960, 21.17440033]])
Total number of violation:  0
Processing batch 1/1...
PGD attack margin (first 2 examples and 10 specs):
 tensor([[15.96001244, 25.16380692, 18.47865295, 20.18234253, 17.51514626,
         10.75743866, 13.22438908, 27.66847038, 23.09133720, 20.51211166]])
Total number of violation:  0
Attack finished in 0.1161 seconds.
PGD attack failed
verified_status unknown
verified_success False
Model: BoundedModule(
  (/0): BoundInput(name=/0, inputs=[], perturbed=True)
  (/7): BoundParams(name=/7, inputs=[], perturbed=False)
  (/8): BoundParams(name=/8, inputs=[], perturbed=False)
  (/9): BoundParams(name=/9, inputs=[], perturbed=False)
  (/10): BoundParams(name=/10, inputs=[], perturbed=False)
  (/11): BoundParams(name=/11, inputs=[], perturbed=False)
  (/12): BoundParams(name=/12, inputs=[], perturbed=False)
  (/13): BoundFlatten(name=/13, inputs=[/0], perturbed=True)
  (/input): BoundLinear(name=/input, inputs=[/13, /7, /8], perturbed=True)
  (/15): BoundRelu(name=/15, inputs=[/input], perturbed=True)
  (/input-3): BoundLinear(name=/input-3, inputs=[/15, /9, /10], perturbed=True)
  (/17): BoundRelu(name=/17, inputs=[/input-3], perturbed=True)
  (/18): BoundLinear(name=/18, inputs=[/17, /11, /12], perturbed=True)
)
Original output in the first batch: tensor([[ 13.89472294,  -2.76034927, -12.12699986,  -5.21879578,  -6.90359783,
          -4.29102325,   2.50639772,   0.20794708, -14.46663761,  -9.88901901,
          -7.39024925,  -8.81950283,  -1.44705570,  -1.98771977,  -9.84652710,
          -0.46676150,  -1.63236594,   0.28506744,  -7.01176691, -10.41034698,
          -9.68930340, -16.94974899,  -7.98421049,  -6.11077356,  -8.11789894,
          -5.01247740]])
Split layers:
Nonlinear functions:
   BoundRelu(name=/15, inputs=[/input], perturbed=True)
   BoundRelu(name=/17, inputs=[/input-3], perturbed=True)
build batch [1/1]
initial crown bounds (first 10 items): [15.87870979309082, 25.04646110534668, 18.39224624633789, 20.11473274230957, 17.44173240661621, 10.63660717010498, 13.188837051391602, 27.580368041992188, 22.982343673706055, 20.38140106201172]
Global lower bound: 10.63660717010498
verified with init bound!
Result: safe-incomplete in 0.2292 seconds

 %%%%%%%%%%%%%%%%%%%%%%%%%%%%%%%%%%% idx: 6, vnnlib ID: 6 %%%%%%%%%%%%%%%%%%%%%%%%%%%%%%%%%%%
Using onnx models/emnist_fc.onnx
Using vnnlib specs/sample_0006_a.vnnlib
784 inputs and 26 outputs in vnnlib
Loading onnx /home/master2/Desktop/saehee/XAI/Assignment_04/emnist_abcrown/models/emnist_fc.onnx with quirks {}
Finished onnx model loading in 0.0026 seconds
Finished vnnlib processing in 0.000332 seconds
Attack parameters: initialization=uniform, steps=100, restarts=5, alpha=0.002500012516975403, GAMA=False
PGD attack margin (first 2 examples and 10 specs):
 tensor([[16.75224686,  9.33043480, 10.37386513, 10.78493118, 22.57355309,
         10.52876663, 20.45865250, 13.38542938, 11.55190372, 19.70552635]])
Total number of violation:  0
Processing batch 1/1...
PGD attack margin (first 2 examples and 10 specs):
 tensor([[15.46163464,  8.68713856,  9.68113041, 10.13498688, 21.66787720,
          9.80359840, 19.40152359, 12.93786240, 10.94577789, 18.37996292]])
Total number of violation:  0
Attack finished in 0.1112 seconds.
PGD attack failed
verified_status unknown
verified_success False
Model: BoundedModule(
  (/0): BoundInput(name=/0, inputs=[], perturbed=True)
  (/7): BoundParams(name=/7, inputs=[], perturbed=False)
  (/8): BoundParams(name=/8, inputs=[], perturbed=False)
  (/9): BoundParams(name=/9, inputs=[], perturbed=False)
  (/10): BoundParams(name=/10, inputs=[], perturbed=False)
  (/11): BoundParams(name=/11, inputs=[], perturbed=False)
  (/12): BoundParams(name=/12, inputs=[], perturbed=False)
  (/13): BoundFlatten(name=/13, inputs=[/0], perturbed=True)
  (/input): BoundLinear(name=/input, inputs=[/13, /7, /8], perturbed=True)
  (/15): BoundRelu(name=/15, inputs=[/input], perturbed=True)
  (/input-3): BoundLinear(name=/input-3, inputs=[/15, /9, /10], perturbed=True)
  (/17): BoundRelu(name=/17, inputs=[/input-3], perturbed=True)
  (/18): BoundLinear(name=/18, inputs=[/17, /11, /12], perturbed=True)
)
Original output in the first batch: tensor([[  9.08452415,  -7.69021940,  -0.30611980,  -1.36029577,  -1.83538437,
         -13.54884624,  -1.42018318, -11.45412540,  -4.39370823,  -2.45867896,
         -10.79488659,  -3.78173733,  -9.81793118,  -2.95693350,  -0.17154396,
          -8.88578701,   0.71071672,  -1.84354222,  -8.67591953, -11.34193230,
           0.31537837,  -7.20546818, -10.07135868,  -8.92279625,  -5.39726734,
          -2.80747342]])
Split layers:
Nonlinear functions:
   BoundRelu(name=/15, inputs=[/input], perturbed=True)
   BoundRelu(name=/17, inputs=[/input-3], perturbed=True)
build batch [1/1]
initial crown bounds (first 10 items): [15.375565528869629, 8.617554664611816, 9.60411548614502, 10.060559272766113, 21.573389053344727, 9.718377113342285, 19.33696174621582, 12.847556114196777, 10.916762351989746, 18.224411010742188]
Global lower bound: 7.3568572998046875
verified with init bound!
Result: safe-incomplete in 0.1623 seconds

 %%%%%%%%%%%%%%%%%%%%%%%%%%%%%%%%%%% idx: 7, vnnlib ID: 7 %%%%%%%%%%%%%%%%%%%%%%%%%%%%%%%%%%%
Using onnx models/emnist_fc.onnx
Using vnnlib specs/sample_0007_a.vnnlib
784 inputs and 26 outputs in vnnlib
Loading onnx /home/master2/Desktop/saehee/XAI/Assignment_04/emnist_abcrown/models/emnist_fc.onnx with quirks {}
Finished onnx model loading in 0.0026 seconds
Finished vnnlib processing in 0.000341 seconds
Attack parameters: initialization=uniform, steps=100, restarts=5, alpha=0.0025000013411045074, GAMA=False
PGD attack margin (first 2 examples and 10 specs):
 tensor([[24.03726959, 16.94416618, 18.86460114, 19.18594551, 26.63779449,
         11.03010178, 20.27377701, 17.37213707, 16.27727890, 25.53588104]])
Total number of violation:  0
Processing batch 1/1...
PGD attack margin (first 2 examples and 10 specs):
 tensor([[22.78914642, 16.25611687, 18.09000206, 18.42831802, 25.66335106,
         10.44262981, 19.39244843, 16.73456573, 15.64687443, 24.28379059]])
Total number of violation:  0
Attack finished in 0.1196 seconds.
PGD attack failed
verified_status unknown
verified_success False
Model: BoundedModule(
  (/0): BoundInput(name=/0, inputs=[], perturbed=True)
  (/7): BoundParams(name=/7, inputs=[], perturbed=False)
  (/8): BoundParams(name=/8, inputs=[], perturbed=False)
  (/9): BoundParams(name=/9, inputs=[], perturbed=False)
  (/10): BoundParams(name=/10, inputs=[], perturbed=False)
  (/11): BoundParams(name=/11, inputs=[], perturbed=False)
  (/12): BoundParams(name=/12, inputs=[], perturbed=False)
  (/13): BoundFlatten(name=/13, inputs=[/0], perturbed=True)
  (/input): BoundLinear(name=/input, inputs=[/13, /7, /8], perturbed=True)
  (/15): BoundRelu(name=/15, inputs=[/input], perturbed=True)
  (/input-3): BoundLinear(name=/input-3, inputs=[/15, /9, /10], perturbed=True)
  (/17): BoundRelu(name=/17, inputs=[/input-3], perturbed=True)
  (/18): BoundLinear(name=/18, inputs=[/17, /11, /12], perturbed=True)
)
Original output in the first batch: tensor([[ 12.16054726, -11.76301765,  -4.80806589,  -6.64383745,  -7.05270338,
         -14.41193962,   1.17453015,  -8.09090996,  -5.22713709,  -4.06956053,
         -13.37811089,  -1.83063114,  -8.89716339,   1.65889406,  -7.77715302,
          -7.25786114,   0.57037514,  -0.30492097,  -6.50859404, -14.90088367,
          -2.60342717,  -9.52409840,  -9.05314827,  -4.77393627,   0.59115905,
          -3.43790889]])
Split layers:
Nonlinear functions:
   BoundRelu(name=/15, inputs=[/input], perturbed=True)
   BoundRelu(name=/17, inputs=[/input-3], perturbed=True)
build batch [1/1]
initial crown bounds (first 10 items): [22.609487533569336, 16.083250045776367, 17.99190902709961, 18.274017333984375, 25.406042098999023, 10.228819847106934, 19.259681701660156, 16.538488388061523, 15.507555961608887, 24.05319595336914]
Global lower bound: 9.496515274047852
verified with init bound!
Result: safe-incomplete in 0.1701 seconds

 %%%%%%%%%%%%%%%%%%%%%%%%%%%%%%%%%%% idx: 8, vnnlib ID: 8 %%%%%%%%%%%%%%%%%%%%%%%%%%%%%%%%%%%
Using onnx models/emnist_fc.onnx
Using vnnlib specs/sample_0008_a.vnnlib
784 inputs and 26 outputs in vnnlib
Loading onnx /home/master2/Desktop/saehee/XAI/Assignment_04/emnist_abcrown/models/emnist_fc.onnx with quirks {}
Finished onnx model loading in 0.0026 seconds
Finished vnnlib processing in 0.000339 seconds
Attack parameters: initialization=uniform, steps=100, restarts=5, alpha=0.0025000013411045074, GAMA=False
PGD attack margin (first 2 examples and 10 specs):
 tensor([[17.51934814,  9.25547314, 11.63123322,  8.08645058, 17.96539307,
          6.27466393, 17.47373962, 18.15345001, 14.87082672, 18.85730743]])
Total number of violation:  0
Processing batch 1/1...
PGD attack margin (first 2 examples and 10 specs):
 tensor([[16.40600204,  8.58939171, 11.10107231,  7.23122120, 17.03250122,
          5.63922119, 16.59200287, 17.54381561, 14.22660065, 17.72570801]])
Total number of violation:  0
Attack finished in 0.1114 seconds.
PGD attack failed
verified_status unknown
verified_success False
Model: BoundedModule(
  (/0): BoundInput(name=/0, inputs=[], perturbed=True)
  (/7): BoundParams(name=/7, inputs=[], perturbed=False)
  (/8): BoundParams(name=/8, inputs=[], perturbed=False)
  (/9): BoundParams(name=/9, inputs=[], perturbed=False)
  (/10): BoundParams(name=/10, inputs=[], perturbed=False)
  (/11): BoundParams(name=/11, inputs=[], perturbed=False)
  (/12): BoundParams(name=/12, inputs=[], perturbed=False)
  (/13): BoundFlatten(name=/13, inputs=[/0], perturbed=True)
  (/input): BoundLinear(name=/input, inputs=[/13, /7, /8], perturbed=True)
  (/15): BoundRelu(name=/15, inputs=[/input], perturbed=True)
  (/input-3): BoundLinear(name=/input-3, inputs=[/15, /9, /10], perturbed=True)
  (/17): BoundRelu(name=/17, inputs=[/input-3], perturbed=True)
  (/18): BoundLinear(name=/18, inputs=[/17, /11, /12], perturbed=True)
)
Original output in the first batch: tensor([[  8.46389580,  -9.01934338,  -0.80998266,  -3.19365001,   0.30238125,
          -9.51619816,   2.19202089,  -9.05161953,  -9.70752621,  -6.41504097,
         -10.36929512,  -5.46605301, -13.01150227,  -5.02893543,  -0.31861877,
          -8.91217709,   6.81193924,  -2.29153156,  -3.48381066, -12.93514442,
          -2.44086957, -12.16390324,  -5.40967321, -10.37516022,  -4.20572472,
         -10.98293495]])
Split layers:
Nonlinear functions:
   BoundRelu(name=/15, inputs=[/input], perturbed=True)
   BoundRelu(name=/17, inputs=[/input-3], perturbed=True)
build batch [1/1]
initial crown bounds (first 10 items): [16.185733795166016, 8.41879940032959, 10.994446754455566, 7.116587162017822, 16.681941986083984, 5.5088090896606445, 16.267780303955078, 17.355730056762695, 14.099539756774902, 17.536449432373047]
Global lower bound: 0.7249267101287842
verified with init bound!
Result: safe-incomplete in 0.1635 seconds

 %%%%%%%%%%%%%%%%%%%%%%%%%%%%%%%%%%% idx: 9, vnnlib ID: 9 %%%%%%%%%%%%%%%%%%%%%%%%%%%%%%%%%%%
Using onnx models/emnist_fc.onnx
Using vnnlib specs/sample_0009_a.vnnlib
784 inputs and 26 outputs in vnnlib
Loading onnx /home/master2/Desktop/saehee/XAI/Assignment_04/emnist_abcrown/models/emnist_fc.onnx with quirks {}
Finished onnx model loading in 0.0029 seconds
Finished vnnlib processing in 0.000365 seconds
Attack parameters: initialization=uniform, steps=100, restarts=5, alpha=0.0025000013411045074, GAMA=False
PGD attack margin (first 2 examples and 10 specs):
 tensor([[ 7.00518799, 23.17338753, 15.12521744, 20.94419861, 18.87554932,
          8.73945427,  7.72666883, 20.94797325, 19.89646149, 13.06498909]])
Total number of violation:  0
Processing batch 1/1...
PGD attack margin (first 2 examples and 10 specs):
 tensor([[ 6.22631264, 22.43449402, 14.39086342, 20.19182205, 18.07519722,
          8.07530403,  7.03432846, 20.24666977, 19.07651520, 12.27623367]])
Total number of violation:  0
Attack finished in 0.1069 seconds.
PGD attack failed
verified_status unknown
verified_success False
Model: BoundedModule(
  (/0): BoundInput(name=/0, inputs=[], perturbed=True)
  (/7): BoundParams(name=/7, inputs=[], perturbed=False)
  (/8): BoundParams(name=/8, inputs=[], perturbed=False)
  (/9): BoundParams(name=/9, inputs=[], perturbed=False)
  (/10): BoundParams(name=/10, inputs=[], perturbed=False)
  (/11): BoundParams(name=/11, inputs=[], perturbed=False)
  (/12): BoundParams(name=/12, inputs=[], perturbed=False)
  (/13): BoundFlatten(name=/13, inputs=[/0], perturbed=True)
  (/input): BoundLinear(name=/input, inputs=[/13, /7, /8], perturbed=True)
  (/15): BoundRelu(name=/15, inputs=[/input], perturbed=True)
  (/input-3): BoundLinear(name=/input-3, inputs=[/15, /9, /10], perturbed=True)
  (/17): BoundRelu(name=/17, inputs=[/input-3], perturbed=True)
  (/18): BoundLinear(name=/18, inputs=[/17, /11, /12], perturbed=True)
)
Original output in the first batch: tensor([[  9.78544044,   2.80513668, -13.40984154,  -5.33021307, -11.15908527,
          -9.10830021,   1.07058883,   2.09177685, -11.11067104, -10.06660175,
          -3.31524515,  -2.25080633,  -2.81207061,  -3.54100776, -13.34666443,
          -7.02559948,  -3.12524271,   2.16064358, -11.88490772,  -6.84327412,
          -7.26748943, -14.46563816,  -8.09132576,  -5.63621378,  -7.73710537,
          -6.85709906]])
Split layers:
Nonlinear functions:
   BoundRelu(name=/15, inputs=[/input], perturbed=True)
   BoundRelu(name=/17, inputs=[/input-3], perturbed=True)
build batch [1/1]
initial crown bounds (first 10 items): [6.1255784034729, 22.292255401611328, 14.235457420349121, 20.041481018066406, 17.909088134765625, 7.947471618652344, 6.959647178649902, 20.081588745117188, 18.95548439025879, 12.094198226928711]
Global lower bound: 6.1255784034729
verified with init bound!
Result: safe-incomplete in 0.1602 seconds

 %%%%%%%%%%%%%%%%%%%%%%%%%%%%%%%%%%% idx: 10, vnnlib ID: 10 %%%%%%%%%%%%%%%%%%%%%%%%%%%%%%%%%%%
Using onnx models/emnist_fc.onnx
Using vnnlib specs/sample_0800_b.vnnlib
Precompiled vnnlib file found at /home/master2/Desktop/saehee/XAI/Assignment_04/emnist_abcrown/specs/sample_0800_b.vnnlib.compiled
Loading onnx /home/master2/Desktop/saehee/XAI/Assignment_04/emnist_abcrown/models/emnist_fc.onnx with quirks {}
Finished onnx model loading in 0.0027 seconds
Finished vnnlib processing in 0.000328 seconds
Attack parameters: initialization=uniform, steps=100, restarts=5, alpha=0.0025000013411045074, GAMA=False
PGD attack margin (first 2 examples and 10 specs):
 tensor([[21.72536469, 17.87996292, 15.50326538, 16.88876724, 18.43601227,
         16.27595139, 12.34999275, 16.13744164, 15.96765518, 16.32239914]])
Total number of violation:  0
Processing batch 1/1...
PGD attack margin (first 2 examples and 10 specs):
 tensor([[20.58724213, 16.93891144, 14.46688461, 15.92131519, 17.16165161,
         15.03957939, 11.51392460, 15.13854790, 14.93780994, 15.26093578]])
Total number of violation:  0
Attack finished in 0.1086 seconds.
PGD attack failed
verified_status unknown
verified_success False
Model: BoundedModule(
  (/0): BoundInput(name=/0, inputs=[], perturbed=True)
  (/7): BoundParams(name=/7, inputs=[], perturbed=False)
  (/8): BoundParams(name=/8, inputs=[], perturbed=False)
  (/9): BoundParams(name=/9, inputs=[], perturbed=False)
  (/10): BoundParams(name=/10, inputs=[], perturbed=False)
  (/11): BoundParams(name=/11, inputs=[], perturbed=False)
  (/12): BoundParams(name=/12, inputs=[], perturbed=False)
  (/13): BoundFlatten(name=/13, inputs=[/0], perturbed=True)
  (/input): BoundLinear(name=/input, inputs=[/13, /7, /8], perturbed=True)
  (/15): BoundRelu(name=/15, inputs=[/input], perturbed=True)
  (/input-3): BoundLinear(name=/input-3, inputs=[/15, /9, /10], perturbed=True)
  (/17): BoundRelu(name=/17, inputs=[/input-3], perturbed=True)
  (/18): BoundLinear(name=/18, inputs=[/17, /11, /12], perturbed=True)
)
Original output in the first batch: tensor([[ -7.81827021,  13.79234123,  -4.06022549,  -1.65915465,  -3.01417613,
          -4.47223186,  -2.31505013,   1.48208094,  -2.21264434,  -2.03880572,
          -2.47210121,   0.80004436, -18.98803329, -12.72464275,  -9.60819244,
         -16.49904060,  -3.46461201,  -9.05368328,  -5.95486879,  -0.35468003,
          -7.24877882, -17.85682678,  -5.45970201,  -7.93689966,  -8.04868984,
          -4.43913841]])
Split layers:
Nonlinear functions:
   BoundRelu(name=/15, inputs=[/input], perturbed=True)
   BoundRelu(name=/17, inputs=[/input-3], perturbed=True)
build batch [1/1]
initial crown bounds (first 10 items): [20.410179138183594, 16.797548294067383, 14.336761474609375, 15.759528160095215, 16.953369140625, 14.84156608581543, 11.304154396057129, 14.9712495803833, 14.73633861541748, 15.1046724319458]
Global lower bound: 11.304154396057129
verified with init bound!
Result: safe-incomplete in 0.1394 seconds

 %%%%%%%%%%%%%%%%%%%%%%%%%%%%%%%%%%% idx: 11, vnnlib ID: 11 %%%%%%%%%%%%%%%%%%%%%%%%%%%%%%%%%%%
Using onnx models/emnist_fc.onnx
Using vnnlib specs/sample_0801_b.vnnlib
784 inputs and 26 outputs in vnnlib
Loading onnx /home/master2/Desktop/saehee/XAI/Assignment_04/emnist_abcrown/models/emnist_fc.onnx with quirks {}
Finished onnx model loading in 0.0027 seconds
Finished vnnlib processing in 0.000335 seconds
Attack parameters: initialization=uniform, steps=100, restarts=5, alpha=0.002500012516975403, GAMA=False
PGD attack margin (first 2 examples and 10 specs):
 tensor([[23.24225807, 32.31057739, 21.41533470, 19.89576340, 31.13708496,
         22.50216675, 29.13280869, 45.38176727, 43.40972900, 31.01005554]])
Total number of violation:  0
Processing batch 1/1...
PGD attack margin (first 2 examples and 10 specs):
 tensor([[22.75630188, 31.47143555, 20.78702545, 19.12253952, 30.29162788,
         21.70809174, 28.53417397, 44.33029175, 42.36572647, 30.21253777]])
Total number of violation:  0
Attack finished in 0.1303 seconds.
PGD attack failed
verified_status unknown
verified_success False
Model: BoundedModule(
  (/0): BoundInput(name=/0, inputs=[], perturbed=True)
  (/7): BoundParams(name=/7, inputs=[], perturbed=False)
  (/8): BoundParams(name=/8, inputs=[], perturbed=False)
  (/9): BoundParams(name=/9, inputs=[], perturbed=False)
  (/10): BoundParams(name=/10, inputs=[], perturbed=False)
  (/11): BoundParams(name=/11, inputs=[], perturbed=False)
  (/12): BoundParams(name=/12, inputs=[], perturbed=False)
  (/13): BoundFlatten(name=/13, inputs=[/0], perturbed=True)
  (/input): BoundLinear(name=/input, inputs=[/13, /7, /8], perturbed=True)
  (/15): BoundRelu(name=/15, inputs=[/input], perturbed=True)
  (/input-3): BoundLinear(name=/input-3, inputs=[/15, /9, /10], perturbed=True)
  (/17): BoundRelu(name=/17, inputs=[/input-3], perturbed=True)
  (/18): BoundLinear(name=/18, inputs=[/17, /11, /12], perturbed=True)
)
Original output in the first batch: tensor([[  0.45779622,  23.74100876,  -8.53540993,   2.25621247,   3.88541389,
          -7.40670872,   1.25196648,  -5.46340942, -21.59133720, -19.65446091,
          -7.29862261, -10.63536739, -16.96706009, -16.10814476,  -5.92855978,
          -6.85253525,  -1.65571809,  -1.90174818,   1.06617999, -11.67263794,
          -8.70639038, -24.93453026, -10.99953461, -15.60579872,  -7.42469215,
          -1.50625563]])
Split layers:
Nonlinear functions:
   BoundRelu(name=/15, inputs=[/input], perturbed=True)
   BoundRelu(name=/17, inputs=[/input-3], perturbed=True)
build batch [1/1]
initial crown bounds (first 10 items): [22.648372650146484, 31.272937774658203, 20.669841766357422, 18.91060447692871, 30.141515731811523, 21.63768768310547, 28.474151611328125, 44.13375473022461, 42.248329162597656, 30.05135726928711]
Global lower bound: 18.91060447692871
verified with init bound!
Result: safe-incomplete in 0.2419 seconds

 %%%%%%%%%%%%%%%%%%%%%%%%%%%%%%%%%%% idx: 12, vnnlib ID: 12 %%%%%%%%%%%%%%%%%%%%%%%%%%%%%%%%%%%
Using onnx models/emnist_fc.onnx
Using vnnlib specs/sample_0802_b.vnnlib
784 inputs and 26 outputs in vnnlib
Loading onnx /home/master2/Desktop/saehee/XAI/Assignment_04/emnist_abcrown/models/emnist_fc.onnx with quirks {}
Finished onnx model loading in 0.0026 seconds
Finished vnnlib processing in 0.000355 seconds
Attack parameters: initialization=uniform, steps=100, restarts=5, alpha=0.002500012516975403, GAMA=False
PGD attack margin (first 2 examples and 10 specs):
 tensor([[16.88364410, 15.98862553, 18.26607132,  6.45608521,  6.50176907,
          6.70846653, 18.65680122, 22.27761650, 16.67976952, 14.92247009]])
Total number of violation:  0
Processing batch 1/1...
PGD attack margin (first 2 examples and 10 specs):
 tensor([[16.14636230, 15.15469551, 17.44279480,  5.63876247,  5.54883623,
          5.78188276, 17.87223816, 21.15227890, 15.71040630, 13.99784279]])
Total number of violation:  0
Attack finished in 0.1053 seconds.
PGD attack failed
verified_status unknown
verified_success False
Model: BoundedModule(
  (/0): BoundInput(name=/0, inputs=[], perturbed=True)
  (/7): BoundParams(name=/7, inputs=[], perturbed=False)
  (/8): BoundParams(name=/8, inputs=[], perturbed=False)
  (/9): BoundParams(name=/9, inputs=[], perturbed=False)
  (/10): BoundParams(name=/10, inputs=[], perturbed=False)
  (/11): BoundParams(name=/11, inputs=[], perturbed=False)
  (/12): BoundParams(name=/12, inputs=[], perturbed=False)
  (/13): BoundFlatten(name=/13, inputs=[/0], perturbed=True)
  (/input): BoundLinear(name=/input, inputs=[/13, /7, /8], perturbed=True)
  (/15): BoundRelu(name=/15, inputs=[/input], perturbed=True)
  (/input-3): BoundLinear(name=/input-3, inputs=[/15, /9, /10], perturbed=True)
  (/17): BoundRelu(name=/17, inputs=[/input-3], perturbed=True)
  (/18): BoundLinear(name=/18, inputs=[/17, /11, /12], perturbed=True)
)
Original output in the first batch: tensor([[ -6.62375832,  10.24900436,  -5.80597401,  -7.85221910,   3.77255082,
           3.62122011,   3.49279189,  -8.45229149, -11.90897369,  -6.43870878,
          -4.60901022,  -8.61256218, -17.34049606, -19.82154655,  -6.09311676,
           7.32657051,   2.54755449,  -2.84774995,  -3.15825248,  -3.42864680,
         -16.12395668, -16.98793602,  -7.05417013, -11.93792248,  -6.57588673,
          -4.01445436]])
Split layers:
Nonlinear functions:
   BoundRelu(name=/15, inputs=[/input], perturbed=True)
   BoundRelu(name=/17, inputs=[/input-3], perturbed=True)
build batch [1/1]
initial crown bounds (first 10 items): [15.9373197555542, 14.910426139831543, 17.337528228759766, 5.538619041442871, 5.342061519622803, 5.535539150238037, 17.66240882873535, 20.91851043701172, 15.507113456726074, 13.84871768951416]
Global lower bound: 1.4662953615188599
verified with init bound!
Result: safe-incomplete in 0.1580 seconds

 %%%%%%%%%%%%%%%%%%%%%%%%%%%%%%%%%%% idx: 13, vnnlib ID: 13 %%%%%%%%%%%%%%%%%%%%%%%%%%%%%%%%%%%
Using onnx models/emnist_fc.onnx
Using vnnlib specs/sample_0803_b.vnnlib
784 inputs and 26 outputs in vnnlib
Loading onnx /home/master2/Desktop/saehee/XAI/Assignment_04/emnist_abcrown/models/emnist_fc.onnx with quirks {}
Finished onnx model loading in 0.0027 seconds
Finished vnnlib processing in 0.000335 seconds
Attack parameters: initialization=uniform, steps=100, restarts=5, alpha=0.0025000013411045074, GAMA=False
PGD attack margin (first 2 examples and 10 specs):
 tensor([[10.07879448, 24.50819397, 17.38261795, 20.11912918, 16.18177605,
          5.73071575,  9.68874359, 27.38781548, 21.37154770, 16.38550377]])
Total number of violation:  0
Processing batch 1/1...
PGD attack margin (first 2 examples and 10 specs):
 tensor([[ 9.23130703, 23.79179382, 16.58811951, 19.48081970, 15.48742771,
          4.86104822,  8.92844963, 26.60482788, 20.53436279, 15.73346424]])
Total number of violation:  0
Attack finished in 0.1071 seconds.
PGD attack failed
verified_status unknown
verified_success False
Model: BoundedModule(
  (/0): BoundInput(name=/0, inputs=[], perturbed=True)
  (/7): BoundParams(name=/7, inputs=[], perturbed=False)
  (/8): BoundParams(name=/8, inputs=[], perturbed=False)
  (/9): BoundParams(name=/9, inputs=[], perturbed=False)
  (/10): BoundParams(name=/10, inputs=[], perturbed=False)
  (/11): BoundParams(name=/11, inputs=[], perturbed=False)
  (/12): BoundParams(name=/12, inputs=[], perturbed=False)
  (/13): BoundFlatten(name=/13, inputs=[/0], perturbed=True)
  (/input): BoundLinear(name=/input, inputs=[/13, /7, /8], perturbed=True)
  (/15): BoundRelu(name=/15, inputs=[/input], perturbed=True)
  (/input-3): BoundLinear(name=/input-3, inputs=[/15, /9, /10], perturbed=True)
  (/17): BoundRelu(name=/17, inputs=[/input-3], perturbed=True)
  (/18): BoundLinear(name=/18, inputs=[/17, /11, /12], perturbed=True)
)
Original output in the first batch: tensor([[  1.81874061,  12.06818295, -12.50876522,  -5.40684032,  -8.12075043,
          -4.20436668,   6.22969627,   2.32447433, -15.32758999,  -9.34327698,
          -4.36369419,  -9.96212006, -10.01870632,  -7.82835054,  -8.80736160,
          -2.94261909,   1.39866495,  -0.93123001,  -4.15124655,  -7.33994293,
         -13.58450031, -20.94315338,  -5.92090750, -11.04437065,  -2.02493238,
          -2.68140602]])
Split layers:
Nonlinear functions:
   BoundRelu(name=/15, inputs=[/input], perturbed=True)
   BoundRelu(name=/17, inputs=[/input-3], perturbed=True)
build batch [1/1]
initial crown bounds (first 10 items): [9.014771461486816, 23.57473373413086, 16.450807571411133, 19.331859588623047, 15.312037467956543, 4.653807640075684, 8.748204231262207, 26.427467346191406, 20.349685668945312, 15.665366172790527]
Global lower bound: 4.653807640075684
verified with init bound!
Result: safe-incomplete in 0.1611 seconds

 %%%%%%%%%%%%%%%%%%%%%%%%%%%%%%%%%%% idx: 14, vnnlib ID: 14 %%%%%%%%%%%%%%%%%%%%%%%%%%%%%%%%%%%
Using onnx models/emnist_fc.onnx
Using vnnlib specs/sample_0804_b.vnnlib
784 inputs and 26 outputs in vnnlib
Loading onnx /home/master2/Desktop/saehee/XAI/Assignment_04/emnist_abcrown/models/emnist_fc.onnx with quirks {}
Finished onnx model loading in 0.0028 seconds
Finished vnnlib processing in 0.000350 seconds
Attack parameters: initialization=uniform, steps=100, restarts=5, alpha=0.002500012516975403, GAMA=False
PGD attack margin (first 2 examples and 10 specs):
 tensor([[21.57570648, 18.21439743, 13.95183563, 18.32025146, 19.16979599,
         16.62960052, 21.26406860, 16.83692169, 15.95946121, 16.38292503]])
Total number of violation:  0
Processing batch 1/1...
PGD attack margin (first 2 examples and 10 specs):
 tensor([[20.43386650, 17.38690948, 13.07023716, 17.28322792, 17.88127899,
         15.56070900, 20.34968758, 15.73135471, 14.82169151, 15.41608810]])
Total number of violation:  0
Attack finished in 0.1062 seconds.
PGD attack failed
verified_status unknown
verified_success False
Model: BoundedModule(
  (/0): BoundInput(name=/0, inputs=[], perturbed=True)
  (/7): BoundParams(name=/7, inputs=[], perturbed=False)
  (/8): BoundParams(name=/8, inputs=[], perturbed=False)
  (/9): BoundParams(name=/9, inputs=[], perturbed=False)
  (/10): BoundParams(name=/10, inputs=[], perturbed=False)
  (/11): BoundParams(name=/11, inputs=[], perturbed=False)
  (/12): BoundParams(name=/12, inputs=[], perturbed=False)
  (/13): BoundFlatten(name=/13, inputs=[/0], perturbed=True)
  (/input): BoundLinear(name=/input, inputs=[/13, /7, /8], perturbed=True)
  (/15): BoundRelu(name=/15, inputs=[/input], perturbed=True)
  (/input-3): BoundLinear(name=/input-3, inputs=[/15, /9, /10], perturbed=True)
  (/17): BoundRelu(name=/17, inputs=[/input-3], perturbed=True)
  (/18): BoundLinear(name=/18, inputs=[/17, /11, /12], perturbed=True)
)
Original output in the first batch: tensor([[ -7.94865274,  13.56855106,  -4.64735413,  -0.35458845,  -4.64325571,
          -5.39982319,  -2.92061806,  -7.70279264,  -3.20629930,  -2.26891017,
          -2.77500677,   0.44081187, -28.92818069, -12.92087173, -13.74251938,
         -20.14240646,  -5.72657728, -12.00237942,  -4.19049740,   4.22607136,
         -10.26571083, -22.32955933,  -3.83879709,  -8.62414742,  -6.34682608,
          -7.01942492]])
Split layers:
Nonlinear functions:
   BoundRelu(name=/15, inputs=[/input], perturbed=True)
   BoundRelu(name=/17, inputs=[/input-3], perturbed=True)
build batch [1/1]
initial crown bounds (first 10 items): [20.236156463623047, 17.19890022277832, 12.930122375488281, 17.05872917175293, 17.634262084960938, 15.356057167053223, 20.179468154907227, 15.560161590576172, 14.602945327758789, 15.239888191223145]
Global lower bound: 8.092880249023438
verified with init bound!
Result: safe-incomplete in 0.1585 seconds

 %%%%%%%%%%%%%%%%%%%%%%%%%%%%%%%%%%% idx: 15, vnnlib ID: 15 %%%%%%%%%%%%%%%%%%%%%%%%%%%%%%%%%%%
Using onnx models/emnist_fc.onnx
Using vnnlib specs/sample_0805_b.vnnlib
784 inputs and 26 outputs in vnnlib
Loading onnx /home/master2/Desktop/saehee/XAI/Assignment_04/emnist_abcrown/models/emnist_fc.onnx with quirks {}
Finished onnx model loading in 0.0027 seconds
Finished vnnlib processing in 0.000347 seconds
Attack parameters: initialization=uniform, steps=100, restarts=5, alpha=0.002500012516975403, GAMA=False
PGD attack margin (first 2 examples and 10 specs):
 tensor([[18.62850571, 24.95386505, 20.34091187, 20.86617661, 23.92473030,
         16.41261482, 16.36427498, 25.41831589, 18.12833023, 18.20327950]])
Total number of violation:  0
Processing batch 1/1...
PGD attack margin (first 2 examples and 10 specs):
 tensor([[17.69101334, 24.03884888, 19.50234222, 19.71119690, 22.90266418,
         15.58475018, 15.60715389, 24.37884521, 17.10527229, 17.27026749]])
Total number of violation:  0
Attack finished in 0.1075 seconds.
PGD attack failed
verified_status unknown
verified_success False
Model: BoundedModule(
  (/0): BoundInput(name=/0, inputs=[], perturbed=True)
  (/7): BoundParams(name=/7, inputs=[], perturbed=False)
  (/8): BoundParams(name=/8, inputs=[], perturbed=False)
  (/9): BoundParams(name=/9, inputs=[], perturbed=False)
  (/10): BoundParams(name=/10, inputs=[], perturbed=False)
  (/11): BoundParams(name=/11, inputs=[], perturbed=False)
  (/12): BoundParams(name=/12, inputs=[], perturbed=False)
  (/13): BoundFlatten(name=/13, inputs=[/0], perturbed=True)
  (/input): BoundLinear(name=/input, inputs=[/13, /7, /8], perturbed=True)
  (/15): BoundRelu(name=/15, inputs=[/input], perturbed=True)
  (/input-3): BoundLinear(name=/input-3, inputs=[/15, /9, /10], perturbed=True)
  (/17): BoundRelu(name=/17, inputs=[/input-3], perturbed=True)
  (/18): BoundLinear(name=/18, inputs=[/17, /11, /12], perturbed=True)
)
Original output in the first batch: tensor([[ -3.21552992,  15.42343521,  -9.50737190,  -4.95082426,  -5.36271238,
          -8.38847065,  -0.95581913,  -0.98694146,  -9.94530964,  -2.65866041,
          -2.71450567,  -5.29138041, -21.72868729, -11.84752464,  -8.60625648,
          -8.27998638,  -7.86842966,  -1.33674884,  -5.99612951,  -2.37621474,
         -10.83363628, -20.20704269,  -1.01357591, -12.28602219,  -8.58001614,
          -5.12561178]])
Split layers:
Nonlinear functions:
   BoundRelu(name=/15, inputs=[/input], perturbed=True)
   BoundRelu(name=/17, inputs=[/input-3], perturbed=True)
build batch [1/1]
initial crown bounds (first 10 items): [17.36100196838379, 23.70502471923828, 19.13463592529297, 19.46192169189453, 22.632173538208008, 15.266697883605957, 15.289545059204102, 24.029945373535156, 16.77212142944336, 17.030275344848633]
Global lower bound: 15.266697883605957
verified with init bound!
Result: safe-incomplete in 0.1581 seconds

 %%%%%%%%%%%%%%%%%%%%%%%%%%%%%%%%%%% idx: 16, vnnlib ID: 16 %%%%%%%%%%%%%%%%%%%%%%%%%%%%%%%%%%%
Using onnx models/emnist_fc.onnx
Using vnnlib specs/sample_0806_b.vnnlib
784 inputs and 26 outputs in vnnlib
Loading onnx /home/master2/Desktop/saehee/XAI/Assignment_04/emnist_abcrown/models/emnist_fc.onnx with quirks {}
Finished onnx model loading in 0.0027 seconds
Finished vnnlib processing in 0.000344 seconds
Attack parameters: initialization=uniform, steps=100, restarts=5, alpha=0.002500012516975403, GAMA=False
PGD attack margin (first 2 examples and 10 specs):
 tensor([[10.57624912, 17.38504410, 12.21090126, 10.72814369, 12.60824203,
          6.97882843, 10.00759220, 18.28348160, 13.46304893, 12.51241493]])
Total number of violation:  0
Processing batch 1/1...
PGD attack margin (first 2 examples and 10 specs):
 tensor([[ 9.58470345, 16.33497620, 11.38101768,  9.89340305, 11.62160110,
          6.10449505,  8.93356419, 17.46739006, 12.59044647, 11.74501705]])
Total number of violation:  0
Attack finished in 0.1089 seconds.
PGD attack failed
verified_status unknown
verified_success False
Model: BoundedModule(
  (/0): BoundInput(name=/0, inputs=[], perturbed=True)
  (/7): BoundParams(name=/7, inputs=[], perturbed=False)
  (/8): BoundParams(name=/8, inputs=[], perturbed=False)
  (/9): BoundParams(name=/9, inputs=[], perturbed=False)
  (/10): BoundParams(name=/10, inputs=[], perturbed=False)
  (/11): BoundParams(name=/11, inputs=[], perturbed=False)
  (/12): BoundParams(name=/12, inputs=[], perturbed=False)
  (/13): BoundFlatten(name=/13, inputs=[/0], perturbed=True)
  (/input): BoundLinear(name=/input, inputs=[/13, /7, /8], perturbed=True)
  (/15): BoundRelu(name=/15, inputs=[/input], perturbed=True)
  (/input-3): BoundLinear(name=/input-3, inputs=[/15, /9, /10], perturbed=True)
  (/17): BoundRelu(name=/17, inputs=[/input-3], perturbed=True)
  (/18): BoundLinear(name=/18, inputs=[/17, /11, /12], perturbed=True)
)
Original output in the first batch: tensor([[ -1.15792024,   9.42718792,  -7.86890268,  -2.84594512,  -1.25711846,
          -3.11660314,   2.48188210,  -0.63680476,  -8.93972492,  -4.07471371,
          -3.04929304,  -4.84255123, -11.42383099,  -7.71240664,  -6.48390436,
          -5.14450741,  -3.29258871,  -2.04674530,   0.08231234,  -3.41049862,
          -7.09121799, -12.02330589,   2.84107590, -12.22587013,  -5.21682644,
          -6.72878599]])
Split layers:
Nonlinear functions:
   BoundRelu(name=/15, inputs=[/input], perturbed=True)
   BoundRelu(name=/17, inputs=[/input-3], perturbed=True)
build batch [1/1]
initial crown bounds (first 10 items): [9.35055160522461, 16.214981079101562, 11.231592178344727, 9.670902252197266, 11.421149253845215, 6.028748989105225, 8.872112274169922, 17.253759384155273, 12.3455810546875, 11.668243408203125]
Global lower bound: 5.417142391204834
verified with init bound!
Result: safe-incomplete in 0.1613 seconds

 %%%%%%%%%%%%%%%%%%%%%%%%%%%%%%%%%%% idx: 17, vnnlib ID: 17 %%%%%%%%%%%%%%%%%%%%%%%%%%%%%%%%%%%
Using onnx models/emnist_fc.onnx
Using vnnlib specs/sample_0807_b.vnnlib
784 inputs and 26 outputs in vnnlib
Loading onnx /home/master2/Desktop/saehee/XAI/Assignment_04/emnist_abcrown/models/emnist_fc.onnx with quirks {}
Finished onnx model loading in 0.0028 seconds
Finished vnnlib processing in 0.000386 seconds
Attack parameters: initialization=uniform, steps=100, restarts=5, alpha=0.0025000013411045074, GAMA=False
PGD attack margin (first 2 examples and 10 specs):
 tensor([[15.85082054, 19.07184982, 13.88947487, 17.14454079, 22.02487564,
          8.75688362, 27.78815079, 36.77666855, 29.52782822, 36.06229019]])
Total number of violation:  0
Processing batch 1/1...
PGD attack margin (first 2 examples and 10 specs):
 tensor([[15.12228489, 18.13799667, 12.83045769, 16.57592201, 21.30221176,
          7.91225481, 26.99484253, 35.73783875, 28.39733124, 35.27742386]])
Total number of violation:  0
Attack finished in 0.1077 seconds.
PGD attack failed
verified_status unknown
verified_success False
Model: BoundedModule(
  (/0): BoundInput(name=/0, inputs=[], perturbed=True)
  (/7): BoundParams(name=/7, inputs=[], perturbed=False)
  (/8): BoundParams(name=/8, inputs=[], perturbed=False)
  (/9): BoundParams(name=/9, inputs=[], perturbed=False)
  (/10): BoundParams(name=/10, inputs=[], perturbed=False)
  (/11): BoundParams(name=/11, inputs=[], perturbed=False)
  (/12): BoundParams(name=/12, inputs=[], perturbed=False)
  (/13): BoundFlatten(name=/13, inputs=[/0], perturbed=True)
  (/input): BoundLinear(name=/input, inputs=[/13, /7, /8], perturbed=True)
  (/15): BoundRelu(name=/15, inputs=[/input], perturbed=True)
  (/input-3): BoundLinear(name=/input-3, inputs=[/15, /9, /10], perturbed=True)
  (/17): BoundRelu(name=/17, inputs=[/input-3], perturbed=True)
  (/18): BoundLinear(name=/18, inputs=[/17, /11, /12], perturbed=True)
)
Original output in the first batch: tensor([[ -0.17914140,  15.67879772,  -3.37375259,   1.83510470,  -1.53402710,
          -6.37268829,   6.98662567, -12.07267857, -21.02943039, -13.82140064,
         -20.37265587, -12.63087940, -13.21178436, -17.48178291,   3.23999882,
          -1.19175971,   5.77406788,  -7.72081900,   0.50080562, -12.05840778,
         -12.92393875, -24.37407684,  -9.04189301, -13.40507889,  -1.70404887,
          -4.40831137]])
Split layers:
Nonlinear functions:
   BoundRelu(name=/15, inputs=[/input], perturbed=True)
   BoundRelu(name=/17, inputs=[/input-3], perturbed=True)
build batch [1/1]
initial crown bounds (first 10 items): [15.066107749938965, 17.97359275817871, 12.73888111114502, 16.430641174316406, 21.165218353271484, 7.846381664276123, 26.943220138549805, 35.63516616821289, 28.278099060058594, 35.147216796875]
Global lower bound: 7.846381664276123
verified with init bound!
Result: safe-incomplete in 0.2199 seconds

 %%%%%%%%%%%%%%%%%%%%%%%%%%%%%%%%%%% idx: 18, vnnlib ID: 18 %%%%%%%%%%%%%%%%%%%%%%%%%%%%%%%%%%%
Using onnx models/emnist_fc.onnx
Using vnnlib specs/sample_0808_b.vnnlib
784 inputs and 26 outputs in vnnlib
Loading onnx /home/master2/Desktop/saehee/XAI/Assignment_04/emnist_abcrown/models/emnist_fc.onnx with quirks {}
Finished onnx model loading in 0.0026 seconds
Finished vnnlib processing in 0.000336 seconds
Attack parameters: initialization=uniform, steps=100, restarts=5, alpha=0.002500012516975403, GAMA=False
PGD attack margin (first 2 examples and 10 specs):
 tensor([[18.10854149, 19.70349121,  9.40060997, 14.85872841, 21.07006073,
         13.85569286, 21.73467255, 31.64728165, 24.56074524, 21.63784790]])
Total number of violation:  0
Processing batch 1/1...
PGD attack margin (first 2 examples and 10 specs):
 tensor([[17.37754440, 18.24777222,  8.68918610, 13.75491047, 19.90868378,
         12.92406178, 21.01597404, 30.31998062, 23.41249084, 20.65206146]])
Total number of violation:  0
Attack finished in 0.1074 seconds.
PGD attack failed
verified_status unknown
verified_success False
Model: BoundedModule(
  (/0): BoundInput(name=/0, inputs=[], perturbed=True)
  (/7): BoundParams(name=/7, inputs=[], perturbed=False)
  (/8): BoundParams(name=/8, inputs=[], perturbed=False)
  (/9): BoundParams(name=/9, inputs=[], perturbed=False)
  (/10): BoundParams(name=/10, inputs=[], perturbed=False)
  (/11): BoundParams(name=/11, inputs=[], perturbed=False)
  (/12): BoundParams(name=/12, inputs=[], perturbed=False)
  (/13): BoundFlatten(name=/13, inputs=[/0], perturbed=True)
  (/input): BoundLinear(name=/input, inputs=[/13, /7, /8], perturbed=True)
  (/15): BoundRelu(name=/15, inputs=[/input], perturbed=True)
  (/input-3): BoundLinear(name=/input-3, inputs=[/15, /9, /10], perturbed=True)
  (/17): BoundRelu(name=/17, inputs=[/input-3], perturbed=True)
  (/18): BoundLinear(name=/18, inputs=[/17, /11, /12], perturbed=True)
)
Original output in the first batch: tensor([[ -3.06976891,  15.00881577,  -4.55524063,   5.58264351,   0.24281117,
          -5.94799900,   1.23555565,  -6.78148556, -16.54761887,  -9.53271484,
          -6.60239220,  -7.96510220, -18.18989563, -13.81423187,  -0.45513296,
          -8.72415161,  -3.42056012,  -3.05704427,  -4.31223774,  -4.75467968,
          -4.63205051, -16.54577255,  -6.74788332, -18.81365395,  -7.39273834,
          -8.85688877]])
Split layers:
Nonlinear functions:
   BoundRelu(name=/15, inputs=[/input], perturbed=True)
   BoundRelu(name=/17, inputs=[/input-3], perturbed=True)
build batch [1/1]
initial crown bounds (first 10 items): [17.118043899536133, 17.97686004638672, 8.521977424621582, 13.595989227294922, 19.649532318115234, 12.64154052734375, 20.740144729614258, 29.998376846313477, 23.117544174194336, 20.421350479125977]
Global lower bound: 8.521977424621582
verified with init bound!
Result: safe-incomplete in 0.1594 seconds

 %%%%%%%%%%%%%%%%%%%%%%%%%%%%%%%%%%% idx: 19, vnnlib ID: 19 %%%%%%%%%%%%%%%%%%%%%%%%%%%%%%%%%%%
Using onnx models/emnist_fc.onnx
Using vnnlib specs/sample_0809_b.vnnlib
784 inputs and 26 outputs in vnnlib
Loading onnx /home/master2/Desktop/saehee/XAI/Assignment_04/emnist_abcrown/models/emnist_fc.onnx with quirks {}
Finished onnx model loading in 0.0027 seconds
Finished vnnlib processing in 0.000336 seconds
Attack parameters: initialization=uniform, steps=100, restarts=5, alpha=0.0025000013411045074, GAMA=False
PGD attack margin (first 2 examples and 10 specs):
 tensor([[23.70063782, 22.08853340, 20.22479439, 15.35582447, 27.98374367,
         16.06423759, 18.59014130, 22.16737747, 16.88854790, 14.89318085]])
Total number of violation:  0
Processing batch 1/1...
PGD attack margin (first 2 examples and 10 specs):
 tensor([[22.65270233, 20.94942093, 19.41729164, 14.06484890, 26.58120537,
         15.14658833, 17.72593880, 20.87680244, 15.72391033, 13.82679749]])
Total number of violation:  0
Attack finished in 0.1063 seconds.
PGD attack failed
verified_status unknown
verified_success False
Model: BoundedModule(
  (/0): BoundInput(name=/0, inputs=[], perturbed=True)
  (/7): BoundParams(name=/7, inputs=[], perturbed=False)
  (/8): BoundParams(name=/8, inputs=[], perturbed=False)
  (/9): BoundParams(name=/9, inputs=[], perturbed=False)
  (/10): BoundParams(name=/10, inputs=[], perturbed=False)
  (/11): BoundParams(name=/11, inputs=[], perturbed=False)
  (/12): BoundParams(name=/12, inputs=[], perturbed=False)
  (/13): BoundFlatten(name=/13, inputs=[/0], perturbed=True)
  (/input): BoundLinear(name=/input, inputs=[/13, /7, /8], perturbed=True)
  (/15): BoundRelu(name=/15, inputs=[/input], perturbed=True)
  (/input-3): BoundLinear(name=/input-3, inputs=[/15, /9, /10], perturbed=True)
  (/17): BoundRelu(name=/17, inputs=[/input-3], perturbed=True)
  (/18): BoundLinear(name=/18, inputs=[/17, /11, /12], perturbed=True)
)
Original output in the first batch: tensor([[-10.05278873,  13.53116798,  -8.47847080,  -6.66925907,  -1.69754255,
         -14.28873158,  -2.44991422,  -4.96571302,  -8.51267624,  -3.22792053,
          -1.22458410,  -8.83205509, -20.46224213,  -6.39174891, -12.64384556,
         -16.06421661, -10.87999439,  -2.34821916,  -1.07374835,  -0.30461976,
          -9.80708790, -13.31197739,   3.35643983, -11.41301632,  -8.09273624,
          -5.44456673]])
Split layers:
Nonlinear functions:
   BoundRelu(name=/15, inputs=[/input], perturbed=True)
   BoundRelu(name=/17, inputs=[/input-3], perturbed=True)
build batch [1/1]
initial crown bounds (first 10 items): [22.485944747924805, 20.79620361328125, 19.244640350341797, 13.886209487915039, 26.394163131713867, 14.97964096069336, 17.588838577270508, 20.753780364990234, 15.570294380187988, 13.731035232543945]
Global lower bound: 9.333420753479004
verified with init bound!
Result: safe-incomplete in 0.1592 seconds

 %%%%%%%%%%%%%%%%%%%%%%%%%%%%%%%%%%% idx: 20, vnnlib ID: 20 %%%%%%%%%%%%%%%%%%%%%%%%%%%%%%%%%%%
Using onnx models/emnist_fc.onnx
Using vnnlib specs/sample_1600_c.vnnlib
Precompiled vnnlib file found at /home/master2/Desktop/saehee/XAI/Assignment_04/emnist_abcrown/specs/sample_1600_c.vnnlib.compiled
Loading onnx /home/master2/Desktop/saehee/XAI/Assignment_04/emnist_abcrown/models/emnist_fc.onnx with quirks {}
Finished onnx model loading in 0.0028 seconds
Finished vnnlib processing in 0.000332 seconds
Attack parameters: initialization=uniform, steps=100, restarts=5, alpha=0.0025000013411045074, GAMA=False
PGD attack margin (first 2 examples and 10 specs):
 tensor([[15.93545532, 19.64337349, 15.41341972,  3.05266571, 20.81311035,
         16.32546425, 27.55336761, 16.92990685, 19.05247116, 19.72997475]])
Total number of violation:  0
Processing batch 1/1...
PGD attack margin (first 2 examples and 10 specs):
 tensor([[15.03857613, 18.14652061, 14.35644245,  2.21244144, 19.83525276,
         15.42310715, 26.30624199, 16.34119225, 18.23584747, 18.41320419]])
Total number of violation:  0
Attack finished in 0.1101 seconds.
PGD attack failed
verified_status unknown
verified_success False
Model: BoundedModule(
  (/0): BoundInput(name=/0, inputs=[], perturbed=True)
  (/7): BoundParams(name=/7, inputs=[], perturbed=False)
  (/8): BoundParams(name=/8, inputs=[], perturbed=False)
  (/9): BoundParams(name=/9, inputs=[], perturbed=False)
  (/10): BoundParams(name=/10, inputs=[], perturbed=False)
  (/11): BoundParams(name=/11, inputs=[], perturbed=False)
  (/12): BoundParams(name=/12, inputs=[], perturbed=False)
  (/13): BoundFlatten(name=/13, inputs=[/0], perturbed=True)
  (/input): BoundLinear(name=/input, inputs=[/13, /7, /8], perturbed=True)
  (/15): BoundRelu(name=/15, inputs=[/input], perturbed=True)
  (/input-3): BoundLinear(name=/input-3, inputs=[/15, /9, /10], perturbed=True)
  (/17): BoundRelu(name=/17, inputs=[/input-3], perturbed=True)
  (/18): BoundLinear(name=/18, inputs=[/17, /11, /12], perturbed=True)
)
Original output in the first batch: tensor([[ -4.11777878,  -7.83416128,  11.82696247,  -3.60539603,   8.83333778,
          -8.99239349,  -4.49843216, -15.81065655,  -5.10822487,  -7.24701643,
          -7.91665840,  -2.47708631, -13.66094112,  -0.09863579,   1.44654071,
          -5.92844963,  -3.27788496,  -3.55585456,  -3.05387473,   0.87268388,
          -7.39146137, -13.86822796, -17.46271324,  -6.13631868,  -8.42324543,
          -1.70829749]])
Split layers:
Nonlinear functions:
   BoundRelu(name=/15, inputs=[/input], perturbed=True)
   BoundRelu(name=/17, inputs=[/input-3], perturbed=True)
build batch [1/1]
initial crown bounds (first 10 items): [14.922890663146973, 18.02370262145996, 14.271524429321289, 2.145765781402588, 19.704580307006836, 15.235989570617676, 26.12405014038086, 16.2462158203125, 18.13572120666504, 18.246292114257812]
Global lower bound: 2.145765781402588
verified with init bound!
Result: safe-incomplete in 0.1431 seconds

 %%%%%%%%%%%%%%%%%%%%%%%%%%%%%%%%%%% idx: 21, vnnlib ID: 21 %%%%%%%%%%%%%%%%%%%%%%%%%%%%%%%%%%%
Using onnx models/emnist_fc.onnx
Using vnnlib specs/sample_1601_c.vnnlib
784 inputs and 26 outputs in vnnlib
Loading onnx /home/master2/Desktop/saehee/XAI/Assignment_04/emnist_abcrown/models/emnist_fc.onnx with quirks {}
Finished onnx model loading in 0.0026 seconds
Finished vnnlib processing in 0.000339 seconds
Attack parameters: initialization=uniform, steps=100, restarts=5, alpha=0.0025000013411045074, GAMA=False
PGD attack margin (first 2 examples and 10 specs):
 tensor([[ 8.50738525, 24.11907196, 13.28212357,  7.34723949, 20.20759964,
         11.71856213, 24.16975594, 13.12594032, 19.58070374, 21.29399872]])
Total number of violation:  0
Processing batch 1/1...
PGD attack margin (first 2 examples and 10 specs):
 tensor([[ 7.64261246, 22.72277069, 12.01893997,  6.59396362, 19.24418068,
         10.92636681, 22.97381020, 12.59662056, 18.83134842, 19.95671272]])
Total number of violation:  0
Attack finished in 0.1069 seconds.
PGD attack failed
verified_status unknown
verified_success False
Model: BoundedModule(
  (/0): BoundInput(name=/0, inputs=[], perturbed=True)
  (/7): BoundParams(name=/7, inputs=[], perturbed=False)
  (/8): BoundParams(name=/8, inputs=[], perturbed=False)
  (/9): BoundParams(name=/9, inputs=[], perturbed=False)
  (/10): BoundParams(name=/10, inputs=[], perturbed=False)
  (/11): BoundParams(name=/11, inputs=[], perturbed=False)
  (/12): BoundParams(name=/12, inputs=[], perturbed=False)
  (/13): BoundFlatten(name=/13, inputs=[/0], perturbed=True)
  (/input): BoundLinear(name=/input, inputs=[/13, /7, /8], perturbed=True)
  (/15): BoundRelu(name=/15, inputs=[/input], perturbed=True)
  (/input-3): BoundLinear(name=/input-3, inputs=[/15, /9, /10], perturbed=True)
  (/17): BoundRelu(name=/17, inputs=[/input-3], perturbed=True)
  (/18): BoundLinear(name=/18, inputs=[/17, /11, /12], perturbed=True)
)
Original output in the first batch: tensor([[  2.23455811, -13.27185822,  10.75111294,  -2.45599532,   3.45713019,
          -9.38358402,  -0.98818648, -13.48425961,  -2.41013408,  -8.78229046,
         -10.48610687,   1.34818971, -18.67720222,  -3.11585355,   0.82156920,
          -3.85950208,   1.13991427,  -8.44643974,  -3.96467066,  -6.39971256,
          -5.21144199, -17.24380112, -14.09070396, -12.17473030,  -7.10065174,
          -8.07567215]])
Split layers:
Nonlinear functions:
   BoundRelu(name=/15, inputs=[/input], perturbed=True)
   BoundRelu(name=/17, inputs=[/input-3], perturbed=True)
build batch [1/1]
initial crown bounds (first 10 items): [7.515633583068848, 22.572525024414062, 11.90549373626709, 6.442464351654053, 19.10106086730957, 10.750133514404297, 22.77988052368164, 12.49851131439209, 18.77315330505371, 19.69550132751465]
Global lower bound: 6.442464351654053
verified with init bound!
Result: safe-incomplete in 0.1597 seconds

 %%%%%%%%%%%%%%%%%%%%%%%%%%%%%%%%%%% idx: 22, vnnlib ID: 22 %%%%%%%%%%%%%%%%%%%%%%%%%%%%%%%%%%%
Using onnx models/emnist_fc.onnx
Using vnnlib specs/sample_1602_c.vnnlib
784 inputs and 26 outputs in vnnlib
Loading onnx /home/master2/Desktop/saehee/XAI/Assignment_04/emnist_abcrown/models/emnist_fc.onnx with quirks {}
Finished onnx model loading in 0.0027 seconds
Finished vnnlib processing in 0.000375 seconds
Attack parameters: initialization=uniform, steps=100, restarts=5, alpha=0.0025000013411045074, GAMA=False
PGD attack margin (first 2 examples and 10 specs):
 tensor([[ 5.40374422, 25.36598015, 18.32673454,  8.45601177, 14.14558983,
          8.38615990, 25.92255211, 11.38973141, 17.41824341, 11.93087673]])
Total number of violation:  0
Processing batch 1/1...
PGD attack margin (first 2 examples and 10 specs):
 tensor([[ 4.52543831, 23.97717667, 17.26338959,  7.56719780, 13.18874168,
          7.59717226, 24.80257797, 10.76786709, 16.49271011, 10.58418274]])
Total number of violation:  0
Attack finished in 0.1076 seconds.
PGD attack failed
verified_status unknown
verified_success False
Model: BoundedModule(
  (/0): BoundInput(name=/0, inputs=[], perturbed=True)
  (/7): BoundParams(name=/7, inputs=[], perturbed=False)
  (/8): BoundParams(name=/8, inputs=[], perturbed=False)
  (/9): BoundParams(name=/9, inputs=[], perturbed=False)
  (/10): BoundParams(name=/10, inputs=[], perturbed=False)
  (/11): BoundParams(name=/11, inputs=[], perturbed=False)
  (/12): BoundParams(name=/12, inputs=[], perturbed=False)
  (/13): BoundFlatten(name=/13, inputs=[/0], perturbed=True)
  (/input): BoundLinear(name=/input, inputs=[/13, /7, /8], perturbed=True)
  (/15): BoundRelu(name=/15, inputs=[/input], perturbed=True)
  (/input-3): BoundLinear(name=/input-3, inputs=[/15, /9, /10], perturbed=True)
  (/17): BoundRelu(name=/17, inputs=[/input-3], perturbed=True)
  (/18): BoundLinear(name=/18, inputs=[/17, /11, /12], perturbed=True)
)
Original output in the first batch: tensor([[  4.35464144, -15.49620438,   9.63617611,  -8.50701523,   1.34259462,
          -4.34841251,   1.35543394, -16.23924065,  -1.69957495,  -7.66295481,
          -2.19549417,  -1.87813532, -18.30259895,  -6.41774130,  -3.37873077,
          -6.36493683,  -1.91843748,  -5.15960026,  -6.10053587,  -8.98772907,
         -10.45405388, -16.31145096, -12.28431225,  -9.79435825,  -7.69550514,
          -7.44831896]])
Split layers:
Nonlinear functions:
   BoundRelu(name=/15, inputs=[/input], perturbed=True)
   BoundRelu(name=/17, inputs=[/input-3], perturbed=True)
build batch [1/1]
initial crown bounds (first 10 items): [4.493744850158691, 23.88466453552246, 17.200763702392578, 7.505687713623047, 13.134878158569336, 7.555667400360107, 24.745882034301758, 10.691147804260254, 16.467676162719727, 10.481895446777344]
Global lower bound: 4.493744850158691
verified with init bound!
Result: safe-incomplete in 0.1603 seconds

 %%%%%%%%%%%%%%%%%%%%%%%%%%%%%%%%%%% idx: 23, vnnlib ID: 23 %%%%%%%%%%%%%%%%%%%%%%%%%%%%%%%%%%%
Using onnx models/emnist_fc.onnx
Using vnnlib specs/sample_1603_c.vnnlib
784 inputs and 26 outputs in vnnlib
Loading onnx /home/master2/Desktop/saehee/XAI/Assignment_04/emnist_abcrown/models/emnist_fc.onnx with quirks {}
Finished onnx model loading in 0.0026 seconds
Finished vnnlib processing in 0.000328 seconds
Attack parameters: initialization=uniform, steps=100, restarts=5, alpha=0.002500012516975403, GAMA=False
PGD attack margin (first 2 examples and 10 specs):
 tensor([[10.90309715, 15.75730705,  9.56336212,  7.85943699, 21.58771896,
         14.93017960, 33.06686783, 16.51998901, 19.31836128, 30.00731468]])
Total number of violation:  1
Clean input adversarial, attack skipped.

Checking and Saving Counterexample in check_and_save_cex

verified_status unsafe-pgd
verified_success True
Result: unsafe-pgd in 0.0313 seconds

 %%%%%%%%%%%%%%%%%%%%%%%%%%%%%%%%%%% idx: 24, vnnlib ID: 24 %%%%%%%%%%%%%%%%%%%%%%%%%%%%%%%%%%%
Using onnx models/emnist_fc.onnx
Using vnnlib specs/sample_1604_c.vnnlib
784 inputs and 26 outputs in vnnlib
Loading onnx /home/master2/Desktop/saehee/XAI/Assignment_04/emnist_abcrown/models/emnist_fc.onnx with quirks {}
Finished onnx model loading in 0.0029 seconds
Finished vnnlib processing in 0.000378 seconds
Attack parameters: initialization=uniform, steps=100, restarts=5, alpha=0.002500012516975403, GAMA=False
PGD attack margin (first 2 examples and 10 specs):
 tensor([[20.96419907, 22.65174103, 18.69778061,  4.03542328, 14.12437630,
         11.76448250, 22.03677750, 13.38710213, 19.61936188, 15.79965019]])
Total number of violation:  0
Processing batch 1/1...
PGD attack margin (first 2 examples and 10 specs):
 tensor([[20.13354111, 21.29457855, 17.64836502,  3.33515167, 13.27874470,
         11.03328514, 20.78694916, 12.71405506, 18.79582977, 14.48561382]])
Total number of violation:  0
Attack finished in 0.1092 seconds.
PGD attack failed
verified_status unknown
verified_success False
Model: BoundedModule(
  (/0): BoundInput(name=/0, inputs=[], perturbed=True)
  (/7): BoundParams(name=/7, inputs=[], perturbed=False)
  (/8): BoundParams(name=/8, inputs=[], perturbed=False)
  (/9): BoundParams(name=/9, inputs=[], perturbed=False)
  (/10): BoundParams(name=/10, inputs=[], perturbed=False)
  (/11): BoundParams(name=/11, inputs=[], perturbed=False)
  (/12): BoundParams(name=/12, inputs=[], perturbed=False)
  (/13): BoundFlatten(name=/13, inputs=[/0], perturbed=True)
  (/input): BoundLinear(name=/input, inputs=[/13, /7, /8], perturbed=True)
  (/15): BoundRelu(name=/15, inputs=[/input], perturbed=True)
  (/input-3): BoundLinear(name=/input-3, inputs=[/15, /9, /10], perturbed=True)
  (/17): BoundRelu(name=/17, inputs=[/input-3], perturbed=True)
  (/18): BoundLinear(name=/18, inputs=[/17, /11, /12], perturbed=True)
)
Original output in the first batch: tensor([[ -9.52389240, -11.08918953,  11.44735813,  -7.17132282,   7.47409296,
          -2.60566854,  -0.32793114, -10.64820099,  -1.94790459,  -8.12626362,
          -4.26825809,   1.11567855, -32.14623642,  -8.68540287,  -6.76456070,
          -7.15416765,   0.54445493,  -2.76816678,  -0.72012675,  -0.32932505,
         -12.93244362, -14.88506222, -14.92976856,  -8.32871628,  -9.15864468,
          -7.57112360]])
Split layers:
Nonlinear functions:
   BoundRelu(name=/15, inputs=[/input], perturbed=True)
   BoundRelu(name=/17, inputs=[/input-3], perturbed=True)
build batch [1/1]
initial crown bounds (first 10 items): [19.975746154785156, 21.164501190185547, 17.588367462158203, 3.204554557800293, 13.180024147033691, 10.880267143249512, 20.659927368164062, 12.62988567352295, 18.64228057861328, 14.40312385559082]
Global lower bound: 3.204554557800293
verified with init bound!
Result: safe-incomplete in 0.2298 seconds

 %%%%%%%%%%%%%%%%%%%%%%%%%%%%%%%%%%% idx: 25, vnnlib ID: 25 %%%%%%%%%%%%%%%%%%%%%%%%%%%%%%%%%%%
Using onnx models/emnist_fc.onnx
Using vnnlib specs/sample_1605_c.vnnlib
784 inputs and 26 outputs in vnnlib
Loading onnx /home/master2/Desktop/saehee/XAI/Assignment_04/emnist_abcrown/models/emnist_fc.onnx with quirks {}
Finished onnx model loading in 0.0026 seconds
Finished vnnlib processing in 0.000340 seconds
Attack parameters: initialization=uniform, steps=100, restarts=5, alpha=0.0025000013411045074, GAMA=False
PGD attack margin (first 2 examples and 10 specs):
 tensor([[12.32443428, 18.07893944, 21.06320190,  5.02402067, 14.27179241,
          8.72922993, 23.58398438, 15.52345181, 18.39865112, 14.21147060]])
Total number of violation:  0
Processing batch 1/1...
PGD attack margin (first 2 examples and 10 specs):
 tensor([[11.29277420, 16.72829056, 19.97556686,  4.39857769, 13.33807755,
          7.85510349, 22.16529465, 14.92289162, 17.68094444, 12.76284122]])
Total number of violation:  0
Attack finished in 0.1069 seconds.
PGD attack failed
verified_status unknown
verified_success False
Model: BoundedModule(
  (/0): BoundInput(name=/0, inputs=[], perturbed=True)
  (/7): BoundParams(name=/7, inputs=[], perturbed=False)
  (/8): BoundParams(name=/8, inputs=[], perturbed=False)
  (/9): BoundParams(name=/9, inputs=[], perturbed=False)
  (/10): BoundParams(name=/10, inputs=[], perturbed=False)
  (/11): BoundParams(name=/11, inputs=[], perturbed=False)
  (/12): BoundParams(name=/12, inputs=[], perturbed=False)
  (/13): BoundFlatten(name=/13, inputs=[/0], perturbed=True)
  (/input): BoundLinear(name=/input, inputs=[/13, /7, /8], perturbed=True)
  (/15): BoundRelu(name=/15, inputs=[/input], perturbed=True)
  (/input-3): BoundLinear(name=/input-3, inputs=[/15, /9, /10], perturbed=True)
  (/17): BoundRelu(name=/17, inputs=[/input-3], perturbed=True)
  (/18): BoundLinear(name=/18, inputs=[/17, /11, /12], perturbed=True)
)
Original output in the first batch: tensor([[ -0.78417403,  -6.58372927,  11.45396996,  -9.53334713,   6.43608332,
          -2.81534028,   2.72268534, -12.12728691,  -4.06769276,  -6.91303730,
          -2.69010067,   4.47301149, -21.01121902,  -6.97141504,  -4.48543835,
          -0.28135481,  -5.41072845,  -2.73861170,  -2.98295879,  -5.80948448,
          -9.62814140, -13.90406132, -13.03491688, -12.01314068,  -8.07804108,
          -2.09113574]])
Split layers:
Nonlinear functions:
   BoundRelu(name=/15, inputs=[/input], perturbed=True)
   BoundRelu(name=/17, inputs=[/input-3], perturbed=True)
build batch [1/1]
initial crown bounds (first 10 items): [11.214917182922363, 16.6688232421875, 19.86463737487793, 4.306560516357422, 13.21457576751709, 7.756214141845703, 22.086135864257812, 14.853730201721191, 17.586885452270508, 12.67451286315918]
Global lower bound: 4.306560516357422
verified with init bound!
Result: safe-incomplete in 0.1569 seconds

 %%%%%%%%%%%%%%%%%%%%%%%%%%%%%%%%%%% idx: 26, vnnlib ID: 26 %%%%%%%%%%%%%%%%%%%%%%%%%%%%%%%%%%%
Using onnx models/emnist_fc.onnx
Using vnnlib specs/sample_1606_c.vnnlib
784 inputs and 26 outputs in vnnlib
Loading onnx /home/master2/Desktop/saehee/XAI/Assignment_04/emnist_abcrown/models/emnist_fc.onnx with quirks {}
Finished onnx model loading in 0.0027 seconds
Finished vnnlib processing in 0.000361 seconds
Attack parameters: initialization=uniform, steps=100, restarts=5, alpha=0.0025000013411045074, GAMA=False
PGD attack margin (first 2 examples and 10 specs):
 tensor([[18.04933929, 17.41314888, 15.95783329,  8.99863815, 13.61406422,
         11.98837566, 20.67147255, 14.67307568, 15.12435436, 16.39290047]])
Total number of violation:  0
Processing batch 1/1...
PGD attack margin (first 2 examples and 10 specs):
 tensor([[16.86472702, 16.05603790, 14.78905201,  8.17218971, 12.87963486,
         11.17938328, 19.27026367, 14.04261017, 14.42374229, 14.88645363]])
Total number of violation:  0
Attack finished in 0.1067 seconds.
PGD attack failed
verified_status unknown
verified_success False
Model: BoundedModule(
  (/0): BoundInput(name=/0, inputs=[], perturbed=True)
  (/7): BoundParams(name=/7, inputs=[], perturbed=False)
  (/8): BoundParams(name=/8, inputs=[], perturbed=False)
  (/9): BoundParams(name=/9, inputs=[], perturbed=False)
  (/10): BoundParams(name=/10, inputs=[], perturbed=False)
  (/11): BoundParams(name=/11, inputs=[], perturbed=False)
  (/12): BoundParams(name=/12, inputs=[], perturbed=False)
  (/13): BoundFlatten(name=/13, inputs=[/0], perturbed=True)
  (/input): BoundLinear(name=/input, inputs=[/13, /7, /8], perturbed=True)
  (/15): BoundRelu(name=/15, inputs=[/input], perturbed=True)
  (/input-3): BoundLinear(name=/input-3, inputs=[/15, /9, /10], perturbed=True)
  (/17): BoundRelu(name=/17, inputs=[/input-3], perturbed=True)
  (/18): BoundLinear(name=/18, inputs=[/17, /11, /12], perturbed=True)
)
Original output in the first batch: tensor([[ -7.45464993,  -6.73558283,  10.53473759,  -5.31110430,   1.57895756,
          -3.07133603,  -1.41564083, -10.07569027,  -4.10807037,  -4.52780056,
          -5.76094103,   3.38983083, -27.02115250,  -7.75490379,  -2.26875019,
          -5.36564064,  -4.00221777,  -1.17967868,  -0.28286433,   2.45719314,
          -6.82595158, -10.48224163, -11.90507412,  -8.26558781,  -8.74229336,
          -2.56270075]])
Split layers:
Nonlinear functions:
   BoundRelu(name=/15, inputs=[/input], perturbed=True)
   BoundRelu(name=/17, inputs=[/input-3], perturbed=True)
build batch [1/1]
initial crown bounds (first 10 items): [16.742931365966797, 15.888039588928223, 14.678238868713379, 8.049153327941895, 12.814676284790039, 11.01695442199707, 19.073406219482422, 13.964310646057129, 14.36999225616455, 14.659929275512695]
Global lower bound: 6.597567558288574
verified with init bound!
Result: safe-incomplete in 0.1588 seconds

 %%%%%%%%%%%%%%%%%%%%%%%%%%%%%%%%%%% idx: 27, vnnlib ID: 27 %%%%%%%%%%%%%%%%%%%%%%%%%%%%%%%%%%%
Using onnx models/emnist_fc.onnx
Using vnnlib specs/sample_1607_c.vnnlib
784 inputs and 26 outputs in vnnlib
Loading onnx /home/master2/Desktop/saehee/XAI/Assignment_04/emnist_abcrown/models/emnist_fc.onnx with quirks {}
Finished onnx model loading in 0.0029 seconds
Finished vnnlib processing in 0.000371 seconds
Attack parameters: initialization=uniform, steps=100, restarts=5, alpha=0.002500012516975403, GAMA=False
PGD attack margin (first 2 examples and 10 specs):
 tensor([[ 9.55676365, 23.90930176, 20.12355804,  5.64033747, 20.66210365,
          9.83929348, 27.67608643, 15.59193420, 18.09676552, 19.07615089]])
Total number of violation:  0
Processing batch 1/1...
PGD attack margin (first 2 examples and 10 specs):
 tensor([[ 8.84821892, 22.81547546, 19.10828590,  5.13830376, 19.59137726,
          9.13620663, 26.35894775, 14.96875381, 17.39267921, 17.91101456]])
Total number of violation:  0
Attack finished in 0.1067 seconds.
PGD attack failed
verified_status unknown
verified_success False
Model: BoundedModule(
  (/0): BoundInput(name=/0, inputs=[], perturbed=True)
  (/7): BoundParams(name=/7, inputs=[], perturbed=False)
  (/8): BoundParams(name=/8, inputs=[], perturbed=False)
  (/9): BoundParams(name=/9, inputs=[], perturbed=False)
  (/10): BoundParams(name=/10, inputs=[], perturbed=False)
  (/11): BoundParams(name=/11, inputs=[], perturbed=False)
  (/12): BoundParams(name=/12, inputs=[], perturbed=False)
  (/13): BoundFlatten(name=/13, inputs=[/0], perturbed=True)
  (/input): BoundLinear(name=/input, inputs=[/13, /7, /8], perturbed=True)
  (/15): BoundRelu(name=/15, inputs=[/input], perturbed=True)
  (/input-3): BoundLinear(name=/input-3, inputs=[/15, /9, /10], perturbed=True)
  (/17): BoundRelu(name=/17, inputs=[/input-3], perturbed=True)
  (/18): BoundLinear(name=/18, inputs=[/17, /11, /12], perturbed=True)
)
Original output in the first batch: tensor([[  3.81841564, -10.43246841,  13.33201504,  -6.61137772,   7.74865007,
          -7.18616199,   3.52808523, -14.30270481,  -2.23211193,  -4.63332891,
          -5.67730808,   2.28194070, -22.38595390, -10.26837921,  -0.79461867,
          -4.41616964,  -3.42967391,  -8.68335629,  -2.36882949,  -6.47013140,
          -1.47067201,  -8.17735004, -12.09706306, -14.30205345,  -5.66420364,
           0.97507942]])
Split layers:
Nonlinear functions:
   BoundRelu(name=/15, inputs=[/input], perturbed=True)
   BoundRelu(name=/17, inputs=[/input-3], perturbed=True)
build batch [1/1]
initial crown bounds (first 10 items): [8.72278118133545, 22.676254272460938, 18.92023468017578, 5.028756141662598, 19.368207931518555, 9.018248558044434, 26.201831817626953, 14.79613208770752, 17.206378936767578, 17.695226669311523]
Global lower bound: 5.028756141662598
verified with init bound!
Result: safe-incomplete in 0.1572 seconds

 %%%%%%%%%%%%%%%%%%%%%%%%%%%%%%%%%%% idx: 28, vnnlib ID: 28 %%%%%%%%%%%%%%%%%%%%%%%%%%%%%%%%%%%
Using onnx models/emnist_fc.onnx
Using vnnlib specs/sample_1608_c.vnnlib
784 inputs and 26 outputs in vnnlib
Loading onnx /home/master2/Desktop/saehee/XAI/Assignment_04/emnist_abcrown/models/emnist_fc.onnx with quirks {}
Finished onnx model loading in 0.0028 seconds
Finished vnnlib processing in 0.000343 seconds
Attack parameters: initialization=uniform, steps=100, restarts=5, alpha=0.0025000013411045074, GAMA=False
PGD attack margin (first 2 examples and 10 specs):
 tensor([[13.78210545, 23.56494141, 24.27909470, 10.13733006, 21.14112091,
          7.22508383, 40.75696564, 13.43390179, 15.88617516, 34.78316879]])
Total number of violation:  0
Processing batch 1/1...
PGD attack margin (first 2 examples and 10 specs):
 tensor([[12.75079441, 22.15594482, 23.07881165,  9.17696381, 19.99646759,
          6.25293398, 39.53370285, 12.54026699, 14.72331333, 33.44668579]])
Total number of violation:  0
Attack finished in 0.1070 seconds.
PGD attack failed
verified_status unknown
verified_success False
Model: BoundedModule(
  (/0): BoundInput(name=/0, inputs=[], perturbed=True)
  (/7): BoundParams(name=/7, inputs=[], perturbed=False)
  (/8): BoundParams(name=/8, inputs=[], perturbed=False)
  (/9): BoundParams(name=/9, inputs=[], perturbed=False)
  (/10): BoundParams(name=/10, inputs=[], perturbed=False)
  (/11): BoundParams(name=/11, inputs=[], perturbed=False)
  (/12): BoundParams(name=/12, inputs=[], perturbed=False)
  (/13): BoundFlatten(name=/13, inputs=[/0], perturbed=True)
  (/input): BoundLinear(name=/input, inputs=[/13, /7, /8], perturbed=True)
  (/15): BoundRelu(name=/15, inputs=[/input], perturbed=True)
  (/input-3): BoundLinear(name=/input-3, inputs=[/15, /9, /10], perturbed=True)
  (/17): BoundRelu(name=/17, inputs=[/input-3], perturbed=True)
  (/18): BoundLinear(name=/18, inputs=[/17, /11, /12], perturbed=True)
)
Original output in the first batch: tensor([[  0.62772316,  -9.06183434,  14.26617432,  -9.84327984,   4.27533674,
          -6.72733688,   7.16200924, -26.41432571,   0.87868690,  -1.50129879,
         -20.41290855,   2.96293879, -47.42780304, -18.36992264,  -3.76948094,
         -23.38366318,  -5.94208527, -19.42439461,   3.69597554,  -7.13490295,
         -11.92548180, -33.23368835,  -9.77239037, -20.97658539,  -8.39583778,
          -6.43613911]])
Split layers:
Nonlinear functions:
   BoundRelu(name=/15, inputs=[/input], perturbed=True)
   BoundRelu(name=/17, inputs=[/input-3], perturbed=True)
build batch [1/1]
initial crown bounds (first 10 items): [12.533568382263184, 21.976863861083984, 22.82419776916504, 8.95124340057373, 19.827430725097656, 6.098075866699219, 39.4112663269043, 12.39476203918457, 14.593915939331055, 33.256351470947266]
Global lower bound: 6.098075866699219
verified with init bound!
Result: safe-incomplete in 0.1583 seconds

 %%%%%%%%%%%%%%%%%%%%%%%%%%%%%%%%%%% idx: 29, vnnlib ID: 29 %%%%%%%%%%%%%%%%%%%%%%%%%%%%%%%%%%%
Using onnx models/emnist_fc.onnx
Using vnnlib specs/sample_1609_c.vnnlib
784 inputs and 26 outputs in vnnlib
Loading onnx /home/master2/Desktop/saehee/XAI/Assignment_04/emnist_abcrown/models/emnist_fc.onnx with quirks {}
Finished onnx model loading in 0.0026 seconds
Finished vnnlib processing in 0.000341 seconds
Attack parameters: initialization=uniform, steps=100, restarts=5, alpha=0.0025000013411045074, GAMA=False
PGD attack margin (first 2 examples and 10 specs):
 tensor([[21.64661980, 20.46075058, 16.95139503,  6.11709595, 17.19163895,
         17.47501373, 34.46617889, 19.64913940, 22.73746490, 22.89667130]])
Total number of violation:  0
Processing batch 1/1...
PGD attack margin (first 2 examples and 10 specs):
 tensor([[20.74874306, 19.28300858, 15.99742508,  5.50243855, 16.36631966,
         16.66976929, 33.23930359, 18.96866989, 22.00656891, 21.95716858]])
Total number of violation:  0
Attack finished in 0.1301 seconds.
PGD attack failed
verified_status unknown
verified_success False
Model: BoundedModule(
  (/0): BoundInput(name=/0, inputs=[], perturbed=True)
  (/7): BoundParams(name=/7, inputs=[], perturbed=False)
  (/8): BoundParams(name=/8, inputs=[], perturbed=False)
  (/9): BoundParams(name=/9, inputs=[], perturbed=False)
  (/10): BoundParams(name=/10, inputs=[], perturbed=False)
  (/11): BoundParams(name=/11, inputs=[], perturbed=False)
  (/12): BoundParams(name=/12, inputs=[], perturbed=False)
  (/13): BoundFlatten(name=/13, inputs=[/0], perturbed=True)
  (/input): BoundLinear(name=/input, inputs=[/13, /7, /8], perturbed=True)
  (/15): BoundRelu(name=/15, inputs=[/input], perturbed=True)
  (/input-3): BoundLinear(name=/input-3, inputs=[/15, /9, /10], perturbed=True)
  (/17): BoundRelu(name=/17, inputs=[/input-3], perturbed=True)
  (/18): BoundLinear(name=/18, inputs=[/17, /11, /12], perturbed=True)
)
Original output in the first batch: tensor([[ -7.05343914,  -5.82790661,  14.62479973,  -2.30107737,   8.58345413,
          -2.54595423,  -2.88688850, -19.89457321,  -5.03296804,  -8.08788872,
          -8.33890057,  -1.73555303, -15.53937912,  -8.97384357,   6.20983124,
           3.33090448,  -2.30601525,   3.51601291,  -5.43102694,  -3.55910134,
          -9.93290520,  -8.16531849, -17.67840385, -12.70514202,  -9.78302860,
          -7.12507200]])
Split layers:
Nonlinear functions:
   BoundRelu(name=/15, inputs=[/input], perturbed=True)
   BoundRelu(name=/17, inputs=[/input-3], perturbed=True)
build batch [1/1]
initial crown bounds (first 10 items): [20.55811309814453, 19.100135803222656, 15.867172241210938, 5.377212047576904, 16.27861213684082, 16.542821884155273, 33.085025787353516, 18.839500427246094, 21.91442108154297, 21.836233139038086]
Global lower bound: 5.377212047576904
verified with init bound!
Result: safe-incomplete in 0.2418 seconds

 %%%%%%%%%%%%%%%%%%%%%%%%%%%%%%%%%%% idx: 30, vnnlib ID: 30 %%%%%%%%%%%%%%%%%%%%%%%%%%%%%%%%%%%
Using onnx models/emnist_fc.onnx
Using vnnlib specs/sample_2400_d.vnnlib
Precompiled vnnlib file found at /home/master2/Desktop/saehee/XAI/Assignment_04/emnist_abcrown/specs/sample_2400_d.vnnlib.compiled
Loading onnx /home/master2/Desktop/saehee/XAI/Assignment_04/emnist_abcrown/models/emnist_fc.onnx with quirks {}
Finished onnx model loading in 0.0028 seconds
Finished vnnlib processing in 0.000325 seconds
Attack parameters: initialization=uniform, steps=100, restarts=5, alpha=0.0025000013411045074, GAMA=False
PGD attack margin (first 2 examples and 10 specs):
 tensor([[ 0.75609267,  2.56644082,  7.67501068,  0.16318500,  4.59947252,
          5.89199829,  6.62487364,  8.40610695, 13.69385624,  1.18312716]])
Total number of violation:  2
Clean input adversarial, attack skipped.

Checking and Saving Counterexample in check_and_save_cex

verified_status unsafe-pgd
verified_success True
Result: unsafe-pgd in 0.0150 seconds

 %%%%%%%%%%%%%%%%%%%%%%%%%%%%%%%%%%% idx: 31, vnnlib ID: 31 %%%%%%%%%%%%%%%%%%%%%%%%%%%%%%%%%%%
Using onnx models/emnist_fc.onnx
Using vnnlib specs/sample_2401_d.vnnlib
784 inputs and 26 outputs in vnnlib
Loading onnx /home/master2/Desktop/saehee/XAI/Assignment_04/emnist_abcrown/models/emnist_fc.onnx with quirks {}
Finished onnx model loading in 0.0027 seconds
Finished vnnlib processing in 0.000338 seconds
Attack parameters: initialization=uniform, steps=100, restarts=5, alpha=0.0025000013411045074, GAMA=False
PGD attack margin (first 2 examples and 10 specs):
 tensor([[ 7.63075447,  7.63367891, 19.75051498, 20.90021324, 18.26166725,
         10.24512959, 13.81797409, 11.97469997,  5.24063635, 21.17639732]])
Total number of violation:  0
Processing batch 1/1...
PGD attack margin (first 2 examples and 10 specs):
 tensor([[ 6.82798958,  6.81396866, 19.10901070, 20.06955719, 17.14447021,
          9.32800865, 12.97424889, 11.27732563,  4.43312979, 20.02925682]])
Total number of violation:  0
Attack finished in 0.1116 seconds.
PGD attack failed
verified_status unknown
verified_success False
Model: BoundedModule(
  (/0): BoundInput(name=/0, inputs=[], perturbed=True)
  (/7): BoundParams(name=/7, inputs=[], perturbed=False)
  (/8): BoundParams(name=/8, inputs=[], perturbed=False)
  (/9): BoundParams(name=/9, inputs=[], perturbed=False)
  (/10): BoundParams(name=/10, inputs=[], perturbed=False)
  (/11): BoundParams(name=/11, inputs=[], perturbed=False)
  (/12): BoundParams(name=/12, inputs=[], perturbed=False)
  (/13): BoundFlatten(name=/13, inputs=[/0], perturbed=True)
  (/input): BoundLinear(name=/input, inputs=[/13, /7, /8], perturbed=True)
  (/15): BoundRelu(name=/15, inputs=[/input], perturbed=True)
  (/input-3): BoundLinear(name=/input-3, inputs=[/15, /9, /10], perturbed=True)
  (/17): BoundRelu(name=/17, inputs=[/input-3], perturbed=True)
  (/18): BoundLinear(name=/18, inputs=[/17, /11, /12], perturbed=True)
)
Original output in the first batch: tensor([[  3.48826885,   3.40459776,  -8.77900791,  10.99951839,  -9.84771252,
          -7.13400269,   0.90730333,  -2.75091243,  -0.90308285,   5.80463171,
         -10.15789986,  -2.09203458, -24.75687027,  -3.50323200,  -8.42326164,
         -20.26178551,  -8.39429379, -11.84343433,  -3.94147635,  -3.22765803,
          -2.73148155, -12.17317486,  -4.97853327,  -7.65717745,  -2.00553560,
          -2.28240895]])
Split layers:
Nonlinear functions:
   BoundRelu(name=/15, inputs=[/input], perturbed=True)
   BoundRelu(name=/17, inputs=[/input-3], perturbed=True)
build batch [1/1]
initial crown bounds (first 10 items): [6.656675815582275, 6.685159206390381, 18.876903533935547, 19.919614791870117, 16.938690185546875, 9.175873756408691, 12.778217315673828, 11.055030822753906, 4.198101043701172, 19.831762313842773]
Global lower bound: 4.198101043701172
verified with init bound!
Result: safe-incomplete in 0.1627 seconds

 %%%%%%%%%%%%%%%%%%%%%%%%%%%%%%%%%%% idx: 32, vnnlib ID: 32 %%%%%%%%%%%%%%%%%%%%%%%%%%%%%%%%%%%
Using onnx models/emnist_fc.onnx
Using vnnlib specs/sample_2402_d.vnnlib
784 inputs and 26 outputs in vnnlib
Loading onnx /home/master2/Desktop/saehee/XAI/Assignment_04/emnist_abcrown/models/emnist_fc.onnx with quirks {}
Finished onnx model loading in 0.0025 seconds
Finished vnnlib processing in 0.000338 seconds
Attack parameters: initialization=uniform, steps=100, restarts=5, alpha=0.0025000013411045074, GAMA=False
PGD attack margin (first 2 examples and 10 specs):
 tensor([[13.51019287,  6.32774210, 13.08092976, 20.21030235, 21.70011520,
         11.86721706, 26.50942230, 22.63145638, 18.23518372, 29.06910324]])
Total number of violation:  0
Processing batch 1/1...
PGD attack margin (first 2 examples and 10 specs):
 tensor([[12.71277809,  5.39601898, 12.06524658, 19.26760101, 20.96509171,
         10.96483612, 25.68790817, 21.89258194, 17.45200157, 28.03895187]])
Total number of violation:  0
Attack finished in 0.1077 seconds.
PGD attack failed
verified_status unknown
verified_success False
Model: BoundedModule(
  (/0): BoundInput(name=/0, inputs=[], perturbed=True)
  (/7): BoundParams(name=/7, inputs=[], perturbed=False)
  (/8): BoundParams(name=/8, inputs=[], perturbed=False)
  (/9): BoundParams(name=/9, inputs=[], perturbed=False)
  (/10): BoundParams(name=/10, inputs=[], perturbed=False)
  (/11): BoundParams(name=/11, inputs=[], perturbed=False)
  (/12): BoundParams(name=/12, inputs=[], perturbed=False)
  (/13): BoundFlatten(name=/13, inputs=[/0], perturbed=True)
  (/input): BoundLinear(name=/input, inputs=[/13, /7, /8], perturbed=True)
  (/15): BoundRelu(name=/15, inputs=[/input], perturbed=True)
  (/input-3): BoundLinear(name=/input-3, inputs=[/15, /9, /10], perturbed=True)
  (/17): BoundRelu(name=/17, inputs=[/input-3], perturbed=True)
  (/18): BoundLinear(name=/18, inputs=[/17, /11, /12], perturbed=True)
)
Original output in the first batch: tensor([[ -0.08586299,   7.13414764,   0.38330495,  13.39432526,  -6.75918531,
          -8.28277969,   1.54041052, -13.12843227,  -9.24430180,  -4.84601736,
         -15.63395500,  -7.35314035, -15.13299465,  -0.56074101,   9.43519211,
          -3.24533129,   0.68627095,  -7.34730244,   0.29767442, -11.66249180,
          -3.67346191, -11.95575428, -10.18679047, -16.48111725,  -7.01312160,
          -9.20983982]])
Split layers:
Nonlinear functions:
   BoundRelu(name=/15, inputs=[/input], perturbed=True)
   BoundRelu(name=/17, inputs=[/input-3], perturbed=True)
build batch [1/1]
initial crown bounds (first 10 items): [12.498720169067383, 5.228171348571777, 11.937338829040527, 19.075634002685547, 20.86852264404297, 10.822635650634766, 25.555665969848633, 21.783527374267578, 17.36330795288086, 27.836156845092773]
Global lower bound: 3.1550493240356445
verified with init bound!
Result: safe-incomplete in 0.1595 seconds

 %%%%%%%%%%%%%%%%%%%%%%%%%%%%%%%%%%% idx: 33, vnnlib ID: 33 %%%%%%%%%%%%%%%%%%%%%%%%%%%%%%%%%%%
Using onnx models/emnist_fc.onnx
Using vnnlib specs/sample_2403_d.vnnlib
784 inputs and 26 outputs in vnnlib
Loading onnx /home/master2/Desktop/saehee/XAI/Assignment_04/emnist_abcrown/models/emnist_fc.onnx with quirks {}
Finished onnx model loading in 0.0026 seconds
Finished vnnlib processing in 0.000320 seconds
Attack parameters: initialization=uniform, steps=100, restarts=5, alpha=0.002500012516975403, GAMA=False
PGD attack margin (first 2 examples and 10 specs):
 tensor([[18.11795044, 14.94125748, 28.85556030, 24.58645630, 24.47183037,
         28.13208961, 20.23290062, 14.68190670, 15.74222755, 30.00107193]])
Total number of violation:  0
Processing batch 1/1...
PGD attack margin (first 2 examples and 10 specs):
 tensor([[17.42679214, 14.40780926, 28.15023613, 23.84296799, 23.85126877,
         27.45993423, 19.61481094, 14.05046654, 15.06494713, 29.11865616]])
Total number of violation:  0
Attack finished in 0.1072 seconds.
PGD attack failed
verified_status unknown
verified_success False
Model: BoundedModule(
  (/0): BoundInput(name=/0, inputs=[], perturbed=True)
  (/7): BoundParams(name=/7, inputs=[], perturbed=False)
  (/8): BoundParams(name=/8, inputs=[], perturbed=False)
  (/9): BoundParams(name=/9, inputs=[], perturbed=False)
  (/10): BoundParams(name=/10, inputs=[], perturbed=False)
  (/11): BoundParams(name=/11, inputs=[], perturbed=False)
  (/12): BoundParams(name=/12, inputs=[], perturbed=False)
  (/13): BoundFlatten(name=/13, inputs=[/0], perturbed=True)
  (/input): BoundLinear(name=/input, inputs=[/13, /7, /8], perturbed=True)
  (/15): BoundRelu(name=/15, inputs=[/input], perturbed=True)
  (/input-3): BoundLinear(name=/input-3, inputs=[/15, /9, /10], perturbed=True)
  (/17): BoundRelu(name=/17, inputs=[/input-3], perturbed=True)
  (/18): BoundLinear(name=/18, inputs=[/17, /11, /12], perturbed=True)
)
Original output in the first batch: tensor([[ -6.11504602,  -2.88534117, -16.84407806,  12.05058098, -12.50039864,
         -12.48112106, -16.13733101,  -8.19788837,  -2.66334915,  -3.70972228,
         -17.95129967,  -9.72152042, -12.61481571,  -0.57256681,  -3.87144041,
          11.38692760,  -5.14855766,   1.60673404, -12.63398457, -10.71679974,
          -1.17472816,  -3.78440785,  -5.73975992, -16.71784973,  -9.71757126,
          -7.05328703]])
Split layers:
Nonlinear functions:
   BoundRelu(name=/15, inputs=[/input], perturbed=True)
   BoundRelu(name=/17, inputs=[/input-3], perturbed=True)
build batch [1/1]
initial crown bounds (first 10 items): [17.376361846923828, 14.327729225158691, 28.079816818237305, 23.73050308227539, 23.782503128051758, 27.393051147460938, 19.53553009033203, 14.016558647155762, 15.0265474319458, 29.088590621948242]
Global lower bound: 0.1214337944984436
verified with init bound!
Result: safe-incomplete in 0.1565 seconds

 %%%%%%%%%%%%%%%%%%%%%%%%%%%%%%%%%%% idx: 34, vnnlib ID: 34 %%%%%%%%%%%%%%%%%%%%%%%%%%%%%%%%%%%
Using onnx models/emnist_fc.onnx
Using vnnlib specs/sample_2404_d.vnnlib
784 inputs and 26 outputs in vnnlib
Loading onnx /home/master2/Desktop/saehee/XAI/Assignment_04/emnist_abcrown/models/emnist_fc.onnx with quirks {}
Finished onnx model loading in 0.0027 seconds
Finished vnnlib processing in 0.000361 seconds
Attack parameters: initialization=uniform, steps=100, restarts=5, alpha=0.002500012516975403, GAMA=False
PGD attack margin (first 2 examples and 10 specs):
 tensor([[12.88196754, 10.12582302, 14.89914799, 18.10537529, 14.52463055,
         17.91100121, 18.48173141, 13.07180786, 11.84065247, 22.03081512]])
Total number of violation:  0
Processing batch 1/1...
PGD attack margin (first 2 examples and 10 specs):
 tensor([[12.11838722,  9.48928928, 13.99349880, 17.26259232, 13.81974983,
         17.12864494, 17.67981720, 12.45072460, 11.16433430, 21.04735184]])
Total number of violation:  0
Attack finished in 0.1124 seconds.
PGD attack failed
verified_status unknown
verified_success False
Model: BoundedModule(
  (/0): BoundInput(name=/0, inputs=[], perturbed=True)
  (/7): BoundParams(name=/7, inputs=[], perturbed=False)
  (/8): BoundParams(name=/8, inputs=[], perturbed=False)
  (/9): BoundParams(name=/9, inputs=[], perturbed=False)
  (/10): BoundParams(name=/10, inputs=[], perturbed=False)
  (/11): BoundParams(name=/11, inputs=[], perturbed=False)
  (/12): BoundParams(name=/12, inputs=[], perturbed=False)
  (/13): BoundFlatten(name=/13, inputs=[/0], perturbed=True)
  (/input): BoundLinear(name=/input, inputs=[/13, /7, /8], perturbed=True)
  (/15): BoundRelu(name=/15, inputs=[/input], perturbed=True)
  (/input-3): BoundLinear(name=/input-3, inputs=[/15, /9, /10], perturbed=True)
  (/17): BoundRelu(name=/17, inputs=[/input-3], perturbed=True)
  (/18): BoundLinear(name=/18, inputs=[/17, /11, /12], perturbed=True)
)
Original output in the first batch: tensor([[ -3.01718473,  -0.23661181,  -5.01021004,   9.90569401,  -8.20474052,
          -4.64687872,  -8.04512882,  -8.63581657,  -3.23375893,  -1.99172854,
         -12.20345688,  -3.51157546, -12.08400726,  -2.28256392,   5.46016550,
           4.62841845,   1.88604975,  -1.16602385,  -3.79377794,  -4.72365284,
           0.07310979,  -3.44235229,  -8.90836906,  -8.53332996,  -4.79144573,
          -7.39249754]])
Split layers:
Nonlinear functions:
   BoundRelu(name=/15, inputs=[/input], perturbed=True)
   BoundRelu(name=/17, inputs=[/input-3], perturbed=True)
build batch [1/1]
initial crown bounds (first 10 items): [12.017098426818848, 9.42950439453125, 13.93790054321289, 17.198823928833008, 13.790109634399414, 17.07769012451172, 17.60959815979004, 12.382271766662598, 11.096701622009277, 20.993383407592773]
Global lower bound: 3.6821887493133545
verified with init bound!
Result: safe-incomplete in 0.1615 seconds

 %%%%%%%%%%%%%%%%%%%%%%%%%%%%%%%%%%% idx: 35, vnnlib ID: 35 %%%%%%%%%%%%%%%%%%%%%%%%%%%%%%%%%%%
Using onnx models/emnist_fc.onnx
Using vnnlib specs/sample_2405_d.vnnlib
784 inputs and 26 outputs in vnnlib
Loading onnx /home/master2/Desktop/saehee/XAI/Assignment_04/emnist_abcrown/models/emnist_fc.onnx with quirks {}
Finished onnx model loading in 0.0029 seconds
Finished vnnlib processing in 0.000381 seconds
Attack parameters: initialization=uniform, steps=100, restarts=5, alpha=0.0025000013411045074, GAMA=False
PGD attack margin (first 2 examples and 10 specs):
 tensor([[10.14242268, 12.40607738, 15.28678703, 19.80973625, 26.01011848,
         16.08230972, 13.54012108, 14.81023788, 11.94100952, 18.71001053]])
Total number of violation:  0
Processing batch 1/1...
PGD attack margin (first 2 examples and 10 specs):
 tensor([[ 9.45155716, 11.61824894, 14.56988907, 18.77400589, 24.89585495,
         15.16249657, 12.68938923, 14.02369881, 11.09085655, 17.47610283]])
Total number of violation:  0
Attack finished in 0.1105 seconds.
PGD attack failed
verified_status unknown
verified_success False
Model: BoundedModule(
  (/0): BoundInput(name=/0, inputs=[], perturbed=True)
  (/7): BoundParams(name=/7, inputs=[], perturbed=False)
  (/8): BoundParams(name=/8, inputs=[], perturbed=False)
  (/9): BoundParams(name=/9, inputs=[], perturbed=False)
  (/10): BoundParams(name=/10, inputs=[], perturbed=False)
  (/11): BoundParams(name=/11, inputs=[], perturbed=False)
  (/12): BoundParams(name=/12, inputs=[], perturbed=False)
  (/13): BoundFlatten(name=/13, inputs=[/0], perturbed=True)
  (/input): BoundLinear(name=/input, inputs=[/13, /7, /8], perturbed=True)
  (/15): BoundRelu(name=/15, inputs=[/input], perturbed=True)
  (/input-3): BoundLinear(name=/input-3, inputs=[/15, /9, /10], perturbed=True)
  (/17): BoundRelu(name=/17, inputs=[/input-3], perturbed=True)
  (/18): BoundLinear(name=/18, inputs=[/17, /11, /12], perturbed=True)
)
Original output in the first batch: tensor([[  0.80783427,  -1.56698442,  -4.42305422,  10.89116383,  -8.92254066,
         -15.02913189,  -5.12151384,  -2.63113642,  -3.93810177,  -1.04872012,
          -7.79181385,  -0.74379933, -17.06848145,  -2.42061758, -17.93307114,
         -21.14422607,  -9.42978191, -10.31640530,  -5.83974314,  -3.86197734,
          -0.76213533, -17.17926025,  -6.65285826,  -7.96190310,   0.49646860,
         -12.68834400]])
Split layers:
Nonlinear functions:
   BoundRelu(name=/15, inputs=[/input], perturbed=True)
   BoundRelu(name=/17, inputs=[/input-3], perturbed=True)
build batch [1/1]
initial crown bounds (first 10 items): [9.271147727966309, 11.394617080688477, 14.242953300476074, 18.440141677856445, 24.60765838623047, 14.868234634399414, 12.48936939239502, 13.799312591552734, 10.823748588562012, 17.16230583190918]
Global lower bound: 9.271147727966309
verified with init bound!
Result: safe-incomplete in 0.2255 seconds

 %%%%%%%%%%%%%%%%%%%%%%%%%%%%%%%%%%% idx: 36, vnnlib ID: 36 %%%%%%%%%%%%%%%%%%%%%%%%%%%%%%%%%%%
Using onnx models/emnist_fc.onnx
Using vnnlib specs/sample_2406_d.vnnlib
784 inputs and 26 outputs in vnnlib
Loading onnx /home/master2/Desktop/saehee/XAI/Assignment_04/emnist_abcrown/models/emnist_fc.onnx with quirks {}
Finished onnx model loading in 0.0026 seconds
Finished vnnlib processing in 0.000325 seconds
Attack parameters: initialization=uniform, steps=100, restarts=5, alpha=0.0025000013411045074, GAMA=False
PGD attack margin (first 2 examples and 10 specs):
 tensor([[ 3.61956191,  6.15443230, 13.45673466, 12.18861580, 10.06831932,
          2.27010989, 16.26863480, 11.28536987,  5.62269592, 15.42858505]])
Total number of violation:  0
Processing batch 1/1...
PGD attack margin (first 2 examples and 10 specs):
 tensor([[ 3.01935482,  5.33576775, 12.67737865, 11.31155109,  9.27451134,
          1.29351091, 15.40437317, 10.42012787,  4.72822332, 14.42185783]])
Total number of violation:  0
Attack finished in 0.1250 seconds.
PGD attack failed
verified_status unknown
verified_success False
Model: BoundedModule(
  (/0): BoundInput(name=/0, inputs=[], perturbed=True)
  (/7): BoundParams(name=/7, inputs=[], perturbed=False)
  (/8): BoundParams(name=/8, inputs=[], perturbed=False)
  (/9): BoundParams(name=/9, inputs=[], perturbed=False)
  (/10): BoundParams(name=/10, inputs=[], perturbed=False)
  (/11): BoundParams(name=/11, inputs=[], perturbed=False)
  (/12): BoundParams(name=/12, inputs=[], perturbed=False)
  (/13): BoundFlatten(name=/13, inputs=[/0], perturbed=True)
  (/input): BoundLinear(name=/input, inputs=[/13, /7, /8], perturbed=True)
  (/15): BoundRelu(name=/15, inputs=[/input], perturbed=True)
  (/input-3): BoundLinear(name=/input-3, inputs=[/15, /9, /10], perturbed=True)
  (/17): BoundRelu(name=/17, inputs=[/input-3], perturbed=True)
  (/18): BoundLinear(name=/18, inputs=[/17, /11, /12], perturbed=True)
)
Original output in the first batch: tensor([[  1.61835992,  -0.95585060,  -8.24312687,   5.24529934,  -7.06428909,
          -4.79809570,   3.00121021, -11.00562477,  -5.90235901,  -0.27438980,
         -10.30075645,  -4.16212559, -18.34406281,  -6.81022215,  -7.10654116,
         -10.31982327,   4.04119921,  -6.72030497,  -6.02447081,  -4.49066782,
          -8.52800083, -14.14846516,  -3.26426482,  -0.59209222,   0.50755256,
           1.92328668]])
Split layers:
Nonlinear functions:
   BoundRelu(name=/15, inputs=[/input], perturbed=True)
   BoundRelu(name=/17, inputs=[/input-3], perturbed=True)
build batch [1/1]
initial crown bounds (first 10 items): [2.88576078414917, 5.117552280426025, 12.487229347229004, 11.107156753540039, 9.077557563781738, 1.0967371463775635, 15.188045501708984, 10.20030689239502, 4.522880554199219, 14.13544750213623]
Global lower bound: 0.02234208583831787
verified with init bound!
Result: safe-incomplete in 0.1766 seconds

 %%%%%%%%%%%%%%%%%%%%%%%%%%%%%%%%%%% idx: 37, vnnlib ID: 37 %%%%%%%%%%%%%%%%%%%%%%%%%%%%%%%%%%%
Using onnx models/emnist_fc.onnx
Using vnnlib specs/sample_2407_d.vnnlib
784 inputs and 26 outputs in vnnlib
Loading onnx /home/master2/Desktop/saehee/XAI/Assignment_04/emnist_abcrown/models/emnist_fc.onnx with quirks {}
Finished onnx model loading in 0.0025 seconds
Finished vnnlib processing in 0.000346 seconds
Attack parameters: initialization=uniform, steps=100, restarts=5, alpha=0.0025000013411045074, GAMA=False
PGD attack margin (first 2 examples and 10 specs):
 tensor([[12.68249321,  7.69059896, 20.78596878, 23.87390900, 19.46461296,
         14.13708210, 15.96473598, 20.47555542, 15.26644993, 27.07894516]])
Total number of violation:  0
Processing batch 1/1...
PGD attack margin (first 2 examples and 10 specs):
 tensor([[12.00052261,  6.95239162, 19.79363251, 23.00963593, 18.83264160,
         13.34656048, 15.28099060, 19.80456161, 14.54231071, 26.25211334]])
Total number of violation:  0
Attack finished in 0.1206 seconds.
PGD attack failed
verified_status unknown
verified_success False
Model: BoundedModule(
  (/0): BoundInput(name=/0, inputs=[], perturbed=True)
  (/7): BoundParams(name=/7, inputs=[], perturbed=False)
  (/8): BoundParams(name=/8, inputs=[], perturbed=False)
  (/9): BoundParams(name=/9, inputs=[], perturbed=False)
  (/10): BoundParams(name=/10, inputs=[], perturbed=False)
  (/11): BoundParams(name=/11, inputs=[], perturbed=False)
  (/12): BoundParams(name=/12, inputs=[], perturbed=False)
  (/13): BoundFlatten(name=/13, inputs=[/0], perturbed=True)
  (/input): BoundLinear(name=/input, inputs=[/13, /7, /8], perturbed=True)
  (/15): BoundRelu(name=/15, inputs=[/input], perturbed=True)
  (/input-3): BoundLinear(name=/input-3, inputs=[/15, /9, /10], perturbed=True)
  (/17): BoundRelu(name=/17, inputs=[/input-3], perturbed=True)
  (/18): BoundLinear(name=/18, inputs=[/17, /11, /12], perturbed=True)
)
Original output in the first batch: tensor([[ -0.77434552,   4.26117468,  -8.91675758,  11.91899395, -11.95066643,
          -7.61696243,  -2.24245358,  -4.12241936,  -8.66475773,  -3.49026561,
         -15.17019272,  -6.72960806, -10.53313828,   0.54717368,   2.42804790,
          -1.07296491,   1.12669432,  -7.99764872,  -2.02815843, -11.02869320,
           2.14822721,  -5.73561049,  -3.41369605, -11.79252625,  -4.72696733,
          -8.86719418]])
Split layers:
Nonlinear functions:
   BoundRelu(name=/15, inputs=[/input], perturbed=True)
   BoundRelu(name=/17, inputs=[/input-3], perturbed=True)
build batch [1/1]
initial crown bounds (first 10 items): [11.807852745056152, 6.774661064147949, 19.63068199157715, 22.8070125579834, 18.634471893310547, 13.16540813446045, 15.130623817443848, 19.700130462646484, 14.349127769470215, 26.175785064697266]
Global lower bound: 6.774661064147949
verified with init bound!
Result: safe-incomplete in 0.1678 seconds

 %%%%%%%%%%%%%%%%%%%%%%%%%%%%%%%%%%% idx: 38, vnnlib ID: 38 %%%%%%%%%%%%%%%%%%%%%%%%%%%%%%%%%%%
Using onnx models/emnist_fc.onnx
Using vnnlib specs/sample_2408_d.vnnlib
784 inputs and 26 outputs in vnnlib
Loading onnx /home/master2/Desktop/saehee/XAI/Assignment_04/emnist_abcrown/models/emnist_fc.onnx with quirks {}
Finished onnx model loading in 0.0026 seconds
Finished vnnlib processing in 0.000346 seconds
Attack parameters: initialization=uniform, steps=100, restarts=5, alpha=0.002500012516975403, GAMA=False
PGD attack margin (first 2 examples and 10 specs):
 tensor([[ 8.62119865,  7.85684204, 12.14935970,  9.42892170,  4.43371868,
          5.64957380, 10.89413261,  6.74644375,  5.55653286, 18.09064865]])
Total number of violation:  0
Processing batch 1/1...
PGD attack margin (first 2 examples and 10 specs):
 tensor([[ 7.86865997,  6.95084524, 11.38669491,  8.74276447,  3.75312734,
          4.61903620, 10.26125336,  5.83051395,  4.76670933, 16.99047089]])
Total number of violation:  0
Attack finished in 0.1179 seconds.
PGD attack failed
verified_status unknown
verified_success False
Model: BoundedModule(
  (/0): BoundInput(name=/0, inputs=[], perturbed=True)
  (/7): BoundParams(name=/7, inputs=[], perturbed=False)
  (/8): BoundParams(name=/8, inputs=[], perturbed=False)
  (/9): BoundParams(name=/9, inputs=[], perturbed=False)
  (/10): BoundParams(name=/10, inputs=[], perturbed=False)
  (/11): BoundParams(name=/11, inputs=[], perturbed=False)
  (/12): BoundParams(name=/12, inputs=[], perturbed=False)
  (/13): BoundFlatten(name=/13, inputs=[/0], perturbed=True)
  (/input): BoundLinear(name=/input, inputs=[/13, /7, /8], perturbed=True)
  (/15): BoundRelu(name=/15, inputs=[/input], perturbed=True)
  (/input-3): BoundLinear(name=/input-3, inputs=[/15, /9, /10], perturbed=True)
  (/17): BoundRelu(name=/17, inputs=[/input-3], perturbed=True)
  (/18): BoundLinear(name=/18, inputs=[/17, /11, /12], perturbed=True)
)
Original output in the first batch: tensor([[ -3.41486311,  -2.51998711,  -6.99450254,   5.25837088,  -4.16999674,
           0.69057667,  -0.45881680,  -5.66133785,  -1.50960898,  -0.37283480,
         -12.80119801,  -1.62283099, -13.73549938,  -6.87583351,   0.15597761,
           1.60189021,   0.33908883,  -3.91523576,  -1.55423880,  -5.17677784,
          -4.87100410,  -4.08841705,  -6.25626183,  -9.98126316,   0.47620541,
          -2.88203311]])
Split layers:
Nonlinear functions:
   BoundRelu(name=/15, inputs=[/input], perturbed=True)
   BoundRelu(name=/17, inputs=[/input-3], perturbed=True)
build batch [1/1]
initial crown bounds (first 10 items): [7.534121513366699, 6.546879768371582, 10.794977188110352, 8.310895919799805, 3.3082435131073, 4.213233470916748, 9.873085021972656, 5.273655891418457, 4.277924060821533, 16.73935890197754]
Global lower bound: 2.484773635864258
verified with init bound!
Result: safe-incomplete in 0.1688 seconds

 %%%%%%%%%%%%%%%%%%%%%%%%%%%%%%%%%%% idx: 39, vnnlib ID: 39 %%%%%%%%%%%%%%%%%%%%%%%%%%%%%%%%%%%
Using onnx models/emnist_fc.onnx
Using vnnlib specs/sample_2409_d.vnnlib
784 inputs and 26 outputs in vnnlib
Loading onnx /home/master2/Desktop/saehee/XAI/Assignment_04/emnist_abcrown/models/emnist_fc.onnx with quirks {}
Finished onnx model loading in 0.0026 seconds
Finished vnnlib processing in 0.000339 seconds
Attack parameters: initialization=uniform, steps=100, restarts=5, alpha=0.0025000013411045074, GAMA=False
PGD attack margin (first 2 examples and 10 specs):
 tensor([[10.97153473, 13.94438648, 16.08539009, 21.50580406, 25.09047699,
         18.12621498, 22.64382362, 16.99500275, 15.14964867, 29.39990997]])
Total number of violation:  0
Processing batch 1/1...
PGD attack margin (first 2 examples and 10 specs):
 tensor([[10.24474144, 13.39473724, 15.14176083, 20.76979446, 24.37060547,
         17.35956001, 21.91699028, 16.35005951, 14.37697983, 28.59555817]])
Total number of violation:  0
Attack finished in 0.1233 seconds.
PGD attack failed
verified_status unknown
verified_success False
Model: BoundedModule(
  (/0): BoundInput(name=/0, inputs=[], perturbed=True)
  (/7): BoundParams(name=/7, inputs=[], perturbed=False)
  (/8): BoundParams(name=/8, inputs=[], perturbed=False)
  (/9): BoundParams(name=/9, inputs=[], perturbed=False)
  (/10): BoundParams(name=/10, inputs=[], perturbed=False)
  (/11): BoundParams(name=/11, inputs=[], perturbed=False)
  (/12): BoundParams(name=/12, inputs=[], perturbed=False)
  (/13): BoundFlatten(name=/13, inputs=[/0], perturbed=True)
  (/input): BoundLinear(name=/input, inputs=[/13, /7, /8], perturbed=True)
  (/15): BoundRelu(name=/15, inputs=[/input], perturbed=True)
  (/input-3): BoundLinear(name=/input-3, inputs=[/15, /9, /10], perturbed=True)
  (/17): BoundRelu(name=/17, inputs=[/input-3], perturbed=True)
  (/18): BoundLinear(name=/18, inputs=[/17, /11, /12], perturbed=True)
)
Original output in the first batch: tensor([[  0.26534736,  -2.66850209,  -4.85136652,  11.21993446, -10.24503899,
         -13.85321426,  -6.87820625, -11.45663929,  -5.82177162,  -3.96813798,
         -18.14508820,  -2.34784198, -21.04194069,  -7.20342779,   9.64496899,
          -0.63661468,   3.90779877, -11.33815098,  -6.41595793,  -8.41212463,
           5.61894655,  -4.93167353,  -4.83036375, -13.39669323,  -1.88731802,
          -8.84998417]])
Split layers:
Nonlinear functions:
   BoundRelu(name=/15, inputs=[/input], perturbed=True)
   BoundRelu(name=/17, inputs=[/input-3], perturbed=True)
build batch [1/1]
initial crown bounds (first 10 items): [10.093454360961914, 13.283880233764648, 15.049339294433594, 20.61524200439453, 24.238239288330078, 17.218292236328125, 21.85152244567871, 16.2973575592041, 14.32320499420166, 28.500951766967773]
Global lower bound: 0.8425484895706177
verified with init bound!
Result: safe-incomplete in 0.1892 seconds

 %%%%%%%%%%%%%%%%%%%%%%%%%%%%%%%%%%% idx: 40, vnnlib ID: 40 %%%%%%%%%%%%%%%%%%%%%%%%%%%%%%%%%%%
Using onnx models/emnist_fc.onnx
Using vnnlib specs/sample_3200_e.vnnlib
Precompiled vnnlib file found at /home/master2/Desktop/saehee/XAI/Assignment_04/emnist_abcrown/specs/sample_3200_e.vnnlib.compiled
Loading onnx /home/master2/Desktop/saehee/XAI/Assignment_04/emnist_abcrown/models/emnist_fc.onnx with quirks {}
Finished onnx model loading in 0.0027 seconds
Finished vnnlib processing in 0.000322 seconds
Attack parameters: initialization=uniform, steps=100, restarts=5, alpha=0.0025000013411045074, GAMA=False
PGD attack margin (first 2 examples and 10 specs):
 tensor([[12.06453800, 11.28036785,  6.38487053, 19.22505379, 20.14829254,
         12.07452965, 28.01152611, 22.30105972, 26.98546600, 19.76723480]])
Total number of violation:  0
Processing batch 1/1...
PGD attack margin (first 2 examples and 10 specs):
 tensor([[11.35917473, 10.25793648,  5.57925224, 18.31107712, 19.44427681,
         11.52592659, 27.16699982, 21.58990479, 26.18506241, 18.93644714]])
Total number of violation:  0
Attack finished in 0.1199 seconds.
PGD attack failed
verified_status unknown
verified_success False
Model: BoundedModule(
  (/0): BoundInput(name=/0, inputs=[], perturbed=True)
  (/7): BoundParams(name=/7, inputs=[], perturbed=False)
  (/8): BoundParams(name=/8, inputs=[], perturbed=False)
  (/9): BoundParams(name=/9, inputs=[], perturbed=False)
  (/10): BoundParams(name=/10, inputs=[], perturbed=False)
  (/11): BoundParams(name=/11, inputs=[], perturbed=False)
  (/12): BoundParams(name=/12, inputs=[], perturbed=False)
  (/13): BoundFlatten(name=/13, inputs=[/0], perturbed=True)
  (/input): BoundLinear(name=/input, inputs=[/13, /7, /8], perturbed=True)
  (/15): BoundRelu(name=/15, inputs=[/input], perturbed=True)
  (/input-3): BoundLinear(name=/input-3, inputs=[/15, /9, /10], perturbed=True)
  (/17): BoundRelu(name=/17, inputs=[/input-3], perturbed=True)
  (/18): BoundLinear(name=/18, inputs=[/17, /11, /12], perturbed=True)
)
Original output in the first batch: tensor([[  0.42325848,   1.14709163,   6.16593790,  -6.71238613,  12.52241993,
          -7.70081949,   0.40307495, -15.60649204,  -9.74734306, -14.53205299,
          -7.25722837,  -2.30918360, -24.95328903,  -9.91672897,  -4.42709064,
          -1.51038158,  -1.00870371,   6.46063757,  -5.99478960,  -0.76372349,
         -15.49804115, -21.64914894, -20.60475922, -13.19189262, -10.33395100,
          -1.25456643]])
Split layers:
Nonlinear functions:
   BoundRelu(name=/15, inputs=[/input], perturbed=True)
   BoundRelu(name=/17, inputs=[/input-3], perturbed=True)
build batch [1/1]
initial crown bounds (first 10 items): [11.19381046295166, 10.1132230758667, 5.51630973815918, 18.179521560668945, 19.246824264526367, 11.264140129089355, 27.016170501708984, 21.5219783782959, 26.022300720214844, 18.83063507080078]
Global lower bound: 5.279409885406494
verified with init bound!
Result: safe-incomplete in 0.1491 seconds

 %%%%%%%%%%%%%%%%%%%%%%%%%%%%%%%%%%% idx: 41, vnnlib ID: 41 %%%%%%%%%%%%%%%%%%%%%%%%%%%%%%%%%%%
Using onnx models/emnist_fc.onnx
Using vnnlib specs/sample_3201_e.vnnlib
784 inputs and 26 outputs in vnnlib
Loading onnx /home/master2/Desktop/saehee/XAI/Assignment_04/emnist_abcrown/models/emnist_fc.onnx with quirks {}
Finished onnx model loading in 0.0027 seconds
Finished vnnlib processing in 0.000341 seconds
Attack parameters: initialization=uniform, steps=100, restarts=5, alpha=0.002500012516975403, GAMA=False
PGD attack margin (first 2 examples and 10 specs):
 tensor([[21.40526009, 11.91656494, 13.21976852, 22.92143059, 15.15129280,
         20.43774414, 27.80403519, 22.72665787, 28.02732849, 18.63593102]])
Total number of violation:  0
Processing batch 1/1...
PGD attack margin (first 2 examples and 10 specs):
 tensor([[20.40849113, 10.68487740, 12.60890961, 21.69797325, 14.39620304,
         19.70617676, 26.64585114, 21.92641068, 27.22749519, 17.46496582]])
Total number of violation:  0
Attack finished in 0.1198 seconds.
PGD attack failed
verified_status unknown
verified_success False
Model: BoundedModule(
  (/0): BoundInput(name=/0, inputs=[], perturbed=True)
  (/7): BoundParams(name=/7, inputs=[], perturbed=False)
  (/8): BoundParams(name=/8, inputs=[], perturbed=False)
  (/9): BoundParams(name=/9, inputs=[], perturbed=False)
  (/10): BoundParams(name=/10, inputs=[], perturbed=False)
  (/11): BoundParams(name=/11, inputs=[], perturbed=False)
  (/12): BoundParams(name=/12, inputs=[], perturbed=False)
  (/13): BoundFlatten(name=/13, inputs=[/0], perturbed=True)
  (/input): BoundLinear(name=/input, inputs=[/13, /7, /8], perturbed=True)
  (/15): BoundRelu(name=/15, inputs=[/input], perturbed=True)
  (/input-3): BoundLinear(name=/input-3, inputs=[/15, /9, /10], perturbed=True)
  (/17): BoundRelu(name=/17, inputs=[/input-3], perturbed=True)
  (/18): BoundLinear(name=/18, inputs=[/17, /11, /12], perturbed=True)
)
Original output in the first batch: tensor([[ -5.33491325,   4.18227720,   2.79845619,  -6.85136366,  16.05189323,
           0.93048847,  -4.36466885, -11.76619434,  -6.73561573, -12.05459213,
          -2.49015379,  -0.89099896, -28.04088974, -19.25818825, -14.17273998,
          -9.72386265,  -5.97407389,   6.68750715,  -3.25070453,  -1.08293617,
         -19.68981361, -24.56153870, -21.24483681, -14.93474579, -11.63776302,
          -3.01430655]])
Split layers:
Nonlinear functions:
   BoundRelu(name=/15, inputs=[/input], perturbed=True)
   BoundRelu(name=/17, inputs=[/input-3], perturbed=True)
build batch [1/1]
initial crown bounds (first 10 items): [20.35996437072754, 10.654497146606445, 12.556438446044922, 21.665605545043945, 14.345224380493164, 19.645843505859375, 26.551837921142578, 21.864608764648438, 27.1566162109375, 17.38224983215332]
Global lower bound: 8.422919273376465
verified with init bound!
Result: safe-incomplete in 0.1737 seconds

 %%%%%%%%%%%%%%%%%%%%%%%%%%%%%%%%%%% idx: 42, vnnlib ID: 42 %%%%%%%%%%%%%%%%%%%%%%%%%%%%%%%%%%%
Using onnx models/emnist_fc.onnx
Using vnnlib specs/sample_3202_e.vnnlib
784 inputs and 26 outputs in vnnlib
Loading onnx /home/master2/Desktop/saehee/XAI/Assignment_04/emnist_abcrown/models/emnist_fc.onnx with quirks {}
Finished onnx model loading in 0.0029 seconds
Finished vnnlib processing in 0.000381 seconds
Attack parameters: initialization=uniform, steps=100, restarts=5, alpha=0.0025000013411045074, GAMA=False
PGD attack margin (first 2 examples and 10 specs):
 tensor([[10.60753155, 18.72687149,  6.94173050, 17.82294464, 21.65738297,
         12.01609993, 29.74165726, 16.91103745, 18.42387199, 16.01337814]])
Total number of violation:  0
Processing batch 1/1...
PGD attack margin (first 2 examples and 10 specs):
 tensor([[ 9.66915607, 17.59625626,  6.39452744, 16.91095734, 20.76203537,
         11.13166714, 28.34474564, 16.24197769, 17.62350082, 14.76843643]])
Total number of violation:  0
Attack finished in 0.1122 seconds.
PGD attack failed
verified_status unknown
verified_success False
Model: BoundedModule(
  (/0): BoundInput(name=/0, inputs=[], perturbed=True)
  (/7): BoundParams(name=/7, inputs=[], perturbed=False)
  (/8): BoundParams(name=/8, inputs=[], perturbed=False)
  (/9): BoundParams(name=/9, inputs=[], perturbed=False)
  (/10): BoundParams(name=/10, inputs=[], perturbed=False)
  (/11): BoundParams(name=/11, inputs=[], perturbed=False)
  (/12): BoundParams(name=/12, inputs=[], perturbed=False)
  (/13): BoundFlatten(name=/13, inputs=[/0], perturbed=True)
  (/input): BoundLinear(name=/input, inputs=[/13, /7, /8], perturbed=True)
  (/15): BoundRelu(name=/15, inputs=[/input], perturbed=True)
  (/input-3): BoundLinear(name=/input-3, inputs=[/15, /9, /10], perturbed=True)
  (/17): BoundRelu(name=/17, inputs=[/input-3], perturbed=True)
  (/18): BoundLinear(name=/18, inputs=[/17, /11, /12], perturbed=True)
)
Original output in the first batch: tensor([[  1.63092363,  -6.47546577,   5.29719448,  -5.58192301,  12.18384171,
          -9.36840630,   0.26844028, -17.52320480,  -4.68074322,  -6.14919567,
          -3.83103848,  -5.19393826, -11.56437302,  -4.52708817,  -1.68479252,
          -5.79405642,  -0.42667958,  -0.63768166,  -5.66319513,  -4.69069338,
          -7.81345081, -12.36304760, -11.64529419,  -5.29653025,  -5.38493156,
           2.02844572]])
Split layers:
Nonlinear functions:
   BoundRelu(name=/15, inputs=[/input], perturbed=True)
   BoundRelu(name=/17, inputs=[/input-3], perturbed=True)
build batch [1/1]
initial crown bounds (first 10 items): [9.31270980834961, 17.382707595825195, 6.1863908767700195, 16.60178565979004, 20.51511573791504, 10.921798706054688, 28.04886245727539, 16.015178680419922, 17.351806640625, 14.558308601379395]
Global lower bound: 6.1863908767700195
verified with init bound!
Result: safe-incomplete in 0.2274 seconds

 %%%%%%%%%%%%%%%%%%%%%%%%%%%%%%%%%%% idx: 43, vnnlib ID: 43 %%%%%%%%%%%%%%%%%%%%%%%%%%%%%%%%%%%
Using onnx models/emnist_fc.onnx
Using vnnlib specs/sample_3203_e.vnnlib
784 inputs and 26 outputs in vnnlib
Loading onnx /home/master2/Desktop/saehee/XAI/Assignment_04/emnist_abcrown/models/emnist_fc.onnx with quirks {}
Finished onnx model loading in 0.0028 seconds
Finished vnnlib processing in 0.000347 seconds
Attack parameters: initialization=uniform, steps=100, restarts=5, alpha=0.0025000013411045074, GAMA=False
PGD attack margin (first 2 examples and 10 specs):
 tensor([[13.67198944, 18.49666023,  5.83636618, 14.21744823, 15.35018730,
         13.53510284, 22.87945175, 18.03373718, 18.07467461, 15.10046959]])
Total number of violation:  0
Processing batch 1/1...
PGD attack margin (first 2 examples and 10 specs):
 tensor([[12.82176018, 17.21403503,  5.15032673, 13.10194016, 14.63398075,
         12.74730778, 21.53715134, 17.34961700, 17.29626846, 13.88163376]])
Total number of violation:  0
Attack finished in 0.1068 seconds.
PGD attack failed
verified_status unknown
verified_success False
Model: BoundedModule(
  (/0): BoundInput(name=/0, inputs=[], perturbed=True)
  (/7): BoundParams(name=/7, inputs=[], perturbed=False)
  (/8): BoundParams(name=/8, inputs=[], perturbed=False)
  (/9): BoundParams(name=/9, inputs=[], perturbed=False)
  (/10): BoundParams(name=/10, inputs=[], perturbed=False)
  (/11): BoundParams(name=/11, inputs=[], perturbed=False)
  (/12): BoundParams(name=/12, inputs=[], perturbed=False)
  (/13): BoundFlatten(name=/13, inputs=[/0], perturbed=True)
  (/input): BoundLinear(name=/input, inputs=[/13, /7, /8], perturbed=True)
  (/15): BoundRelu(name=/15, inputs=[/input], perturbed=True)
  (/input-3): BoundLinear(name=/input-3, inputs=[/15, /9, /10], perturbed=True)
  (/17): BoundRelu(name=/17, inputs=[/input-3], perturbed=True)
  (/18): BoundLinear(name=/18, inputs=[/17, /11, /12], perturbed=True)
)
Original output in the first batch: tensor([[ -2.06427002,  -6.81995916,   5.82573509,  -2.57036567,  11.60588741,
          -3.70557308,  -1.87231028, -11.22613430,  -6.38579369,  -6.43744993,
          -3.39312840,  -0.21071193, -24.72830582, -16.12045288,  -5.83568335,
          -6.40412569,  -5.75060415,  -0.17215164,  -5.88291216,   4.69673252,
          -8.45893478, -16.94081116, -18.44577408, -13.67004585,  -6.09176970,
           2.63870263]])
Split layers:
Nonlinear functions:
   BoundRelu(name=/15, inputs=[/input], perturbed=True)
   BoundRelu(name=/17, inputs=[/input-3], perturbed=True)
build batch [1/1]
initial crown bounds (first 10 items): [12.583714485168457, 16.976932525634766, 4.956234455108643, 12.834402084350586, 14.462104797363281, 12.626083374023438, 21.39402198791504, 17.110374450683594, 17.078075408935547, 13.755806922912598]
Global lower bound: 4.956234455108643
verified with init bound!
Result: safe-incomplete in 0.1590 seconds

 %%%%%%%%%%%%%%%%%%%%%%%%%%%%%%%%%%% idx: 44, vnnlib ID: 44 %%%%%%%%%%%%%%%%%%%%%%%%%%%%%%%%%%%
Using onnx models/emnist_fc.onnx
Using vnnlib specs/sample_3204_e.vnnlib
784 inputs and 26 outputs in vnnlib
Loading onnx /home/master2/Desktop/saehee/XAI/Assignment_04/emnist_abcrown/models/emnist_fc.onnx with quirks {}
Finished onnx model loading in 0.0027 seconds
Finished vnnlib processing in 0.000332 seconds
Attack parameters: initialization=uniform, steps=100, restarts=5, alpha=0.002500012516975403, GAMA=False
PGD attack margin (first 2 examples and 10 specs):
 tensor([[15.45001602, 15.97239113,  0.92784691, 14.28455162, 15.55004025,
         12.77332115, 25.71220016, 14.32816696, 15.11864281, 15.72601795]])
Total number of violation:  0
Processing batch 1/1...
PGD attack margin (first 2 examples and 10 specs):
 tensor([[14.55581856, 14.85031414,  0.28923512, 13.30168152, 15.01863670,
         12.17700386, 24.40942001, 13.64540100, 14.39422226, 14.81777096]])
Total number of violation:  0
Attack finished in 0.1126 seconds.
PGD attack failed
verified_status unknown
verified_success False
Model: BoundedModule(
  (/0): BoundInput(name=/0, inputs=[], perturbed=True)
  (/7): BoundParams(name=/7, inputs=[], perturbed=False)
  (/8): BoundParams(name=/8, inputs=[], perturbed=False)
  (/9): BoundParams(name=/9, inputs=[], perturbed=False)
  (/10): BoundParams(name=/10, inputs=[], perturbed=False)
  (/11): BoundParams(name=/11, inputs=[], perturbed=False)
  (/12): BoundParams(name=/12, inputs=[], perturbed=False)
  (/13): BoundFlatten(name=/13, inputs=[/0], perturbed=True)
  (/input): BoundLinear(name=/input, inputs=[/13, /7, /8], perturbed=True)
  (/15): BoundRelu(name=/15, inputs=[/input], perturbed=True)
  (/input-3): BoundLinear(name=/input-3, inputs=[/15, /9, /10], perturbed=True)
  (/17): BoundRelu(name=/17, inputs=[/input-3], perturbed=True)
  (/18): BoundLinear(name=/18, inputs=[/17, /11, /12], perturbed=True)
)
Original output in the first batch: tensor([[ -4.47785378,  -4.96530247,  10.03301811,  -3.29553056,  10.90940571,
          -4.63879776,  -1.78339779, -14.75747013,  -3.40076780,  -4.15661383,
          -4.76468992,   5.53435326, -23.86307526, -15.65624237,  -0.70078015,
          -5.71130037,  -6.23222446,  -0.32193118,  -6.90085268,   4.21232319,
          -7.05631447, -12.66841984, -14.55346489, -18.84648514, -10.08075237,
          -0.36482263]])
Split layers:
Nonlinear functions:
   BoundRelu(name=/15, inputs=[/input], perturbed=True)
   BoundRelu(name=/17, inputs=[/input-3], perturbed=True)
build batch [1/1]
initial crown bounds (first 10 items): [14.36446762084961, 14.665974617004395, 0.09378805756568909, 13.092469215393066, 14.877007484436035, 12.039175033569336, 24.263042449951172, 13.53135871887207, 14.23891830444336, 14.696412086486816]
Global lower bound: 0.09378805756568909
verified with init bound!
Result: safe-incomplete in 0.1637 seconds

 %%%%%%%%%%%%%%%%%%%%%%%%%%%%%%%%%%% idx: 45, vnnlib ID: 45 %%%%%%%%%%%%%%%%%%%%%%%%%%%%%%%%%%%
Using onnx models/emnist_fc.onnx
Using vnnlib specs/sample_3205_e.vnnlib
784 inputs and 26 outputs in vnnlib
Loading onnx /home/master2/Desktop/saehee/XAI/Assignment_04/emnist_abcrown/models/emnist_fc.onnx with quirks {}
Finished onnx model loading in 0.0040 seconds
Finished vnnlib processing in 0.000348 seconds
Attack parameters: initialization=uniform, steps=100, restarts=5, alpha=0.002500012516975403, GAMA=False
PGD attack margin (first 2 examples and 10 specs):
 tensor([[22.48823166, 18.82944489, 11.83279896, 23.03149414, 19.21847534,
         23.06693268, 31.76999855, 28.07735634, 32.86509705, 16.57194328]])
Total number of violation:  0
Processing batch 1/1...
PGD attack margin (first 2 examples and 10 specs):
 tensor([[21.78157043, 17.70719337, 11.06665993, 22.15698814, 18.59352303,
         22.52176094, 30.93955612, 27.30689240, 32.12178802, 15.75340080]])
Total number of violation:  0
Attack finished in 0.1071 seconds.
PGD attack failed
verified_status unknown
verified_success False
Model: BoundedModule(
  (/0): BoundInput(name=/0, inputs=[], perturbed=True)
  (/7): BoundParams(name=/7, inputs=[], perturbed=False)
  (/8): BoundParams(name=/8, inputs=[], perturbed=False)
  (/9): BoundParams(name=/9, inputs=[], perturbed=False)
  (/10): BoundParams(name=/10, inputs=[], perturbed=False)
  (/11): BoundParams(name=/11, inputs=[], perturbed=False)
  (/12): BoundParams(name=/12, inputs=[], perturbed=False)
  (/13): BoundFlatten(name=/13, inputs=[/0], perturbed=True)
  (/input): BoundLinear(name=/input, inputs=[/13, /7, /8], perturbed=True)
  (/15): BoundRelu(name=/15, inputs=[/input], perturbed=True)
  (/input-3): BoundLinear(name=/input-3, inputs=[/15, /9, /10], perturbed=True)
  (/17): BoundRelu(name=/17, inputs=[/input-3], perturbed=True)
  (/18): BoundLinear(name=/18, inputs=[/17, /11, /12], perturbed=True)
)
Original output in the first batch: tensor([[ -5.18812561,  -1.55255842,   5.48549223,  -5.73781538,  17.28845787,
          -1.93146384,  -5.76227570, -14.57161427, -10.80110645, -15.55594826,
           0.65592092,  -3.17963839, -23.64773941, -13.57778835,  -3.27146196,
           1.67034590,  -3.51937056,   5.71947289,  -8.24108505,   0.29116097,
         -13.15575123, -17.83320236, -14.55361843,  -9.93793106,  -7.51425171,
          -4.08451700]])
Split layers:
Nonlinear functions:
   BoundRelu(name=/15, inputs=[/input], perturbed=True)
   BoundRelu(name=/17, inputs=[/input-3], perturbed=True)
build batch [1/1]
initial crown bounds (first 10 items): [21.63111686706543, 17.542451858520508, 10.969234466552734, 22.044750213623047, 18.40662956237793, 22.396320343017578, 30.769912719726562, 27.161958694458008, 31.924570083618164, 15.595913887023926]
Global lower bound: 10.752573013305664
verified with init bound!
Result: safe-incomplete in 0.1593 seconds

 %%%%%%%%%%%%%%%%%%%%%%%%%%%%%%%%%%% idx: 46, vnnlib ID: 46 %%%%%%%%%%%%%%%%%%%%%%%%%%%%%%%%%%%
Using onnx models/emnist_fc.onnx
Using vnnlib specs/sample_3206_e.vnnlib
784 inputs and 26 outputs in vnnlib
Loading onnx /home/master2/Desktop/saehee/XAI/Assignment_04/emnist_abcrown/models/emnist_fc.onnx with quirks {}
Finished onnx model loading in 0.0026 seconds
Finished vnnlib processing in 0.000387 seconds
Attack parameters: initialization=uniform, steps=100, restarts=5, alpha=0.002500012516975403, GAMA=False
PGD attack margin (first 2 examples and 10 specs):
 tensor([[11.19078732, 23.32164001,  8.62735367, 19.01713753, 20.96758652,
         14.50045681, 28.28661346, 21.65980911, 20.63805389, 19.77120590]])
Total number of violation:  0
Processing batch 1/1...
PGD attack margin (first 2 examples and 10 specs):
 tensor([[10.39168930, 22.13457489,  8.05718327, 18.23872757, 20.12999344,
         13.64109612, 26.95626259, 21.11017036, 19.93369484, 18.67646790]])
Total number of violation:  0
Attack finished in 0.1080 seconds.
PGD attack failed
verified_status unknown
verified_success False
Model: BoundedModule(
  (/0): BoundInput(name=/0, inputs=[], perturbed=True)
  (/7): BoundParams(name=/7, inputs=[], perturbed=False)
  (/8): BoundParams(name=/8, inputs=[], perturbed=False)
  (/9): BoundParams(name=/9, inputs=[], perturbed=False)
  (/10): BoundParams(name=/10, inputs=[], perturbed=False)
  (/11): BoundParams(name=/11, inputs=[], perturbed=False)
  (/12): BoundParams(name=/12, inputs=[], perturbed=False)
  (/13): BoundFlatten(name=/13, inputs=[/0], perturbed=True)
  (/input): BoundLinear(name=/input, inputs=[/13, /7, /8], perturbed=True)
  (/15): BoundRelu(name=/15, inputs=[/input], perturbed=True)
  (/input-3): BoundLinear(name=/input-3, inputs=[/15, /9, /10], perturbed=True)
  (/17): BoundRelu(name=/17, inputs=[/input-3], perturbed=True)
  (/18): BoundLinear(name=/18, inputs=[/17, /11, /12], perturbed=True)
)
Original output in the first batch: tensor([[  2.93924713,  -9.21401596,   5.53828239,  -4.95386410,  14.16714573,
          -6.88335896,  -0.36287364, -14.23720741,  -7.56101227,  -6.52561998,
          -5.66574860,  -1.65642512, -18.70265388, -11.76747322,  -1.11409426,
          -4.55679035,  -0.05845258,   1.62806630,  -7.37160301,  -4.19770002,
          -2.51748443,  -7.62490845, -15.73371124, -10.70865250,  -8.21420002,
          -4.76132345]])
Split layers:
Nonlinear functions:
   BoundRelu(name=/15, inputs=[/input], perturbed=True)
   BoundRelu(name=/17, inputs=[/input-3], perturbed=True)
build batch [1/1]
initial crown bounds (first 10 items): [10.33399486541748, 22.064332962036133, 7.984386920928955, 18.137203216552734, 20.046110153198242, 13.554815292358398, 26.900177001953125, 21.01264762878418, 19.83979606628418, 18.61227798461914]
Global lower bound: 7.984386920928955
verified with init bound!
Result: safe-incomplete in 0.1598 seconds

 %%%%%%%%%%%%%%%%%%%%%%%%%%%%%%%%%%% idx: 47, vnnlib ID: 47 %%%%%%%%%%%%%%%%%%%%%%%%%%%%%%%%%%%
Using onnx models/emnist_fc.onnx
Using vnnlib specs/sample_3207_e.vnnlib
784 inputs and 26 outputs in vnnlib
Loading onnx /home/master2/Desktop/saehee/XAI/Assignment_04/emnist_abcrown/models/emnist_fc.onnx with quirks {}
Finished onnx model loading in 0.0028 seconds
Finished vnnlib processing in 0.000376 seconds
Attack parameters: initialization=uniform, steps=100, restarts=5, alpha=0.002500012516975403, GAMA=False
PGD attack margin (first 2 examples and 10 specs):
 tensor([[15.57484436,  8.59783363,  7.26319408, 14.92821980,  8.46139526,
         14.93412971, 22.75403976, 23.15044785, 23.24320793, 12.05513191]])
Total number of violation:  0
Processing batch 1/1...
PGD attack margin (first 2 examples and 10 specs):
 tensor([[14.73925972,  7.49339581,  6.52729034, 14.04088116,  7.71780777,
         14.24905872, 21.70807648, 22.29468918, 22.38963699, 11.27911091]])
Total number of violation:  0
Attack finished in 0.1112 seconds.
PGD attack failed
verified_status unknown
verified_success False
Model: BoundedModule(
  (/0): BoundInput(name=/0, inputs=[], perturbed=True)
  (/7): BoundParams(name=/7, inputs=[], perturbed=False)
  (/8): BoundParams(name=/8, inputs=[], perturbed=False)
  (/9): BoundParams(name=/9, inputs=[], perturbed=False)
  (/10): BoundParams(name=/10, inputs=[], perturbed=False)
  (/11): BoundParams(name=/11, inputs=[], perturbed=False)
  (/12): BoundParams(name=/12, inputs=[], perturbed=False)
  (/13): BoundFlatten(name=/13, inputs=[/0], perturbed=True)
  (/input): BoundLinear(name=/input, inputs=[/13, /7, /8], perturbed=True)
  (/15): BoundRelu(name=/15, inputs=[/input], perturbed=True)
  (/input-3): BoundLinear(name=/input-3, inputs=[/15, /9, /10], perturbed=True)
  (/17): BoundRelu(name=/17, inputs=[/input-3], perturbed=True)
  (/18): BoundLinear(name=/18, inputs=[/17, /11, /12], perturbed=True)
)
Original output in the first batch: tensor([[ -4.65505362,   2.41180706,   3.55925417,  -4.03815174,  10.85579681,
           2.42749143,  -3.96080208, -11.81791687, -12.29116631, -12.31068134,
          -1.21907616,  -5.49326611, -17.05708885, -10.08027267,  -3.18050599,
           1.38630474,  -1.86547160,   4.55314732,  -7.99991846,   3.79522777,
         -15.19489765, -21.20468140,  -8.52568245, -14.07422924,  -9.90458679,
          -2.14937258]])
Split layers:
Nonlinear functions:
   BoundRelu(name=/15, inputs=[/input], perturbed=True)
   BoundRelu(name=/17, inputs=[/input-3], perturbed=True)
build batch [1/1]
initial crown bounds (first 10 items): [14.625150680541992, 7.404923439025879, 6.426062107086182, 13.89968490600586, 7.652574062347412, 14.159314155578613, 21.592294692993164, 22.191314697265625, 22.285898208618164, 11.17459487915039]
Global lower bound: 5.574667453765869
verified with init bound!
Result: safe-incomplete in 0.2255 seconds

 %%%%%%%%%%%%%%%%%%%%%%%%%%%%%%%%%%% idx: 48, vnnlib ID: 48 %%%%%%%%%%%%%%%%%%%%%%%%%%%%%%%%%%%
Using onnx models/emnist_fc.onnx
Using vnnlib specs/sample_3208_e.vnnlib
784 inputs and 26 outputs in vnnlib
Loading onnx /home/master2/Desktop/saehee/XAI/Assignment_04/emnist_abcrown/models/emnist_fc.onnx with quirks {}
Finished onnx model loading in 0.0025 seconds
Finished vnnlib processing in 0.000324 seconds
Attack parameters: initialization=uniform, steps=100, restarts=5, alpha=0.0025000013411045074, GAMA=False
PGD attack margin (first 2 examples and 10 specs):
 tensor([[15.16110134, 15.94371319,  6.70666218, 23.80603790, 20.62746429,
         17.26892090, 29.55931664, 26.77852058, 28.19738007, 19.86535645]])
Total number of violation:  0
Processing batch 1/1...
PGD attack margin (first 2 examples and 10 specs):
 tensor([[14.61258984, 14.98667908,  5.98125744, 23.05251312, 20.13047600,
         16.72223091, 28.80111313, 25.98469925, 27.42923927, 19.11511230]])
Total number of violation:  0
Attack finished in 0.1117 seconds.
PGD attack failed
verified_status unknown
verified_success False
Model: BoundedModule(
  (/0): BoundInput(name=/0, inputs=[], perturbed=True)
  (/7): BoundParams(name=/7, inputs=[], perturbed=False)
  (/8): BoundParams(name=/8, inputs=[], perturbed=False)
  (/9): BoundParams(name=/9, inputs=[], perturbed=False)
  (/10): BoundParams(name=/10, inputs=[], perturbed=False)
  (/11): BoundParams(name=/11, inputs=[], perturbed=False)
  (/12): BoundParams(name=/12, inputs=[], perturbed=False)
  (/13): BoundFlatten(name=/13, inputs=[/0], perturbed=True)
  (/input): BoundLinear(name=/input, inputs=[/13, /7, /8], perturbed=True)
  (/15): BoundRelu(name=/15, inputs=[/input], perturbed=True)
  (/input-3): BoundLinear(name=/input-3, inputs=[/15, /9, /10], perturbed=True)
  (/17): BoundRelu(name=/17, inputs=[/input-3], perturbed=True)
  (/18): BoundLinear(name=/18, inputs=[/17, /11, /12], perturbed=True)
)
Original output in the first batch: tensor([[ -0.15012896,  -0.93932939,   8.32303524,  -8.82227421,  15.00702095,
          -5.64807320,  -2.23334503, -14.63437271, -11.75688076, -13.16992474,
          -4.90299273,  -1.96118391, -16.90420532, -12.69298458,  -4.04050732,
           1.74479759,  -1.99044657,   5.29200983,  -7.55959368,  -6.36485481,
          -9.82881165, -15.38025951, -15.84613132,  -9.37316895,  -7.26975346,
          -4.15861416]])
Split layers:
Nonlinear functions:
   BoundRelu(name=/15, inputs=[/input], perturbed=True)
   BoundRelu(name=/17, inputs=[/input-3], perturbed=True)
build batch [1/1]
initial crown bounds (first 10 items): [14.518452644348145, 14.915715217590332, 5.90798282623291, 22.920249938964844, 20.030492782592773, 16.62325668334961, 28.722673416137695, 25.894237518310547, 27.347209930419922, 19.0565185546875]
Global lower bound: 5.90798282623291
verified with init bound!
Result: safe-incomplete in 0.1627 seconds

 %%%%%%%%%%%%%%%%%%%%%%%%%%%%%%%%%%% idx: 49, vnnlib ID: 49 %%%%%%%%%%%%%%%%%%%%%%%%%%%%%%%%%%%
Using onnx models/emnist_fc.onnx
Using vnnlib specs/sample_3209_e.vnnlib
784 inputs and 26 outputs in vnnlib
Loading onnx /home/master2/Desktop/saehee/XAI/Assignment_04/emnist_abcrown/models/emnist_fc.onnx with quirks {}
Finished onnx model loading in 0.0028 seconds
Finished vnnlib processing in 0.000376 seconds
Attack parameters: initialization=uniform, steps=100, restarts=5, alpha=0.002500012516975403, GAMA=False
PGD attack margin (first 2 examples and 10 specs):
 tensor([[ 9.56420135, 10.87044716, 10.33923626, 17.17908287, 17.69903755,
          9.12399864, 21.91816711, 18.15649223, 17.49812508, 13.59141254]])
Total number of violation:  0
Processing batch 1/1...
PGD attack margin (first 2 examples and 10 specs):
 tensor([[ 8.45708656,  9.48105621,  9.84424782, 16.18314743, 16.84558105,
          8.30933762, 20.41612625, 17.53132057, 16.76538849, 12.24430943]])
Total number of violation:  0
Attack finished in 0.1096 seconds.
PGD attack failed
verified_status unknown
verified_success False
Model: BoundedModule(
  (/0): BoundInput(name=/0, inputs=[], perturbed=True)
  (/7): BoundParams(name=/7, inputs=[], perturbed=False)
  (/8): BoundParams(name=/8, inputs=[], perturbed=False)
  (/9): BoundParams(name=/9, inputs=[], perturbed=False)
  (/10): BoundParams(name=/10, inputs=[], perturbed=False)
  (/11): BoundParams(name=/11, inputs=[], perturbed=False)
  (/12): BoundParams(name=/12, inputs=[], perturbed=False)
  (/13): BoundFlatten(name=/13, inputs=[/0], perturbed=True)
  (/input): BoundLinear(name=/input, inputs=[/13, /7, /8], perturbed=True)
  (/15): BoundRelu(name=/15, inputs=[/input], perturbed=True)
  (/input-3): BoundLinear(name=/input-3, inputs=[/15, /9, /10], perturbed=True)
  (/17): BoundRelu(name=/17, inputs=[/input-3], perturbed=True)
  (/18): BoundLinear(name=/18, inputs=[/17, /11, /12], perturbed=True)
)
Original output in the first batch: tensor([[  1.36775672,  -0.02334902,   0.58699477,  -6.32335091,  10.90350723,
          -6.84789038,   1.76997602, -11.11736488,  -7.30780602,  -6.61906576,
          -2.68926477,  -4.01751137,  -9.79625130,  -8.66727257,  -3.02239227,
          -3.82517862,   2.65289068,   3.61588550,  -4.13076019,  -4.36290646,
          -6.79448557, -11.47103405,  -7.61429501,  -9.73776054,  -7.93265057,
          -1.31710672]])
Split layers:
Nonlinear functions:
   BoundRelu(name=/15, inputs=[/input], perturbed=True)
   BoundRelu(name=/17, inputs=[/input-3], perturbed=True)
build batch [1/1]
initial crown bounds (first 10 items): [8.177777290344238, 9.25270938873291, 9.693241119384766, 15.985811233520508, 16.577381134033203, 8.1489896774292, 20.149795532226562, 17.337459564208984, 16.517847061157227, 12.092694282531738]
Global lower bound: 6.1579790115356445
verified with init bound!
Result: safe-incomplete in 0.1586 seconds

 %%%%%%%%%%%%%%%%%%%%%%%%%%%%%%%%%%% idx: 50, vnnlib ID: 50 %%%%%%%%%%%%%%%%%%%%%%%%%%%%%%%%%%%
Using onnx models/emnist_fc.onnx
Using vnnlib specs/sample_4000_f.vnnlib
Precompiled vnnlib file found at /home/master2/Desktop/saehee/XAI/Assignment_04/emnist_abcrown/specs/sample_4000_f.vnnlib.compiled
Loading onnx /home/master2/Desktop/saehee/XAI/Assignment_04/emnist_abcrown/models/emnist_fc.onnx with quirks {}
Finished onnx model loading in 0.0027 seconds
Finished vnnlib processing in 0.000325 seconds
Attack parameters: initialization=uniform, steps=100, restarts=5, alpha=0.0025000013411045074, GAMA=False
PGD attack margin (first 2 examples and 10 specs):
 tensor([[22.99608231, 22.54114532, 20.08317947, 24.62172699, 13.75446129,
         26.00657272, 26.63673401, 24.01045799, 23.98081779, 25.87956619]])
Total number of violation:  0
Processing batch 1/1...
PGD attack margin (first 2 examples and 10 specs):
 tensor([[21.80467987, 20.88835907, 19.12630081, 23.25994301, 12.91782761,
         25.03900146, 25.34314156, 23.17081451, 23.22832108, 24.35640907]])
Total number of violation:  0
Attack finished in 0.1111 seconds.
PGD attack failed
verified_status unknown
verified_success False
Model: BoundedModule(
  (/0): BoundInput(name=/0, inputs=[], perturbed=True)
  (/7): BoundParams(name=/7, inputs=[], perturbed=False)
  (/8): BoundParams(name=/8, inputs=[], perturbed=False)
  (/9): BoundParams(name=/9, inputs=[], perturbed=False)
  (/10): BoundParams(name=/10, inputs=[], perturbed=False)
  (/11): BoundParams(name=/11, inputs=[], perturbed=False)
  (/12): BoundParams(name=/12, inputs=[], perturbed=False)
  (/13): BoundFlatten(name=/13, inputs=[/0], perturbed=True)
  (/input): BoundLinear(name=/input, inputs=[/13, /7, /8], perturbed=True)
  (/15): BoundRelu(name=/15, inputs=[/input], perturbed=True)
  (/input-3): BoundLinear(name=/input-3, inputs=[/15, /9, /10], perturbed=True)
  (/17): BoundRelu(name=/17, inputs=[/input-3], perturbed=True)
  (/18): BoundLinear(name=/18, inputs=[/17, /11, /12], perturbed=True)
)
Original output in the first batch: tensor([[ -4.13353634,  -3.55976295,  -1.27200317,  -5.73380089,   5.13371849,
          18.83476067,  -7.16155195,  -7.76023865,  -5.18208504,  -5.12338305,
          -6.95605612,  -4.41279125, -23.78536606, -14.51888847,  -3.48907304,
           4.72411823,   0.75205445,   1.16425323,   0.75040460,   1.15296876,
         -14.94764423, -14.14987278,  -7.61047029, -10.59119987,  -6.83423805,
          -8.02901173]])
Split layers:
Nonlinear functions:
   BoundRelu(name=/15, inputs=[/input], perturbed=True)
   BoundRelu(name=/17, inputs=[/input-3], perturbed=True)
build batch [1/1]
initial crown bounds (first 10 items): [21.608312606811523, 20.71750831604004, 18.861961364746094, 23.055776596069336, 12.704263687133789, 24.843414306640625, 25.16504669189453, 23.005390167236328, 23.050331115722656, 24.1667537689209]
Global lower bound: 12.704263687133789
verified with init bound!
Result: safe-incomplete in 0.1421 seconds

 %%%%%%%%%%%%%%%%%%%%%%%%%%%%%%%%%%% idx: 51, vnnlib ID: 51 %%%%%%%%%%%%%%%%%%%%%%%%%%%%%%%%%%%
Using onnx models/emnist_fc.onnx
Using vnnlib specs/sample_4001_f.vnnlib
784 inputs and 26 outputs in vnnlib
Loading onnx /home/master2/Desktop/saehee/XAI/Assignment_04/emnist_abcrown/models/emnist_fc.onnx with quirks {}
Finished onnx model loading in 0.0027 seconds
Finished vnnlib processing in 0.000358 seconds
Attack parameters: initialization=uniform, steps=100, restarts=5, alpha=0.002500012516975403, GAMA=False
PGD attack margin (first 2 examples and 10 specs):
 tensor([[11.28363991, 13.04724598, 19.50472641, 20.22995377, 11.15261364,
         18.64481544, 17.06490135, 25.61179352, 22.85662079, 20.91567612]])
Total number of violation:  0
Processing batch 1/1...
PGD attack margin (first 2 examples and 10 specs):
 tensor([[10.24085236, 11.70597839, 18.70606232, 19.08560181, 10.24292374,
         17.78870201, 15.81253242, 24.65835762, 22.04109192, 19.11013603]])
Total number of violation:  0
Attack finished in 0.1080 seconds.
PGD attack failed
verified_status unknown
verified_success False
Model: BoundedModule(
  (/0): BoundInput(name=/0, inputs=[], perturbed=True)
  (/7): BoundParams(name=/7, inputs=[], perturbed=False)
  (/8): BoundParams(name=/8, inputs=[], perturbed=False)
  (/9): BoundParams(name=/9, inputs=[], perturbed=False)
  (/10): BoundParams(name=/10, inputs=[], perturbed=False)
  (/11): BoundParams(name=/11, inputs=[], perturbed=False)
  (/12): BoundParams(name=/12, inputs=[], perturbed=False)
  (/13): BoundFlatten(name=/13, inputs=[/0], perturbed=True)
  (/input): BoundLinear(name=/input, inputs=[/13, /7, /8], perturbed=True)
  (/15): BoundRelu(name=/15, inputs=[/input], perturbed=True)
  (/input-3): BoundLinear(name=/input-3, inputs=[/15, /9, /10], perturbed=True)
  (/17): BoundRelu(name=/17, inputs=[/input-3], perturbed=True)
  (/18): BoundLinear(name=/18, inputs=[/17, /11, /12], perturbed=True)
)
Original output in the first batch: tensor([[  1.30578136,  -0.32831094,  -6.89344215,  -7.53743982,   1.49765468,
          12.61223125,  -6.02774382,  -4.55385351, -13.06000996, -10.23934746,
          -8.23156071,  -9.31534672, -10.12777519,  -9.79233360,  -3.65600371,
           9.76842690,  -2.09778452,   6.61070490,  -5.73023367,   0.03354849,
         -18.21691704, -10.12948132, -12.48514557, -14.88980865,  -6.32515621,
          -9.66667271]])
Split layers:
Nonlinear functions:
   BoundRelu(name=/15, inputs=[/input], perturbed=True)
   BoundRelu(name=/17, inputs=[/input-3], perturbed=True)
build batch [1/1]
initial crown bounds (first 10 items): [9.919836044311523, 11.474367141723633, 18.46222686767578, 18.73813819885254, 10.087286949157715, 17.42380142211914, 15.496561050415039, 24.44342613220215, 21.76813316345215, 18.897523880004883]
Global lower bound: 1.8570713996887207
verified with init bound!
Result: safe-incomplete in 0.1593 seconds

 %%%%%%%%%%%%%%%%%%%%%%%%%%%%%%%%%%% idx: 52, vnnlib ID: 52 %%%%%%%%%%%%%%%%%%%%%%%%%%%%%%%%%%%
Using onnx models/emnist_fc.onnx
Using vnnlib specs/sample_4002_f.vnnlib
784 inputs and 26 outputs in vnnlib
Loading onnx /home/master2/Desktop/saehee/XAI/Assignment_04/emnist_abcrown/models/emnist_fc.onnx with quirks {}
Finished onnx model loading in 0.0028 seconds
Finished vnnlib processing in 0.000342 seconds
Attack parameters: initialization=uniform, steps=100, restarts=5, alpha=0.002500012516975403, GAMA=False
PGD attack margin (first 2 examples and 10 specs):
 tensor([[20.11914444, 24.15892410, 19.90360832, 32.02590561, 12.95829010,
         17.42931557, 26.64352989, 27.34194565, 27.42290497, 29.71213150]])
Total number of violation:  0
Processing batch 1/1...
PGD attack margin (first 2 examples and 10 specs):
 tensor([[19.10086632, 22.71859932, 19.00397682, 30.86306763, 12.09634113,
         16.54116821, 25.49732018, 26.45515060, 26.70172882, 28.38754845]])
Total number of violation:  0
Attack finished in 0.1191 seconds.
PGD attack failed
verified_status unknown
verified_success False
Model: BoundedModule(
  (/0): BoundInput(name=/0, inputs=[], perturbed=True)
  (/7): BoundParams(name=/7, inputs=[], perturbed=False)
  (/8): BoundParams(name=/8, inputs=[], perturbed=False)
  (/9): BoundParams(name=/9, inputs=[], perturbed=False)
  (/10): BoundParams(name=/10, inputs=[], perturbed=False)
  (/11): BoundParams(name=/11, inputs=[], perturbed=False)
  (/12): BoundParams(name=/12, inputs=[], perturbed=False)
  (/13): BoundFlatten(name=/13, inputs=[/0], perturbed=True)
  (/input): BoundLinear(name=/input, inputs=[/13, /7, /8], perturbed=True)
  (/15): BoundRelu(name=/15, inputs=[/input], perturbed=True)
  (/input-3): BoundLinear(name=/input-3, inputs=[/15, /9, /10], perturbed=True)
  (/17): BoundRelu(name=/17, inputs=[/input-3], perturbed=True)
  (/18): BoundLinear(name=/18, inputs=[/17, /11, /12], perturbed=True)
)
Original output in the first batch: tensor([[ -2.19421101,  -6.10551882,  -1.90304220, -14.04941177,   5.14019680,
          18.02252579,   0.49225232,  -8.63268661,  -9.28230572,  -9.42426300,
         -11.54840088,  -6.24726915, -24.61330795, -15.60914993,  -6.36853218,
           7.06720638,   3.01338339,   0.11559568,   1.44586647,   0.69391787,
         -19.06175995, -19.94469833,  -9.27523613, -15.69081974,  -5.62738609,
          -5.72385073]])
Split layers:
Nonlinear functions:
   BoundRelu(name=/15, inputs=[/input], perturbed=True)
   BoundRelu(name=/17, inputs=[/input-3], perturbed=True)
build batch [1/1]
initial crown bounds (first 10 items): [19.046977996826172, 22.624589920043945, 18.895437240600586, 30.76909065246582, 11.992785453796387, 16.485694885253906, 25.40049171447754, 26.413633346557617, 26.6231632232666, 28.304237365722656]
Global lower bound: 9.880248069763184
verified with init bound!
Result: safe-incomplete in 0.1716 seconds

 %%%%%%%%%%%%%%%%%%%%%%%%%%%%%%%%%%% idx: 53, vnnlib ID: 53 %%%%%%%%%%%%%%%%%%%%%%%%%%%%%%%%%%%
Using onnx models/emnist_fc.onnx
Using vnnlib specs/sample_4003_f.vnnlib
784 inputs and 26 outputs in vnnlib
Loading onnx /home/master2/Desktop/saehee/XAI/Assignment_04/emnist_abcrown/models/emnist_fc.onnx with quirks {}
Finished onnx model loading in 0.0028 seconds
Finished vnnlib processing in 0.000378 seconds
Attack parameters: initialization=uniform, steps=100, restarts=5, alpha=0.0025000013411045074, GAMA=False
PGD attack margin (first 2 examples and 10 specs):
 tensor([[10.23454380, 17.44659996, 10.47596359, 14.88787460, 13.47371578,
          9.13309669, 16.65258598, 12.65655422, 17.54658890, 15.79478073]])
Total number of violation:  1
Clean input adversarial, attack skipped.

Checking and Saving Counterexample in check_and_save_cex

verified_status unsafe-pgd
verified_success True
Result: unsafe-pgd in 0.0314 seconds

 %%%%%%%%%%%%%%%%%%%%%%%%%%%%%%%%%%% idx: 54, vnnlib ID: 54 %%%%%%%%%%%%%%%%%%%%%%%%%%%%%%%%%%%
Using onnx models/emnist_fc.onnx
Using vnnlib specs/sample_4004_f.vnnlib
784 inputs and 26 outputs in vnnlib
Loading onnx /home/master2/Desktop/saehee/XAI/Assignment_04/emnist_abcrown/models/emnist_fc.onnx with quirks {}
Finished onnx model loading in 0.0029 seconds
Finished vnnlib processing in 0.000385 seconds
Attack parameters: initialization=uniform, steps=100, restarts=5, alpha=0.002500012516975403, GAMA=False
PGD attack margin (first 2 examples and 10 specs):
 tensor([[18.79407310, 17.72271347, 12.39135075, 18.56127739, 15.55966377,
         14.61238575, 15.61707497, 10.28172112, 11.94528961, 16.80277443]])
Total number of violation:  0
Processing batch 1/1...
PGD attack margin (first 2 examples and 10 specs):
 tensor([[17.34348106, 16.51013565, 11.41332531, 17.46269989, 14.74300385,
         13.61768055, 14.51931477,  9.33559418, 11.03441429, 15.54011536]])
Total number of violation:  0
Attack finished in 0.1112 seconds.
PGD attack failed
verified_status unknown
verified_success False
Model: BoundedModule(
  (/0): BoundInput(name=/0, inputs=[], perturbed=True)
  (/7): BoundParams(name=/7, inputs=[], perturbed=False)
  (/8): BoundParams(name=/8, inputs=[], perturbed=False)
  (/9): BoundParams(name=/9, inputs=[], perturbed=False)
  (/10): BoundParams(name=/10, inputs=[], perturbed=False)
  (/11): BoundParams(name=/11, inputs=[], perturbed=False)
  (/12): BoundParams(name=/12, inputs=[], perturbed=False)
  (/13): BoundFlatten(name=/13, inputs=[/0], perturbed=True)
  (/input): BoundLinear(name=/input, inputs=[/13, /7, /8], perturbed=True)
  (/15): BoundRelu(name=/15, inputs=[/input], perturbed=True)
  (/input-3): BoundLinear(name=/input-3, inputs=[/15, /9, /10], perturbed=True)
  (/17): BoundRelu(name=/17, inputs=[/input-3], perturbed=True)
  (/18): BoundLinear(name=/18, inputs=[/17, /11, /12], perturbed=True)
)
Original output in the first batch: tensor([[ -7.38997126,  -6.29103708,  -1.15077913,  -7.09863377,  -4.14540052,
          11.36841679,  -3.29172921,  -4.26033688,   1.06015277,  -0.59504849,
          -5.33612967,  -0.91171384, -21.07723808, -11.44729805,  -6.12896729,
           1.91654050,  -0.93719244,   0.24402718,   0.32468903,   1.23440063,
         -10.75869846,  -2.59837198,  -9.00485802,  -7.77338743,  -4.09239435,
          -8.01465702]])
Split layers:
Nonlinear functions:
   BoundRelu(name=/15, inputs=[/input], perturbed=True)
   BoundRelu(name=/17, inputs=[/input-3], perturbed=True)
build batch [1/1]
initial crown bounds (first 10 items): [17.113574981689453, 16.224796295166016, 11.23621654510498, 17.181163787841797, 14.56062126159668, 13.368694305419922, 14.293703079223633, 9.19480037689209, 10.843832969665527, 15.35212230682373]
Global lower bound: 8.376240730285645
verified with init bound!
Result: safe-incomplete in 0.2250 seconds

 %%%%%%%%%%%%%%%%%%%%%%%%%%%%%%%%%%% idx: 55, vnnlib ID: 55 %%%%%%%%%%%%%%%%%%%%%%%%%%%%%%%%%%%
Using onnx models/emnist_fc.onnx
Using vnnlib specs/sample_4005_f.vnnlib
784 inputs and 26 outputs in vnnlib
Loading onnx /home/master2/Desktop/saehee/XAI/Assignment_04/emnist_abcrown/models/emnist_fc.onnx with quirks {}
Finished onnx model loading in 0.0028 seconds
Finished vnnlib processing in 0.000353 seconds
Attack parameters: initialization=uniform, steps=100, restarts=5, alpha=0.0025000013411045074, GAMA=False
PGD attack margin (first 2 examples and 10 specs):
 tensor([[19.32014847, 18.69995880, 15.50179768, 20.02792358, 16.83565712,
          6.57171965, 24.35320663, 15.09342480, 11.26082325, 22.20241737]])
Total number of violation:  0
Processing batch 1/1...
PGD attack margin (first 2 examples and 10 specs):
 tensor([[17.99403954, 17.65921974, 14.66534805, 18.86920166, 16.02035332,
          5.37187004, 23.22703362, 14.40742779, 10.54576874, 21.19026947]])
Total number of violation:  0
Attack finished in 0.1077 seconds.
PGD attack failed
verified_status unknown
verified_success False
Model: BoundedModule(
  (/0): BoundInput(name=/0, inputs=[], perturbed=True)
  (/7): BoundParams(name=/7, inputs=[], perturbed=False)
  (/8): BoundParams(name=/8, inputs=[], perturbed=False)
  (/9): BoundParams(name=/9, inputs=[], perturbed=False)
  (/10): BoundParams(name=/10, inputs=[], perturbed=False)
  (/11): BoundParams(name=/11, inputs=[], perturbed=False)
  (/12): BoundParams(name=/12, inputs=[], perturbed=False)
  (/13): BoundFlatten(name=/13, inputs=[/0], perturbed=True)
  (/input): BoundLinear(name=/input, inputs=[/13, /7, /8], perturbed=True)
  (/15): BoundRelu(name=/15, inputs=[/input], perturbed=True)
  (/input-3): BoundLinear(name=/input-3, inputs=[/15, /9, /10], perturbed=True)
  (/17): BoundRelu(name=/17, inputs=[/input-3], perturbed=True)
  (/18): BoundLinear(name=/18, inputs=[/17, /11, /12], perturbed=True)
)
Original output in the first batch: tensor([[ -5.71846056,  -5.05717611,  -1.92262590,  -6.33839703,  -3.17512298,
          13.53631878,   7.03143597, -10.75968647,  -1.47208273,   2.39516640,
          -8.60558701,  -4.50377512, -31.09777641, -16.48723412,  -7.65216398,
         -11.32155037,   4.54764509,  -6.41679573,   2.61364841,  -2.03783536,
         -14.80438900, -11.86488247, -10.65010834, -11.54480267,  -2.79702020,
          -4.51150084]])
Split layers:
Nonlinear functions:
   BoundRelu(name=/15, inputs=[/input], perturbed=True)
   BoundRelu(name=/17, inputs=[/input-3], perturbed=True)
build batch [1/1]
initial crown bounds (first 10 items): [17.930999755859375, 17.53429412841797, 14.60470962524414, 18.758615493774414, 15.900858879089355, 5.282252788543701, 23.12725830078125, 14.290663719177246, 10.458362579345703, 21.05232048034668]
Global lower bound: 5.282252788543701
verified with init bound!
Result: safe-incomplete in 0.1614 seconds

 %%%%%%%%%%%%%%%%%%%%%%%%%%%%%%%%%%% idx: 56, vnnlib ID: 56 %%%%%%%%%%%%%%%%%%%%%%%%%%%%%%%%%%%
Using onnx models/emnist_fc.onnx
Using vnnlib specs/sample_4006_f.vnnlib
784 inputs and 26 outputs in vnnlib
Loading onnx /home/master2/Desktop/saehee/XAI/Assignment_04/emnist_abcrown/models/emnist_fc.onnx with quirks {}
Finished onnx model loading in 0.0026 seconds
Finished vnnlib processing in 0.000339 seconds
Attack parameters: initialization=uniform, steps=100, restarts=5, alpha=0.002500012516975403, GAMA=False
PGD attack margin (first 2 examples and 10 specs):
 tensor([[21.34376907, 19.73287582, 17.68760681, 20.42303085, 21.87823868,
         15.67862892, 14.10181236,  6.47034121, 11.13617611, 18.04327202]])
Total number of violation:  0
Processing batch 1/1...
PGD attack margin (first 2 examples and 10 specs):
 tensor([[20.11252594, 18.36455727, 16.59878922, 19.17922211, 20.86631775,
         14.53087807, 12.73479652,  5.45563316, 10.02151394, 16.30313110]])
Total number of violation:  0
Attack finished in 0.1070 seconds.
PGD attack failed
verified_status unknown
verified_success False
Model: BoundedModule(
  (/0): BoundInput(name=/0, inputs=[], perturbed=True)
  (/7): BoundParams(name=/7, inputs=[], perturbed=False)
  (/8): BoundParams(name=/8, inputs=[], perturbed=False)
  (/9): BoundParams(name=/9, inputs=[], perturbed=False)
  (/10): BoundParams(name=/10, inputs=[], perturbed=False)
  (/11): BoundParams(name=/11, inputs=[], perturbed=False)
  (/12): BoundParams(name=/12, inputs=[], perturbed=False)
  (/13): BoundFlatten(name=/13, inputs=[/0], perturbed=True)
  (/input): BoundLinear(name=/input, inputs=[/13, /7, /8], perturbed=True)
  (/15): BoundRelu(name=/15, inputs=[/input], perturbed=True)
  (/input-3): BoundLinear(name=/input-3, inputs=[/15, /9, /10], perturbed=True)
  (/17): BoundRelu(name=/17, inputs=[/input-3], perturbed=True)
  (/18): BoundLinear(name=/18, inputs=[/17, /11, /12], perturbed=True)
)
Original output in the first batch: tensor([[-1.09044800e+01, -9.22449875e+00, -7.27900791e+00, -9.88249588e+00,
         -1.13497734e+01,  1.03959017e+01, -5.24293089e+00, -3.63844609e+00,
          3.99569321e+00, -6.73394024e-01, -7.52499485e+00,  1.26358378e+00,
         -2.28403740e+01, -1.03919535e+01, -9.36274624e+00,  1.10169053e+00,
          8.60520184e-01, -1.46827251e-02, -2.28336978e+00,  1.67033827e+00,
         -1.17171106e+01, -2.26808190e+00, -1.46322489e+01, -9.69311905e+00,
          4.25187409e-01, -1.22116861e+01]])
Split layers:
Nonlinear functions:
   BoundRelu(name=/15, inputs=[/input], perturbed=True)
   BoundRelu(name=/17, inputs=[/input-3], perturbed=True)
build batch [1/1]
initial crown bounds (first 10 items): [19.781051635742188, 17.95601463317871, 16.27306365966797, 18.770675659179688, 20.545700073242188, 14.246456146240234, 12.381560325622559, 5.251182556152344, 9.731634140014648, 15.98025894165039]
Global lower bound: 5.251182556152344
verified with init bound!
Result: safe-incomplete in 0.1586 seconds

 %%%%%%%%%%%%%%%%%%%%%%%%%%%%%%%%%%% idx: 57, vnnlib ID: 57 %%%%%%%%%%%%%%%%%%%%%%%%%%%%%%%%%%%
Using onnx models/emnist_fc.onnx
Using vnnlib specs/sample_4007_f.vnnlib
784 inputs and 26 outputs in vnnlib
Loading onnx /home/master2/Desktop/saehee/XAI/Assignment_04/emnist_abcrown/models/emnist_fc.onnx with quirks {}
Finished onnx model loading in 0.0029 seconds
Finished vnnlib processing in 0.000363 seconds
Attack parameters: initialization=uniform, steps=100, restarts=5, alpha=0.002500012516975403, GAMA=False
PGD attack margin (first 2 examples and 10 specs):
 tensor([[23.95960426, 25.25000381, 20.41232491, 29.67509079, 13.26547337,
         24.63567352, 26.79641724, 22.06108665, 22.65214729, 23.88668442]])
Total number of violation:  0
Processing batch 1/1...
PGD attack margin (first 2 examples and 10 specs):
 tensor([[22.80021667, 23.87260246, 19.50613785, 28.52471161, 12.52931881,
         23.63931656, 25.47848511, 21.22338104, 21.84668922, 22.66883469]])
Total number of violation:  0
Attack finished in 0.1087 seconds.
PGD attack failed
verified_status unknown
verified_success False
Model: BoundedModule(
  (/0): BoundInput(name=/0, inputs=[], perturbed=True)
  (/7): BoundParams(name=/7, inputs=[], perturbed=False)
  (/8): BoundParams(name=/8, inputs=[], perturbed=False)
  (/9): BoundParams(name=/9, inputs=[], perturbed=False)
  (/10): BoundParams(name=/10, inputs=[], perturbed=False)
  (/11): BoundParams(name=/11, inputs=[], perturbed=False)
  (/12): BoundParams(name=/12, inputs=[], perturbed=False)
  (/13): BoundFlatten(name=/13, inputs=[/0], perturbed=True)
  (/input): BoundLinear(name=/input, inputs=[/13, /7, /8], perturbed=True)
  (/15): BoundRelu(name=/15, inputs=[/input], perturbed=True)
  (/input-3): BoundLinear(name=/input-3, inputs=[/15, /9, /10], perturbed=True)
  (/17): BoundRelu(name=/17, inputs=[/input-3], perturbed=True)
  (/18): BoundLinear(name=/18, inputs=[/17, /11, /12], perturbed=True)
)
Original output in the first batch: tensor([[ -4.58364487,  -5.79905081,  -1.12249839, -10.24250126,   6.09862185,
          19.32783127,  -5.27893114,  -7.39014339,  -2.69660902,  -3.21763396,
          -4.53851461,  -2.76960993, -26.40883636, -16.31227684,  -8.92259502,
           1.78641856,  -0.57170367,  -1.47862244,   0.14812756,   5.46675014,
         -18.85240555, -16.07615471,  -7.82626867, -11.59520149,  -7.56530142,
          -8.11754799]])
Split layers:
Nonlinear functions:
   BoundRelu(name=/15, inputs=[/input], perturbed=True)
   BoundRelu(name=/17, inputs=[/input-3], perturbed=True)
build batch [1/1]
initial crown bounds (first 10 items): [22.46829605102539, 23.61911964416504, 19.30970001220703, 28.33694839477539, 12.35317611694336, 23.382654190063477, 25.221256256103516, 21.048797607421875, 21.650888442993164, 22.433704376220703]
Global lower bound: 12.35317611694336
verified with init bound!
Result: safe-incomplete in 0.1722 seconds

 %%%%%%%%%%%%%%%%%%%%%%%%%%%%%%%%%%% idx: 58, vnnlib ID: 58 %%%%%%%%%%%%%%%%%%%%%%%%%%%%%%%%%%%
Using onnx models/emnist_fc.onnx
Using vnnlib specs/sample_4008_f.vnnlib
784 inputs and 26 outputs in vnnlib
Loading onnx /home/master2/Desktop/saehee/XAI/Assignment_04/emnist_abcrown/models/emnist_fc.onnx with quirks {}
Finished onnx model loading in 0.0026 seconds
Finished vnnlib processing in 0.000336 seconds
Attack parameters: initialization=uniform, steps=100, restarts=5, alpha=0.002500012516975403, GAMA=False
PGD attack margin (first 2 examples and 10 specs):
 tensor([[25.26848602, 15.69888115, 18.31752014, 25.53749466, 16.09546852,
         15.59466553, 16.83047104, 12.32931709, 13.43867302, 16.31709671]])
Total number of violation:  0
Processing batch 1/1...
PGD attack margin (first 2 examples and 10 specs):
 tensor([[24.32588959, 14.82051754, 17.65444946, 24.64766502, 15.37440300,
         14.92521954, 16.08626938, 11.67445469, 12.59223175, 15.24011612]])
Total number of violation:  0
Attack finished in 0.1060 seconds.
PGD attack failed
verified_status unknown
verified_success False
Model: BoundedModule(
  (/0): BoundInput(name=/0, inputs=[], perturbed=True)
  (/7): BoundParams(name=/7, inputs=[], perturbed=False)
  (/8): BoundParams(name=/8, inputs=[], perturbed=False)
  (/9): BoundParams(name=/9, inputs=[], perturbed=False)
  (/10): BoundParams(name=/10, inputs=[], perturbed=False)
  (/11): BoundParams(name=/11, inputs=[], perturbed=False)
  (/12): BoundParams(name=/12, inputs=[], perturbed=False)
  (/13): BoundFlatten(name=/13, inputs=[/0], perturbed=True)
  (/input): BoundLinear(name=/input, inputs=[/13, /7, /8], perturbed=True)
  (/15): BoundRelu(name=/15, inputs=[/input], perturbed=True)
  (/input-3): BoundLinear(name=/input-3, inputs=[/15, /9, /10], perturbed=True)
  (/17): BoundRelu(name=/17, inputs=[/input-3], perturbed=True)
  (/18): BoundLinear(name=/18, inputs=[/17, /11, /12], perturbed=True)
)
Original output in the first batch: tensor([[-13.35779953,  -3.69069314,  -6.37995863, -13.59803486,  -4.13506269,
          11.90836048,  -3.66897202,  -4.90064526,  -0.39506939,  -1.46709132,
          -4.31162214,  -5.72440958, -17.24839020, -12.13413620, -16.97859192,
          -2.95256686,  -6.30950928,   6.27436066,   7.56045008,   0.58732212,
         -15.95304680,  -2.49479389, -10.82220459,   1.50699842,  -3.26230836,
          -7.32908583]])
Split layers:
Nonlinear functions:
   BoundRelu(name=/15, inputs=[/input], perturbed=True)
   BoundRelu(name=/17, inputs=[/input-3], perturbed=True)
build batch [1/1]
initial crown bounds (first 10 items): [24.26323127746582, 14.776472091674805, 17.584070205688477, 24.605484008789062, 15.313823699951172, 14.887216567993164, 15.994698524475098, 11.590252876281738, 12.529404640197754, 15.122117042541504]
Global lower bound: 3.6486704349517822
verified with init bound!
Result: safe-incomplete in 0.1564 seconds

 %%%%%%%%%%%%%%%%%%%%%%%%%%%%%%%%%%% idx: 59, vnnlib ID: 59 %%%%%%%%%%%%%%%%%%%%%%%%%%%%%%%%%%%
Using onnx models/emnist_fc.onnx
Using vnnlib specs/sample_4009_f.vnnlib
784 inputs and 26 outputs in vnnlib
Loading onnx /home/master2/Desktop/saehee/XAI/Assignment_04/emnist_abcrown/models/emnist_fc.onnx with quirks {}
Finished onnx model loading in 0.0031 seconds
Finished vnnlib processing in 0.000391 seconds
Attack parameters: initialization=uniform, steps=100, restarts=5, alpha=0.0025000013411045074, GAMA=False
PGD attack margin (first 2 examples and 10 specs):
 tensor([[22.07742500, 19.91362381, 18.92179489, 39.28000641,  5.79387760,
         18.33349800, 20.75281715, 23.13854027, 27.87281609, 25.40476608]])
Total number of violation:  0
Processing batch 1/1...
PGD attack margin (first 2 examples and 10 specs):
 tensor([[20.84922981, 18.50580597, 18.15326881, 38.09247589,  4.96417046,
         17.20984459, 19.52519035, 22.04868317, 27.04875374, 24.19439507]])
Total number of violation:  0
Attack finished in 0.1078 seconds.
PGD attack failed
verified_status unknown
verified_success False
Model: BoundedModule(
  (/0): BoundInput(name=/0, inputs=[], perturbed=True)
  (/7): BoundParams(name=/7, inputs=[], perturbed=False)
  (/8): BoundParams(name=/8, inputs=[], perturbed=False)
  (/9): BoundParams(name=/9, inputs=[], perturbed=False)
  (/10): BoundParams(name=/10, inputs=[], perturbed=False)
  (/11): BoundParams(name=/11, inputs=[], perturbed=False)
  (/12): BoundParams(name=/12, inputs=[], perturbed=False)
  (/13): BoundFlatten(name=/13, inputs=[/0], perturbed=True)
  (/input): BoundLinear(name=/input, inputs=[/13, /7, /8], perturbed=True)
  (/15): BoundRelu(name=/15, inputs=[/input], perturbed=True)
  (/input-3): BoundLinear(name=/input-3, inputs=[/15, /9, /10], perturbed=True)
  (/17): BoundRelu(name=/17, inputs=[/input-3], perturbed=True)
  (/18): BoundLinear(name=/18, inputs=[/17, /11, /12], perturbed=True)
)
Original output in the first batch: tensor([[ -6.91797113,  -4.73115444,  -3.79535198, -24.08521080,   9.40934372,
          15.03906536,  -3.19869399,  -5.55556488,  -7.87671661, -12.75096893,
         -10.14078331,  -7.57365322, -19.67254448, -16.81337166, -14.42744923,
          -0.47673240,   1.78596854,   4.92134714,  -1.09304273,   1.37057126,
         -22.03514862, -20.35902786, -12.53708458, -10.29390240,  -7.21732473,
           1.95669985]])
Split layers:
Nonlinear functions:
   BoundRelu(name=/15, inputs=[/input], perturbed=True)
   BoundRelu(name=/17, inputs=[/input-3], perturbed=True)
build batch [1/1]
initial crown bounds (first 10 items): [20.744905471801758, 18.425521850585938, 18.051191329956055, 38.036705017089844, 4.865167617797852, 17.118650436401367, 19.464384078979492, 21.946163177490234, 26.967628479003906, 24.104442596435547]
Global lower bound: 4.865167617797852
verified with init bound!
Result: safe-incomplete in 0.2220 seconds

 %%%%%%%%%%%%%%%%%%%%%%%%%%%%%%%%%%% idx: 60, vnnlib ID: 60 %%%%%%%%%%%%%%%%%%%%%%%%%%%%%%%%%%%
Using onnx models/emnist_fc.onnx
Using vnnlib specs/sample_4800_g.vnnlib
Precompiled vnnlib file found at /home/master2/Desktop/saehee/XAI/Assignment_04/emnist_abcrown/specs/sample_4800_g.vnnlib.compiled
Loading onnx /home/master2/Desktop/saehee/XAI/Assignment_04/emnist_abcrown/models/emnist_fc.onnx with quirks {}
Finished onnx model loading in 0.0029 seconds
Finished vnnlib processing in 0.000362 seconds
Attack parameters: initialization=uniform, steps=100, restarts=5, alpha=0.0025000013411045074, GAMA=False
PGD attack margin (first 2 examples and 10 specs):
 tensor([[16.45689011, 14.90692139, 14.19243240, 15.80851555, 20.28993988,
         16.83894730, 24.62770462, 13.24942207, 10.70789433, 22.12033272]])
Total number of violation:  0
Processing batch 1/1...
PGD attack margin (first 2 examples and 10 specs):
 tensor([[15.68792725, 13.89719582, 13.60389423, 14.89310265, 19.51151657,
         16.25296974, 23.80648804, 12.36466217,  9.90723610, 21.24304390]])
Total number of violation:  0
Attack finished in 0.1097 seconds.
PGD attack failed
verified_status unknown
verified_success False
Model: BoundedModule(
  (/0): BoundInput(name=/0, inputs=[], perturbed=True)
  (/7): BoundParams(name=/7, inputs=[], perturbed=False)
  (/8): BoundParams(name=/8, inputs=[], perturbed=False)
  (/9): BoundParams(name=/9, inputs=[], perturbed=False)
  (/10): BoundParams(name=/10, inputs=[], perturbed=False)
  (/11): BoundParams(name=/11, inputs=[], perturbed=False)
  (/12): BoundParams(name=/12, inputs=[], perturbed=False)
  (/13): BoundFlatten(name=/13, inputs=[/0], perturbed=True)
  (/input): BoundLinear(name=/input, inputs=[/13, /7, /8], perturbed=True)
  (/15): BoundRelu(name=/15, inputs=[/input], perturbed=True)
  (/input-3): BoundLinear(name=/input-3, inputs=[/15, /9, /10], perturbed=True)
  (/17): BoundRelu(name=/17, inputs=[/input-3], perturbed=True)
  (/18): BoundLinear(name=/18, inputs=[/17, /11, /12], perturbed=True)
)
Original output in the first batch: tensor([[ -4.87161779,  -3.30567646,  -2.79203701,  -4.17603540,  -8.77185249,
          -5.47383642,  11.48189735, -13.12347698,  -1.73276782,   0.75588888,
         -10.59797287,  -4.75080347, -16.22193527, -10.83153725,  -5.07735252,
          -9.80942726,   6.18731499,  -9.95600510,  -2.60426974,  -4.20741606,
          -6.86893559, -10.77517223,  -8.38771152,  -5.85343218,   4.78801250,
           0.93820119]])
Split layers:
Nonlinear functions:
   BoundRelu(name=/15, inputs=[/input], perturbed=True)
   BoundRelu(name=/17, inputs=[/input-3], perturbed=True)
build batch [1/1]
initial crown bounds (first 10 items): [15.565244674682617, 13.710358619689941, 13.477903366088867, 14.736482620239258, 19.315214157104492, 16.137466430664062, 23.673246383666992, 12.19116497039795, 9.720460891723633, 21.108009338378906]
Global lower bound: 4.565474510192871
verified with init bound!
Result: safe-incomplete in 0.1401 seconds

 %%%%%%%%%%%%%%%%%%%%%%%%%%%%%%%%%%% idx: 61, vnnlib ID: 61 %%%%%%%%%%%%%%%%%%%%%%%%%%%%%%%%%%%
Using onnx models/emnist_fc.onnx
Using vnnlib specs/sample_4801_g.vnnlib
784 inputs and 26 outputs in vnnlib
Loading onnx /home/master2/Desktop/saehee/XAI/Assignment_04/emnist_abcrown/models/emnist_fc.onnx with quirks {}
Finished onnx model loading in 0.0027 seconds
Finished vnnlib processing in 0.000390 seconds
Attack parameters: initialization=uniform, steps=100, restarts=5, alpha=0.0025000013411045074, GAMA=False
PGD attack margin (first 2 examples and 10 specs):
 tensor([[ 9.77819920, 20.14340973, 17.18803024, 23.37962723,  8.00612164,
         10.24767494, 21.83827209, 23.50147247, 11.29165268, 14.28617859]])
Total number of violation:  0
Processing batch 1/1...
PGD attack margin (first 2 examples and 10 specs):
 tensor([[ 9.16363811, 19.13432693, 16.56242561, 22.68584633,  7.13567924,
          9.69039345, 20.84035110, 22.74825668, 10.60877991, 13.11945438]])
Total number of violation:  0
Attack finished in 0.1077 seconds.
PGD attack failed
verified_status unknown
verified_success False
Model: BoundedModule(
  (/0): BoundInput(name=/0, inputs=[], perturbed=True)
  (/7): BoundParams(name=/7, inputs=[], perturbed=False)
  (/8): BoundParams(name=/8, inputs=[], perturbed=False)
  (/9): BoundParams(name=/9, inputs=[], perturbed=False)
  (/10): BoundParams(name=/10, inputs=[], perturbed=False)
  (/11): BoundParams(name=/11, inputs=[], perturbed=False)
  (/12): BoundParams(name=/12, inputs=[], perturbed=False)
  (/13): BoundFlatten(name=/13, inputs=[/0], perturbed=True)
  (/input): BoundLinear(name=/input, inputs=[/13, /7, /8], perturbed=True)
  (/15): BoundRelu(name=/15, inputs=[/input], perturbed=True)
  (/input-3): BoundLinear(name=/input-3, inputs=[/15, /9, /10], perturbed=True)
  (/17): BoundRelu(name=/17, inputs=[/input-3], perturbed=True)
  (/18): BoundLinear(name=/18, inputs=[/17, /11, /12], perturbed=True)
)
Original output in the first batch: tensor([[  1.38687229,  -9.06733990,  -6.03908491, -12.26353168,   3.15223980,
           0.86713743,  11.11224842, -10.78268147, -12.38943195,  -0.14228535,
          -3.16281414, -13.65928650, -19.13850212, -16.62139702, -10.00663948,
          -6.14284706,   3.71449947,  -2.92973423,  -0.97935796,  -1.68973029,
         -12.64662743, -11.68483829,  -6.52197504,  -8.77770138,  -2.71714735,
          -2.74491024]])
Split layers:
Nonlinear functions:
   BoundRelu(name=/15, inputs=[/input], perturbed=True)
   BoundRelu(name=/17, inputs=[/input-3], perturbed=True)
build batch [1/1]
initial crown bounds (first 10 items): [9.093301773071289, 19.04802131652832, 16.478574752807617, 22.65129852294922, 6.984774589538574, 9.643675804138184, 20.785226821899414, 22.6503849029541, 10.566665649414062, 13.043686866760254]
Global lower bound: 6.843100547790527
verified with init bound!
Result: safe-incomplete in 0.1585 seconds

 %%%%%%%%%%%%%%%%%%%%%%%%%%%%%%%%%%% idx: 62, vnnlib ID: 62 %%%%%%%%%%%%%%%%%%%%%%%%%%%%%%%%%%%
Using onnx models/emnist_fc.onnx
Using vnnlib specs/sample_4802_g.vnnlib
784 inputs and 26 outputs in vnnlib
Loading onnx /home/master2/Desktop/saehee/XAI/Assignment_04/emnist_abcrown/models/emnist_fc.onnx with quirks {}
Finished onnx model loading in 0.0026 seconds
Finished vnnlib processing in 0.000352 seconds
Attack parameters: initialization=uniform, steps=100, restarts=5, alpha=0.002500012516975403, GAMA=False
PGD attack margin (first 2 examples and 10 specs):
 tensor([[16.31926537, 23.78792953, 22.26639748, 30.67124939, 22.87508965,
         29.79393768, 43.47197723, 35.66374207, 25.09991074, 38.96053314]])
Total number of violation:  0
Processing batch 1/1...
PGD attack margin (first 2 examples and 10 specs):
 tensor([[15.73386192, 22.98861504, 21.77699089, 29.72944260, 22.09317780,
         29.01507568, 42.48149872, 34.85791397, 24.21642113, 38.03316498]])
Total number of violation:  0
Attack finished in 0.1123 seconds.
PGD attack failed
verified_status unknown
verified_success False
Model: BoundedModule(
  (/0): BoundInput(name=/0, inputs=[], perturbed=True)
  (/7): BoundParams(name=/7, inputs=[], perturbed=False)
  (/8): BoundParams(name=/8, inputs=[], perturbed=False)
  (/9): BoundParams(name=/9, inputs=[], perturbed=False)
  (/10): BoundParams(name=/10, inputs=[], perturbed=False)
  (/11): BoundParams(name=/11, inputs=[], perturbed=False)
  (/12): BoundParams(name=/12, inputs=[], perturbed=False)
  (/13): BoundFlatten(name=/13, inputs=[/0], perturbed=True)
  (/input): BoundLinear(name=/input, inputs=[/13, /7, /8], perturbed=True)
  (/15): BoundRelu(name=/15, inputs=[/input], perturbed=True)
  (/input-3): BoundLinear(name=/input-3, inputs=[/15, /9, /10], perturbed=True)
  (/17): BoundRelu(name=/17, inputs=[/input-3], perturbed=True)
  (/18): BoundLinear(name=/18, inputs=[/17, /11, /12], perturbed=True)
)
Original output in the first batch: tensor([[  7.00376225,  -0.37235543,   1.00951028,  -7.26886463,   0.48773810,
          -6.38403749,  23.35140991, -20.13280487, -12.32297421,  -1.67781305,
         -15.64671516,  -8.18527603, -36.79910660, -19.23889160,  -7.88709545,
         -13.91178989,   8.43274403, -12.04497814,   1.00358510, -17.95123482,
         -14.49727249, -21.85468102,  -2.95442629, -18.56575394,  -1.21927357,
          -6.83184671]])
Split layers:
Nonlinear functions:
   BoundRelu(name=/15, inputs=[/input], perturbed=True)
   BoundRelu(name=/17, inputs=[/input-3], perturbed=True)
build batch [1/1]
initial crown bounds (first 10 items): [15.68791675567627, 22.88733673095703, 21.715124130249023, 29.60817527770996, 21.979286193847656, 28.95021629333496, 42.36402893066406, 34.73846435546875, 24.080467224121094, 37.93505859375]
Global lower bound: 14.205082893371582
verified with init bound!
Result: safe-incomplete in 0.1641 seconds

 %%%%%%%%%%%%%%%%%%%%%%%%%%%%%%%%%%% idx: 63, vnnlib ID: 63 %%%%%%%%%%%%%%%%%%%%%%%%%%%%%%%%%%%
Using onnx models/emnist_fc.onnx
Using vnnlib specs/sample_4803_g.vnnlib
784 inputs and 26 outputs in vnnlib
Loading onnx /home/master2/Desktop/saehee/XAI/Assignment_04/emnist_abcrown/models/emnist_fc.onnx with quirks {}
Finished onnx model loading in 0.0026 seconds
Finished vnnlib processing in 0.000360 seconds
Attack parameters: initialization=uniform, steps=100, restarts=5, alpha=0.0025000013411045074, GAMA=False
PGD attack margin (first 2 examples and 10 specs):
 tensor([[14.24249363,  5.75717688, 18.76591492, 17.11243057, 12.66677094,
         16.14557076, 23.43613815, 24.34430313, 15.55420303, 21.58080101]])
Total number of violation:  0
Processing batch 1/1...
PGD attack margin (first 2 examples and 10 specs):
 tensor([[13.70451927,  5.14451981, 18.14626694, 16.43244553, 12.10089111,
         15.58132744, 22.60432243, 23.49021530, 14.87412548, 20.83619690]])
Total number of violation:  0
Attack finished in 0.1145 seconds.
PGD attack failed
verified_status unknown
verified_success False
Model: BoundedModule(
  (/0): BoundInput(name=/0, inputs=[], perturbed=True)
  (/7): BoundParams(name=/7, inputs=[], perturbed=False)
  (/8): BoundParams(name=/8, inputs=[], perturbed=False)
  (/9): BoundParams(name=/9, inputs=[], perturbed=False)
  (/10): BoundParams(name=/10, inputs=[], perturbed=False)
  (/11): BoundParams(name=/11, inputs=[], perturbed=False)
  (/12): BoundParams(name=/12, inputs=[], perturbed=False)
  (/13): BoundFlatten(name=/13, inputs=[/0], perturbed=True)
  (/input): BoundLinear(name=/input, inputs=[/13, /7, /8], perturbed=True)
  (/15): BoundRelu(name=/15, inputs=[/input], perturbed=True)
  (/input-3): BoundLinear(name=/input-3, inputs=[/15, /9, /10], perturbed=True)
  (/17): BoundRelu(name=/17, inputs=[/input-3], perturbed=True)
  (/18): BoundLinear(name=/18, inputs=[/17, /11, /12], perturbed=True)
)
Original output in the first batch: tensor([[ -2.19648552,   6.38493395,  -6.64712191,  -5.01680613,  -0.58591986,
          -4.01586437,  12.15857029, -11.32929230, -12.14168167,  -3.39510989,
          -9.44440269, -10.62218571, -15.68640232,  -9.94804955,  -5.84491491,
         -10.50635242,   8.85917091,  -1.83813918,   1.95137906, -11.39331818,
          -7.77768469, -15.04525471,  -1.35853708,  -3.42938590,  -2.61415005,
          -5.76738119]])
Split layers:
Nonlinear functions:
   BoundRelu(name=/15, inputs=[/input], perturbed=True)
   BoundRelu(name=/17, inputs=[/input-3], perturbed=True)
build batch [1/1]
initial crown bounds (first 10 items): [13.513421058654785, 5.020524501800537, 17.93306541442871, 16.220378875732422, 11.891840934753418, 15.355480194091797, 22.482864379882812, 23.17688751220703, 14.641377449035645, 20.652772903442383]
Global lower bound: 2.698740005493164
verified with init bound!
Result: safe-incomplete in 0.1653 seconds

 %%%%%%%%%%%%%%%%%%%%%%%%%%%%%%%%%%% idx: 64, vnnlib ID: 64 %%%%%%%%%%%%%%%%%%%%%%%%%%%%%%%%%%%
Using onnx models/emnist_fc.onnx
Using vnnlib specs/sample_4804_g.vnnlib
784 inputs and 26 outputs in vnnlib
Loading onnx /home/master2/Desktop/saehee/XAI/Assignment_04/emnist_abcrown/models/emnist_fc.onnx with quirks {}
Finished onnx model loading in 0.0027 seconds
Finished vnnlib processing in 0.000339 seconds
Attack parameters: initialization=uniform, steps=100, restarts=5, alpha=0.002500012516975403, GAMA=False
PGD attack margin (first 2 examples and 10 specs):
 tensor([[ 9.12095547,  2.65738773,  5.89689732,  7.80930805,  6.20061398,
         15.58458233, 19.65986824, 15.27052307,  7.22176695, 19.05352783]])
Total number of violation:  0
Processing batch 1/1...
PGD attack margin (first 2 examples and 10 specs):
 tensor([[ 8.34602737,  1.60878325,  4.90539312,  6.80599165,  4.99889612,
         14.59974194, 18.50067711, 14.42111588,  6.43785715, 17.88306999]])
Total number of violation:  0
Attack finished in 0.1122 seconds.
PGD attack failed
verified_status unknown
verified_success False
Model: BoundedModule(
  (/0): BoundInput(name=/0, inputs=[], perturbed=True)
  (/7): BoundParams(name=/7, inputs=[], perturbed=False)
  (/8): BoundParams(name=/8, inputs=[], perturbed=False)
  (/9): BoundParams(name=/9, inputs=[], perturbed=False)
  (/10): BoundParams(name=/10, inputs=[], perturbed=False)
  (/11): BoundParams(name=/11, inputs=[], perturbed=False)
  (/12): BoundParams(name=/12, inputs=[], perturbed=False)
  (/13): BoundFlatten(name=/13, inputs=[/0], perturbed=True)
  (/input): BoundLinear(name=/input, inputs=[/13, /7, /8], perturbed=True)
  (/15): BoundRelu(name=/15, inputs=[/input], perturbed=True)
  (/input-3): BoundLinear(name=/input-3, inputs=[/15, /9, /10], perturbed=True)
  (/17): BoundRelu(name=/17, inputs=[/input-3], perturbed=True)
  (/18): BoundLinear(name=/18, inputs=[/17, /11, /12], perturbed=True)
)
Original output in the first batch: tensor([[ -1.15828693,   5.39255571,   2.15094376,   0.14784652,   1.91519260,
          -7.43567562,   8.03186989, -11.71860886,  -7.30576658,   0.79127187,
         -11.02831078,  -4.93326950, -18.74374962, -11.22986031,   1.72628474,
         -15.92049885,  -0.98229945, -12.51269436,   1.96418548,  -5.50404644,
          -2.77514982, -12.84505081,   0.82996863, -18.49879837,  -5.35983849,
          -6.96236086]])
Split layers:
Nonlinear functions:
   BoundRelu(name=/15, inputs=[/input], perturbed=True)
   BoundRelu(name=/17, inputs=[/input-3], perturbed=True)
build batch [1/1]
initial crown bounds (first 10 items): [8.121247291564941, 1.3737621307373047, 4.742271423339844, 6.563625335693359, 4.803229331970215, 14.401253700256348, 18.296255111694336, 14.176468849182129, 6.166855812072754, 17.686311721801758]
Global lower bound: 1.3737621307373047
verified with init bound!
Result: safe-incomplete in 0.1640 seconds

 %%%%%%%%%%%%%%%%%%%%%%%%%%%%%%%%%%% idx: 65, vnnlib ID: 65 %%%%%%%%%%%%%%%%%%%%%%%%%%%%%%%%%%%
Using onnx models/emnist_fc.onnx
Using vnnlib specs/sample_4805_g.vnnlib
784 inputs and 26 outputs in vnnlib
Loading onnx /home/master2/Desktop/saehee/XAI/Assignment_04/emnist_abcrown/models/emnist_fc.onnx with quirks {}
Finished onnx model loading in 0.0026 seconds
Finished vnnlib processing in 0.000342 seconds
Attack parameters: initialization=uniform, steps=100, restarts=5, alpha=0.0025000013411045074, GAMA=False
PGD attack margin (first 2 examples and 10 specs):
 tensor([[ 4.63009501,  1.67581511, 13.74933815, 13.46549511, 11.08530903,
         16.28711510, 12.24790001, 17.69834518,  9.94574356, 22.17321777]])
Total number of violation:  0
Processing batch 1/1...
PGD attack margin (first 2 examples and 10 specs):
 tensor([[ 4.10189199,  1.04714918, 13.09167862, 12.77786064, 10.43654728,
         15.76590729, 11.57199860, 16.99863243,  9.20875454, 21.32857895]])
Total number of violation:  0
Attack finished in 0.1082 seconds.
PGD attack failed
verified_status unknown
verified_success False
Model: BoundedModule(
  (/0): BoundInput(name=/0, inputs=[], perturbed=True)
  (/7): BoundParams(name=/7, inputs=[], perturbed=False)
  (/8): BoundParams(name=/8, inputs=[], perturbed=False)
  (/9): BoundParams(name=/9, inputs=[], perturbed=False)
  (/10): BoundParams(name=/10, inputs=[], perturbed=False)
  (/11): BoundParams(name=/11, inputs=[], perturbed=False)
  (/12): BoundParams(name=/12, inputs=[], perturbed=False)
  (/13): BoundFlatten(name=/13, inputs=[/0], perturbed=True)
  (/input): BoundLinear(name=/input, inputs=[/13, /7, /8], perturbed=True)
  (/15): BoundRelu(name=/15, inputs=[/input], perturbed=True)
  (/input-3): BoundLinear(name=/input-3, inputs=[/15, /9, /10], perturbed=True)
  (/17): BoundRelu(name=/17, inputs=[/input-3], perturbed=True)
  (/18): BoundLinear(name=/18, inputs=[/17, /11, /12], perturbed=True)
)
Original output in the first batch: tensor([[  2.92408037,   5.85378504,  -6.21687746,  -5.96733713,  -3.60185552,
          -8.88860416,   7.58856058,  -4.71374893, -10.11185551,  -2.41146970,
         -14.62154770, -11.05254745, -11.34312344, -12.25661087,  -1.70615053,
          -6.96982098,   1.30791652,  -7.69540930,  -3.50439167,  -8.87702179,
          -2.48372912,  -6.46426201,  -0.74855477, -10.08258915,   2.13195395,
          -0.26849651]])
Split layers:
Nonlinear functions:
   BoundRelu(name=/15, inputs=[/input], perturbed=True)
   BoundRelu(name=/17, inputs=[/input-3], perturbed=True)
build batch [1/1]
initial crown bounds (first 10 items): [3.92492938041687, 0.7536790370941162, 12.948780059814453, 12.504011154174805, 10.206915855407715, 15.564481735229492, 11.254719734191895, 16.864057540893555, 9.082296371459961, 21.146007537841797]
Global lower bound: 0.7536790370941162
verified with init bound!
Result: safe-incomplete in 0.1594 seconds

 %%%%%%%%%%%%%%%%%%%%%%%%%%%%%%%%%%% idx: 66, vnnlib ID: 66 %%%%%%%%%%%%%%%%%%%%%%%%%%%%%%%%%%%
Using onnx models/emnist_fc.onnx
Using vnnlib specs/sample_4806_g.vnnlib
784 inputs and 26 outputs in vnnlib
Loading onnx /home/master2/Desktop/saehee/XAI/Assignment_04/emnist_abcrown/models/emnist_fc.onnx with quirks {}
Finished onnx model loading in 0.0030 seconds
Finished vnnlib processing in 0.000391 seconds
Attack parameters: initialization=uniform, steps=100, restarts=5, alpha=0.0025000013411045074, GAMA=False
PGD attack margin (first 2 examples and 10 specs):
 tensor([[ 6.29488754, 15.76341820, 12.76227474, 15.83338547, 10.26805496,
         10.08118057, 17.91757202, 19.20259094, 20.08625793, 23.51952934]])
Total number of violation:  1
Clean input adversarial, attack skipped.

Checking and Saving Counterexample in check_and_save_cex

verified_status unsafe-pgd
verified_success True
Result: unsafe-pgd in 0.0956 seconds

 %%%%%%%%%%%%%%%%%%%%%%%%%%%%%%%%%%% idx: 67, vnnlib ID: 67 %%%%%%%%%%%%%%%%%%%%%%%%%%%%%%%%%%%
Using onnx models/emnist_fc.onnx
Using vnnlib specs/sample_4807_g.vnnlib
784 inputs and 26 outputs in vnnlib
Loading onnx /home/master2/Desktop/saehee/XAI/Assignment_04/emnist_abcrown/models/emnist_fc.onnx with quirks {}
Finished onnx model loading in 0.0026 seconds
Finished vnnlib processing in 0.000330 seconds
Attack parameters: initialization=uniform, steps=100, restarts=5, alpha=0.002500012516975403, GAMA=False
PGD attack margin (first 2 examples and 10 specs):
 tensor([[12.44738960, 16.02059746, 18.13048363, 25.31618309, 20.12388229,
         22.92532730, 31.72259140, 30.43736649, 19.24570465, 27.61024475]])
Total number of violation:  0
Processing batch 1/1...
PGD attack margin (first 2 examples and 10 specs):
 tensor([[11.71208191, 15.33175278, 17.49404907, 24.73380852, 19.40745163,
         22.35200691, 30.81769180, 29.69480133, 18.56546974, 26.78686523]])
Total number of violation:  0
Attack finished in 0.1132 seconds.
PGD attack failed
verified_status unknown
verified_success False
Model: BoundedModule(
  (/0): BoundInput(name=/0, inputs=[], perturbed=True)
  (/7): BoundParams(name=/7, inputs=[], perturbed=False)
  (/8): BoundParams(name=/8, inputs=[], perturbed=False)
  (/9): BoundParams(name=/9, inputs=[], perturbed=False)
  (/10): BoundParams(name=/10, inputs=[], perturbed=False)
  (/11): BoundParams(name=/11, inputs=[], perturbed=False)
  (/12): BoundParams(name=/12, inputs=[], perturbed=False)
  (/13): BoundFlatten(name=/13, inputs=[/0], perturbed=True)
  (/input): BoundLinear(name=/input, inputs=[/13, /7, /8], perturbed=True)
  (/15): BoundRelu(name=/15, inputs=[/input], perturbed=True)
  (/input-3): BoundLinear(name=/input-3, inputs=[/15, /9, /10], perturbed=True)
  (/17): BoundRelu(name=/17, inputs=[/input-3], perturbed=True)
  (/18): BoundLinear(name=/18, inputs=[/17, /11, /12], perturbed=True)
)
Original output in the first batch: tensor([[  4.69726658,   1.05644262,  -1.04288578,  -8.29389858,  -3.03130984,
          -5.85438442,  17.07449341, -14.68652821, -13.37891483,  -2.15961981,
         -10.62237740, -13.59885025, -16.06389046, -15.25770378,  -5.02628708,
         -15.88414574,   4.86810017, -13.28867435,   2.36612439, -10.10969830,
         -11.76800823, -17.83549881,  -1.15275025, -14.54666424,  -3.94755387,
          -3.88348842]])
Split layers:
Nonlinear functions:
   BoundRelu(name=/15, inputs=[/input], perturbed=True)
   BoundRelu(name=/17, inputs=[/input-3], perturbed=True)
build batch [1/1]
initial crown bounds (first 10 items): [11.582715034484863, 15.250611305236816, 17.381797790527344, 24.62204360961914, 19.358240127563477, 22.28270721435547, 30.663808822631836, 29.57904052734375, 18.438411712646484, 26.66309356689453]
Global lower bound: 11.508316040039062
verified with init bound!
Result: safe-incomplete in 0.1638 seconds

 %%%%%%%%%%%%%%%%%%%%%%%%%%%%%%%%%%% idx: 68, vnnlib ID: 68 %%%%%%%%%%%%%%%%%%%%%%%%%%%%%%%%%%%
Using onnx models/emnist_fc.onnx
Using vnnlib specs/sample_4808_g.vnnlib
784 inputs and 26 outputs in vnnlib
Loading onnx /home/master2/Desktop/saehee/XAI/Assignment_04/emnist_abcrown/models/emnist_fc.onnx with quirks {}
Finished onnx model loading in 0.0028 seconds
Finished vnnlib processing in 0.000355 seconds
Attack parameters: initialization=uniform, steps=100, restarts=5, alpha=0.0025000013411045074, GAMA=False
PGD attack margin (first 2 examples and 10 specs):
 tensor([[15.14622116, 10.60796928,  9.20180607, 15.75514984, 16.15353584,
          8.24429703, 18.30873871, 13.76688576, 11.72664547, 16.43059731]])
Total number of violation:  0
Processing batch 1/1...
PGD attack margin (first 2 examples and 10 specs):
 tensor([[14.49076366,  9.78530312,  8.45449924, 14.86875916, 15.11013794,
          7.24521637, 17.40877914, 12.68610954, 10.74900055, 15.31200695]])
Total number of violation:  0
Attack finished in 0.1082 seconds.
PGD attack failed
verified_status unknown
verified_success False
Model: BoundedModule(
  (/0): BoundInput(name=/0, inputs=[], perturbed=True)
  (/7): BoundParams(name=/7, inputs=[], perturbed=False)
  (/8): BoundParams(name=/8, inputs=[], perturbed=False)
  (/9): BoundParams(name=/9, inputs=[], perturbed=False)
  (/10): BoundParams(name=/10, inputs=[], perturbed=False)
  (/11): BoundParams(name=/11, inputs=[], perturbed=False)
  (/12): BoundParams(name=/12, inputs=[], perturbed=False)
  (/13): BoundFlatten(name=/13, inputs=[/0], perturbed=True)
  (/input): BoundLinear(name=/input, inputs=[/13, /7, /8], perturbed=True)
  (/15): BoundRelu(name=/15, inputs=[/input], perturbed=True)
  (/input-3): BoundLinear(name=/input-3, inputs=[/15, /9, /10], perturbed=True)
  (/17): BoundRelu(name=/17, inputs=[/input-3], perturbed=True)
  (/18): BoundLinear(name=/18, inputs=[/17, /11, /12], perturbed=True)
)
Original output in the first batch: tensor([[ -4.72295332,  -0.17362031,   1.13735139,  -5.31390858,  -5.69693804,
           2.19244480,  10.39068699,  -7.88171101,  -3.36904192,  -1.33011699,
          -5.98328447,  -4.66049957, -21.71183014,  -8.62004948,  -3.51478457,
         -11.32888794,   5.89377832, -10.11753750,   1.20520544,  -4.88045073,
          -9.45541763,  -8.74127579,  -6.62241316,  -9.30967522,  -2.31822801,
          -2.28399944]])
Split layers:
Nonlinear functions:
   BoundRelu(name=/15, inputs=[/input], perturbed=True)
   BoundRelu(name=/17, inputs=[/input-3], perturbed=True)
build batch [1/1]
initial crown bounds (first 10 items): [14.318207740783691, 9.532852172851562, 8.276307106018066, 14.688210487365723, 14.846441268920898, 6.999260902404785, 17.11055564880371, 12.438154220581055, 10.451976776123047, 15.038222312927246]
Global lower bound: 3.7643508911132812
verified with init bound!
Result: safe-incomplete in 0.1618 seconds

 %%%%%%%%%%%%%%%%%%%%%%%%%%%%%%%%%%% idx: 69, vnnlib ID: 69 %%%%%%%%%%%%%%%%%%%%%%%%%%%%%%%%%%%
Using onnx models/emnist_fc.onnx
Using vnnlib specs/sample_4809_g.vnnlib
784 inputs and 26 outputs in vnnlib
Loading onnx /home/master2/Desktop/saehee/XAI/Assignment_04/emnist_abcrown/models/emnist_fc.onnx with quirks {}
Finished onnx model loading in 0.0027 seconds
Finished vnnlib processing in 0.000349 seconds
Attack parameters: initialization=uniform, steps=100, restarts=5, alpha=0.002500012516975403, GAMA=False
PGD attack margin (first 2 examples and 10 specs):
 tensor([[15.16426754, 18.75007057, 21.06822968, 22.99003220, 15.68930435,
          7.59252930, 34.10689163, 29.24457550, 19.36634445, 24.82571793]])
Total number of violation:  0
Processing batch 1/1...
PGD attack margin (first 2 examples and 10 specs):
 tensor([[14.64945889, 18.01981354, 20.56400681, 22.30112076, 14.87922096,
          6.75648403, 33.22775269, 28.43851280, 18.49542046, 24.01629639]])
Total number of violation:  0
Attack finished in 0.1190 seconds.
PGD attack failed
verified_status unknown
verified_success False
Model: BoundedModule(
  (/0): BoundInput(name=/0, inputs=[], perturbed=True)
  (/7): BoundParams(name=/7, inputs=[], perturbed=False)
  (/8): BoundParams(name=/8, inputs=[], perturbed=False)
  (/9): BoundParams(name=/9, inputs=[], perturbed=False)
  (/10): BoundParams(name=/10, inputs=[], perturbed=False)
  (/11): BoundParams(name=/11, inputs=[], perturbed=False)
  (/12): BoundParams(name=/12, inputs=[], perturbed=False)
  (/13): BoundFlatten(name=/13, inputs=[/0], perturbed=True)
  (/input): BoundLinear(name=/input, inputs=[/13, /7, /8], perturbed=True)
  (/15): BoundRelu(name=/15, inputs=[/input], perturbed=True)
  (/input-3): BoundLinear(name=/input-3, inputs=[/15, /9, /10], perturbed=True)
  (/17): BoundRelu(name=/17, inputs=[/input-3], perturbed=True)
  (/18): BoundLinear(name=/18, inputs=[/17, /11, /12], perturbed=True)
)
Original output in the first batch: tensor([[  2.14874554,  -1.44013524,  -3.78774691,  -5.65346050,   1.62816858,
           9.72820568,  17.35548592, -16.81561279, -11.88752747,  -1.97414744,
          -7.54905939,  -9.48539829, -29.17674255, -22.35667419, -11.26207542,
          -9.38835907,   7.53525782,  -6.12788916,   6.22611952,  -5.55362797,
         -21.01695633, -27.37249756,  -8.59387207,  -6.34482336,  -3.79249215,
           0.84523535]])
Split layers:
Nonlinear functions:
   BoundRelu(name=/15, inputs=[/input], perturbed=True)
   BoundRelu(name=/17, inputs=[/input-3], perturbed=True)
build batch [1/1]
initial crown bounds (first 10 items): [14.550978660583496, 17.782739639282227, 20.35185432434082, 22.120737075805664, 14.654585838317871, 6.584028720855713, 33.0019645690918, 28.237300872802734, 18.313743591308594, 23.800809860229492]
Global lower bound: 6.584028720855713
verified with init bound!
Result: safe-incomplete in 0.1741 seconds

 %%%%%%%%%%%%%%%%%%%%%%%%%%%%%%%%%%% idx: 70, vnnlib ID: 70 %%%%%%%%%%%%%%%%%%%%%%%%%%%%%%%%%%%
Using onnx models/emnist_fc.onnx
Using vnnlib specs/sample_5600_h.vnnlib
Precompiled vnnlib file found at /home/master2/Desktop/saehee/XAI/Assignment_04/emnist_abcrown/specs/sample_5600_h.vnnlib.compiled
Loading onnx /home/master2/Desktop/saehee/XAI/Assignment_04/emnist_abcrown/models/emnist_fc.onnx with quirks {}
Finished onnx model loading in 0.0028 seconds
Finished vnnlib processing in 0.000342 seconds
Attack parameters: initialization=uniform, steps=100, restarts=5, alpha=0.0025000013411045074, GAMA=False
PGD attack margin (first 2 examples and 10 specs):
 tensor([[13.53590965, 10.74854851, 27.06079102, 17.54335785, 24.50956535,
         25.31682587, 19.86371803, 26.73682404, 27.39204025, 14.49066639]])
Total number of violation:  0
Processing batch 1/1...
PGD attack margin (first 2 examples and 10 specs):
 tensor([[12.75940037,  9.97184753, 26.07026672, 17.00029182, 23.57290840,
         24.19985199, 19.09509277, 25.92647934, 26.37446976, 13.78057480]])
Total number of violation:  0
Attack finished in 0.1240 seconds.
PGD attack failed
verified_status unknown
verified_success False
Model: BoundedModule(
  (/0): BoundInput(name=/0, inputs=[], perturbed=True)
  (/7): BoundParams(name=/7, inputs=[], perturbed=False)
  (/8): BoundParams(name=/8, inputs=[], perturbed=False)
  (/9): BoundParams(name=/9, inputs=[], perturbed=False)
  (/10): BoundParams(name=/10, inputs=[], perturbed=False)
  (/11): BoundParams(name=/11, inputs=[], perturbed=False)
  (/12): BoundParams(name=/12, inputs=[], perturbed=False)
  (/13): BoundFlatten(name=/13, inputs=[/0], perturbed=True)
  (/input): BoundLinear(name=/input, inputs=[/13, /7, /8], perturbed=True)
  (/15): BoundRelu(name=/15, inputs=[/input], perturbed=True)
  (/input-3): BoundLinear(name=/input-3, inputs=[/15, /9, /10], perturbed=True)
  (/17): BoundRelu(name=/17, inputs=[/input-3], perturbed=True)
  (/18): BoundLinear(name=/18, inputs=[/17, /11, /12], perturbed=True)
)
Original output in the first batch: tensor([[ 7.20896363e-01,  3.61126399e+00, -1.27747145e+01, -3.33765769e+00,
         -1.02426805e+01, -1.10160465e+01, -5.58588648e+00,  1.42847795e+01,
         -1.25219336e+01, -1.30867081e+01, -2.16525033e-01, -7.05580044e+00,
         -2.73325038e+00,  5.55455685e-04, -1.83423367e+01, -8.20805550e-01,
         -8.82020378e+00,  3.70899737e-01, -9.60035896e+00, -6.39271450e+00,
          2.14147553e-01, -8.74272537e+00,  1.24893320e+00, -1.20810509e+01,
         -7.26723492e-01, -1.39665184e+01]])
Split layers:
Nonlinear functions:
   BoundRelu(name=/15, inputs=[/input], perturbed=True)
   BoundRelu(name=/17, inputs=[/input-3], perturbed=True)
build batch [1/1]
initial crown bounds (first 10 items): [12.56955337524414, 9.801276206970215, 25.765737533569336, 16.797054290771484, 23.386070251464844, 23.948606491088867, 18.82068634033203, 25.74563217163086, 26.247827529907227, 13.562183380126953]
Global lower bound: 9.801276206970215
verified with init bound!
Result: safe-incomplete in 0.1530 seconds

 %%%%%%%%%%%%%%%%%%%%%%%%%%%%%%%%%%% idx: 71, vnnlib ID: 71 %%%%%%%%%%%%%%%%%%%%%%%%%%%%%%%%%%%
Using onnx models/emnist_fc.onnx
Using vnnlib specs/sample_5601_h.vnnlib
784 inputs and 26 outputs in vnnlib
Loading onnx /home/master2/Desktop/saehee/XAI/Assignment_04/emnist_abcrown/models/emnist_fc.onnx with quirks {}
Finished onnx model loading in 0.0060 seconds
Finished vnnlib processing in 0.000382 seconds
Attack parameters: initialization=uniform, steps=100, restarts=5, alpha=0.0025000013411045074, GAMA=False
PGD attack margin (first 2 examples and 10 specs):
 tensor([[ 9.52167988,  8.50056458, 25.57634926, 17.38511848, 22.19276428,
         24.54945946, 17.04659271, 22.31485176, 24.14401245, 11.83064556]])
Total number of violation:  0
Processing batch 1/1...
PGD attack margin (first 2 examples and 10 specs):
 tensor([[ 8.78495789,  7.50828695, 24.79207611, 16.25764465, 21.02542114,
         23.07703400, 16.07138824, 21.52897263, 23.14704895, 10.86440563]])
Total number of violation:  0
Attack finished in 0.1125 seconds.
PGD attack failed
verified_status unknown
verified_success False
Model: BoundedModule(
  (/0): BoundInput(name=/0, inputs=[], perturbed=True)
  (/7): BoundParams(name=/7, inputs=[], perturbed=False)
  (/8): BoundParams(name=/8, inputs=[], perturbed=False)
  (/9): BoundParams(name=/9, inputs=[], perturbed=False)
  (/10): BoundParams(name=/10, inputs=[], perturbed=False)
  (/11): BoundParams(name=/11, inputs=[], perturbed=False)
  (/12): BoundParams(name=/12, inputs=[], perturbed=False)
  (/13): BoundFlatten(name=/13, inputs=[/0], perturbed=True)
  (/input): BoundLinear(name=/input, inputs=[/13, /7, /8], perturbed=True)
  (/15): BoundRelu(name=/15, inputs=[/input], perturbed=True)
  (/input-3): BoundLinear(name=/input-3, inputs=[/15, /9, /10], perturbed=True)
  (/17): BoundRelu(name=/17, inputs=[/input-3], perturbed=True)
  (/18): BoundLinear(name=/18, inputs=[/17, /11, /12], perturbed=True)
)
Original output in the first batch: tensor([[  3.73597717,   4.84246111, -12.30581284,  -4.07582664,  -8.93403912,
         -11.06256580,  -3.67621493,  13.27559948,  -9.00011826, -10.77061081,
           1.54149318,  -4.86484718,  -4.81504154,   0.96132034, -15.01655769,
          -8.86796856,  -9.45573711,   2.76256299,  -8.23025417,  -7.86947727,
          -4.63274145, -14.61591148,   1.41159892,  -8.07868767,  -5.19461727,
          -9.68345165]])
Split layers:
Nonlinear functions:
   BoundRelu(name=/15, inputs=[/input], perturbed=True)
   BoundRelu(name=/17, inputs=[/input-3], perturbed=True)
build batch [1/1]
initial crown bounds (first 10 items): [8.667035102844238, 7.432038307189941, 24.633487701416016, 16.107160568237305, 20.867551803588867, 22.89298439025879, 15.936125755310059, 21.404123306274414, 23.0398006439209, 10.754242897033691]
Global lower bound: 7.432038307189941
verified with init bound!
Result: safe-incomplete in 0.1690 seconds

 %%%%%%%%%%%%%%%%%%%%%%%%%%%%%%%%%%% idx: 72, vnnlib ID: 72 %%%%%%%%%%%%%%%%%%%%%%%%%%%%%%%%%%%
Using onnx models/emnist_fc.onnx
Using vnnlib specs/sample_5602_h.vnnlib
784 inputs and 26 outputs in vnnlib
Loading onnx /home/master2/Desktop/saehee/XAI/Assignment_04/emnist_abcrown/models/emnist_fc.onnx with quirks {}
Finished onnx model loading in 0.0027 seconds
Finished vnnlib processing in 0.000380 seconds
Attack parameters: initialization=uniform, steps=100, restarts=5, alpha=0.0025000013411045074, GAMA=False
PGD attack margin (first 2 examples and 10 specs):
 tensor([[ 9.96154022,  7.17947388, 10.38574123,  8.45750237, 10.12720108,
         14.49492836, 11.72535324,  5.33058834, 17.35492516, -0.32165337]])
Total number of violation:  2
Clean input adversarial, attack skipped.

Checking and Saving Counterexample in check_and_save_cex

verified_status unsafe-pgd
verified_success True
Result: unsafe-pgd in 0.0949 seconds

 %%%%%%%%%%%%%%%%%%%%%%%%%%%%%%%%%%% idx: 73, vnnlib ID: 73 %%%%%%%%%%%%%%%%%%%%%%%%%%%%%%%%%%%
Using onnx models/emnist_fc.onnx
Using vnnlib specs/sample_5603_h.vnnlib
784 inputs and 26 outputs in vnnlib
Loading onnx /home/master2/Desktop/saehee/XAI/Assignment_04/emnist_abcrown/models/emnist_fc.onnx with quirks {}
Finished onnx model loading in 0.0030 seconds
Finished vnnlib processing in 0.000343 seconds
Attack parameters: initialization=uniform, steps=100, restarts=5, alpha=0.0025000013411045074, GAMA=False
PGD attack margin (first 2 examples and 10 specs):
 tensor([[ 6.74238491,  8.50040150, 14.20537281, 11.36962700, 17.57020187,
          9.09106636, 10.95331001,  8.95694256,  9.21981907,  9.11743641]])
Total number of violation:  0
Processing batch 1/1...
PGD attack margin (first 2 examples and 10 specs):
 tensor([[ 5.81863022,  7.37051773, 13.14484215, 10.25882912, 16.25726700,
          7.57484007,  9.71565247,  7.77028561,  7.70217657,  8.10450459]])
Total number of violation:  0
Attack finished in 0.1094 seconds.
PGD attack failed
verified_status unknown
verified_success False
Model: BoundedModule(
  (/0): BoundInput(name=/0, inputs=[], perturbed=True)
  (/7): BoundParams(name=/7, inputs=[], perturbed=False)
  (/8): BoundParams(name=/8, inputs=[], perturbed=False)
  (/9): BoundParams(name=/9, inputs=[], perturbed=False)
  (/10): BoundParams(name=/10, inputs=[], perturbed=False)
  (/11): BoundParams(name=/11, inputs=[], perturbed=False)
  (/12): BoundParams(name=/12, inputs=[], perturbed=False)
  (/13): BoundFlatten(name=/13, inputs=[/0], perturbed=True)
  (/input): BoundLinear(name=/input, inputs=[/13, /7, /8], perturbed=True)
  (/15): BoundRelu(name=/15, inputs=[/input], perturbed=True)
  (/input-3): BoundLinear(name=/input-3, inputs=[/15, /9, /10], perturbed=True)
  (/17): BoundRelu(name=/17, inputs=[/input-3], perturbed=True)
  (/18): BoundLinear(name=/18, inputs=[/17, /11, /12], perturbed=True)
)
Original output in the first batch: tensor([[  0.44862771,  -1.31137371,  -7.15885878,  -4.24109697, -10.34167385,
          -1.83359230,  -3.74072051,   7.13286781,  -1.92902303,  -2.07682252,
          -1.86020708,  -1.06434381,  -6.62584352,  -4.11363173, -12.85235405,
          -4.21608734,  -4.12189960,  -3.13178778,  -9.26975536,   0.19484432,
          -3.99479485,  -5.59049702,  -5.68181658,  -7.40332460,  -4.38962460,
         -11.62847424]])
Split layers:
Nonlinear functions:
   BoundRelu(name=/15, inputs=[/input], perturbed=True)
   BoundRelu(name=/17, inputs=[/input-3], perturbed=True)
build batch [1/1]
initial crown bounds (first 10 items): [5.595057964324951, 7.1306843757629395, 12.825150489807129, 10.010809898376465, 15.847609519958496, 7.217185020446777, 9.463191986083984, 7.511960506439209, 7.450242519378662, 7.831027030944824]
Global lower bound: 5.595057964324951
verified with init bound!
Result: safe-incomplete in 0.1687 seconds

 %%%%%%%%%%%%%%%%%%%%%%%%%%%%%%%%%%% idx: 74, vnnlib ID: 74 %%%%%%%%%%%%%%%%%%%%%%%%%%%%%%%%%%%
Using onnx models/emnist_fc.onnx
Using vnnlib specs/sample_5604_h.vnnlib
784 inputs and 26 outputs in vnnlib
Loading onnx /home/master2/Desktop/saehee/XAI/Assignment_04/emnist_abcrown/models/emnist_fc.onnx with quirks {}
Finished onnx model loading in 0.0031 seconds
Finished vnnlib processing in 0.000354 seconds
Attack parameters: initialization=uniform, steps=100, restarts=5, alpha=0.0025000013411045074, GAMA=False
PGD attack margin (first 2 examples and 10 specs):
 tensor([[ 5.13451815, 13.49847603, 22.24760818, 15.30864334, 27.04070663,
         26.55368614, 12.36147976, 20.12505722, 18.03814125, 12.23495674]])
Total number of violation:  0
Processing batch 1/1...
PGD attack margin (first 2 examples and 10 specs):
 tensor([[ 4.29266500, 12.65826511, 21.56530571, 14.54773140, 26.06595802,
         25.48100662, 11.44069862, 19.40307236, 17.15133286, 11.25650501]])
Total number of violation:  0
Attack finished in 0.1163 seconds.
PGD attack failed
verified_status unknown
verified_success False
Model: BoundedModule(
  (/0): BoundInput(name=/0, inputs=[], perturbed=True)
  (/7): BoundParams(name=/7, inputs=[], perturbed=False)
  (/8): BoundParams(name=/8, inputs=[], perturbed=False)
  (/9): BoundParams(name=/9, inputs=[], perturbed=False)
  (/10): BoundParams(name=/10, inputs=[], perturbed=False)
  (/11): BoundParams(name=/11, inputs=[], perturbed=False)
  (/12): BoundParams(name=/12, inputs=[], perturbed=False)
  (/13): BoundFlatten(name=/13, inputs=[/0], perturbed=True)
  (/input): BoundLinear(name=/input, inputs=[/13, /7, /8], perturbed=True)
  (/15): BoundRelu(name=/15, inputs=[/input], perturbed=True)
  (/input-3): BoundLinear(name=/input-3, inputs=[/15, /9, /10], perturbed=True)
  (/17): BoundRelu(name=/17, inputs=[/input-3], perturbed=True)
  (/18): BoundLinear(name=/18, inputs=[/17, /11, /12], perturbed=True)
)
Original output in the first batch: tensor([[  5.71796751,  -2.73637581, -11.47950077,  -4.51136255, -16.27776146,
         -15.74036217,  -1.57270169,  10.77247906,  -9.38258076,  -7.26122522,
          -1.43618441,  -6.12988997,  -0.41236362,   6.95334339,  -7.36824036,
          -4.47049093,  -7.04766321,  -0.52256459,  -9.65105534,  -8.58699512,
          -3.41436291,  -7.57344627,  -0.69297296,  -6.00979376,  -1.97296119,
         -10.22250366]])
Split layers:
Nonlinear functions:
   BoundRelu(name=/15, inputs=[/input], perturbed=True)
   BoundRelu(name=/17, inputs=[/input-3], perturbed=True)
build batch [1/1]
initial crown bounds (first 10 items): [4.198663711547852, 12.583581924438477, 21.425331115722656, 14.467363357543945, 25.846342086791992, 25.30023193359375, 11.31673812866211, 19.347681045532227, 17.024839401245117, 11.094902038574219]
Global lower bound: 3.033331871032715
verified with init bound!
Result: safe-incomplete in 0.1711 seconds

 %%%%%%%%%%%%%%%%%%%%%%%%%%%%%%%%%%% idx: 75, vnnlib ID: 75 %%%%%%%%%%%%%%%%%%%%%%%%%%%%%%%%%%%
Using onnx models/emnist_fc.onnx
Using vnnlib specs/sample_5605_h.vnnlib
784 inputs and 26 outputs in vnnlib
Loading onnx /home/master2/Desktop/saehee/XAI/Assignment_04/emnist_abcrown/models/emnist_fc.onnx with quirks {}
Finished onnx model loading in 0.0027 seconds
Finished vnnlib processing in 0.000342 seconds
Attack parameters: initialization=uniform, steps=100, restarts=5, alpha=0.002500012516975403, GAMA=False
PGD attack margin (first 2 examples and 10 specs):
 tensor([[11.67331123,  9.70735836, 23.75141335, 16.64796829, 21.93468666,
         20.93090820, 18.42062378, 20.12916374, 20.17951584, 11.44220543]])
Total number of violation:  0
Processing batch 1/1...
PGD attack margin (first 2 examples and 10 specs):
 tensor([[11.03866386,  9.07443142, 22.84231186, 16.05497360, 21.14916420,
         19.77177429, 17.64248276, 19.54240990, 19.28418350, 10.81298637]])
Total number of violation:  0
Attack finished in 0.1118 seconds.
PGD attack failed
verified_status unknown
verified_success False
Model: BoundedModule(
  (/0): BoundInput(name=/0, inputs=[], perturbed=True)
  (/7): BoundParams(name=/7, inputs=[], perturbed=False)
  (/8): BoundParams(name=/8, inputs=[], perturbed=False)
  (/9): BoundParams(name=/9, inputs=[], perturbed=False)
  (/10): BoundParams(name=/10, inputs=[], perturbed=False)
  (/11): BoundParams(name=/11, inputs=[], perturbed=False)
  (/12): BoundParams(name=/12, inputs=[], perturbed=False)
  (/13): BoundFlatten(name=/13, inputs=[/0], perturbed=True)
  (/input): BoundLinear(name=/input, inputs=[/13, /7, /8], perturbed=True)
  (/15): BoundRelu(name=/15, inputs=[/input], perturbed=True)
  (/input-3): BoundLinear(name=/input-3, inputs=[/15, /9, /10], perturbed=True)
  (/17): BoundRelu(name=/17, inputs=[/input-3], perturbed=True)
  (/18): BoundLinear(name=/18, inputs=[/17, /11, /12], perturbed=True)
)
Original output in the first batch: tensor([[ -0.99016750,   0.92833889, -13.13592815,  -6.02911758, -11.37652683,
         -10.37510967,  -7.75279188,  10.66156769,  -9.56941509,  -9.56464005,
          -0.87180847,  -5.04701805,  -2.13388348,   1.62377453, -19.50186920,
         -10.24009323,  -9.79949856,  -5.23911810,  -9.97762585,   0.64691448,
          -1.10663879, -11.27098179,   4.07004976, -10.73757362,  -3.19833922,
         -11.67089081]])
Split layers:
Nonlinear functions:
   BoundRelu(name=/15, inputs=[/input], perturbed=True)
   BoundRelu(name=/17, inputs=[/input-3], perturbed=True)
build batch [1/1]
initial crown bounds (first 10 items): [10.917076110839844, 8.969531059265137, 22.751047134399414, 15.942305564880371, 21.00625228881836, 19.718400955200195, 17.524829864501953, 19.44218635559082, 19.184818267822266, 10.707291603088379]
Global lower bound: 5.834935665130615
verified with init bound!
Result: safe-incomplete in 0.1637 seconds

 %%%%%%%%%%%%%%%%%%%%%%%%%%%%%%%%%%% idx: 76, vnnlib ID: 76 %%%%%%%%%%%%%%%%%%%%%%%%%%%%%%%%%%%
Using onnx models/emnist_fc.onnx
Using vnnlib specs/sample_5606_h.vnnlib
784 inputs and 26 outputs in vnnlib
Loading onnx /home/master2/Desktop/saehee/XAI/Assignment_04/emnist_abcrown/models/emnist_fc.onnx with quirks {}
Finished onnx model loading in 0.0026 seconds
Finished vnnlib processing in 0.000345 seconds
Attack parameters: initialization=uniform, steps=100, restarts=5, alpha=0.0025000013411045074, GAMA=False
PGD attack margin (first 2 examples and 10 specs):
 tensor([[10.93185711,  8.90713310, 16.51960754, 14.85474014, 22.08148193,
         18.40021133, 13.21128464, 12.39247608, 16.20450211,  8.14279747]])
Total number of violation:  0
Processing batch 1/1...
PGD attack margin (first 2 examples and 10 specs):
 tensor([[ 9.97296047,  8.07198620, 15.59846592, 13.75778770, 20.81331635,
         16.85036469, 12.20901203, 11.39254856, 14.98443317,  6.95660686]])
Total number of violation:  0
Attack finished in 0.1096 seconds.
PGD attack failed
verified_status unknown
verified_success False
Model: BoundedModule(
  (/0): BoundInput(name=/0, inputs=[], perturbed=True)
  (/7): BoundParams(name=/7, inputs=[], perturbed=False)
  (/8): BoundParams(name=/8, inputs=[], perturbed=False)
  (/9): BoundParams(name=/9, inputs=[], perturbed=False)
  (/10): BoundParams(name=/10, inputs=[], perturbed=False)
  (/11): BoundParams(name=/11, inputs=[], perturbed=False)
  (/12): BoundParams(name=/12, inputs=[], perturbed=False)
  (/13): BoundFlatten(name=/13, inputs=[/0], perturbed=True)
  (/input): BoundLinear(name=/input, inputs=[/13, /7, /8], perturbed=True)
  (/15): BoundRelu(name=/15, inputs=[/input], perturbed=True)
  (/input-3): BoundLinear(name=/input-3, inputs=[/15, /9, /10], perturbed=True)
  (/17): BoundRelu(name=/17, inputs=[/input-3], perturbed=True)
  (/18): BoundLinear(name=/18, inputs=[/17, /11, /12], perturbed=True)
)
Original output in the first batch: tensor([[ -1.18827927,   0.76727057,  -6.87672472,  -5.13767624, -12.31324959,
          -8.57890511,  -3.47507024,   9.67151165,  -2.68147779,  -6.45277357,
           1.61156940,   1.98789966,  -6.64505577,  -2.74008965, -14.62540436,
         -13.49412060,  -7.54579926,  -5.43370962,  -7.26924849,  -3.71812654,
          -2.82649446,  -9.91162968,  -8.24590015,  -2.08437514,  -2.27427745,
          -9.71796227]])
Split layers:
Nonlinear functions:
   BoundRelu(name=/15, inputs=[/input], perturbed=True)
   BoundRelu(name=/17, inputs=[/input-3], perturbed=True)
build batch [1/1]
initial crown bounds (first 10 items): [9.704480171203613, 7.854867935180664, 15.497811317443848, 13.454254150390625, 20.654247283935547, 16.468338012695312, 11.920345306396484, 11.267592430114746, 14.70427131652832, 6.794679641723633]
Global lower bound: 6.759251594543457
verified with init bound!
Result: safe-incomplete in 0.1595 seconds

 %%%%%%%%%%%%%%%%%%%%%%%%%%%%%%%%%%% idx: 77, vnnlib ID: 77 %%%%%%%%%%%%%%%%%%%%%%%%%%%%%%%%%%%
Using onnx models/emnist_fc.onnx
Using vnnlib specs/sample_5607_h.vnnlib
784 inputs and 26 outputs in vnnlib
Loading onnx /home/master2/Desktop/saehee/XAI/Assignment_04/emnist_abcrown/models/emnist_fc.onnx with quirks {}
Finished onnx model loading in 0.0027 seconds
Finished vnnlib processing in 0.000338 seconds
Attack parameters: initialization=uniform, steps=100, restarts=5, alpha=0.002500012516975403, GAMA=False
PGD attack margin (first 2 examples and 10 specs):
 tensor([[ 4.75767374, 13.41384697, 19.67657852, 12.76935959, 18.54692650,
         22.94015121, 16.53931618, 19.12547874, 22.44515419,  9.78707123]])
Total number of violation:  0
Processing batch 1/1...
PGD attack margin (first 2 examples and 10 specs):
 tensor([[ 3.79823017, 12.20929146, 18.61082840, 11.94847393, 17.40625381,
         21.70737457, 15.40428162, 18.48001480, 21.50206757,  8.90339470]])
Total number of violation:  0
Attack finished in 0.1080 seconds.
PGD attack failed
verified_status unknown
verified_success False
Model: BoundedModule(
  (/0): BoundInput(name=/0, inputs=[], perturbed=True)
  (/7): BoundParams(name=/7, inputs=[], perturbed=False)
  (/8): BoundParams(name=/8, inputs=[], perturbed=False)
  (/9): BoundParams(name=/9, inputs=[], perturbed=False)
  (/10): BoundParams(name=/10, inputs=[], perturbed=False)
  (/11): BoundParams(name=/11, inputs=[], perturbed=False)
  (/12): BoundParams(name=/12, inputs=[], perturbed=False)
  (/13): BoundFlatten(name=/13, inputs=[/0], perturbed=True)
  (/input): BoundLinear(name=/input, inputs=[/13, /7, /8], perturbed=True)
  (/15): BoundRelu(name=/15, inputs=[/input], perturbed=True)
  (/input-3): BoundLinear(name=/input-3, inputs=[/15, /9, /10], perturbed=True)
  (/17): BoundRelu(name=/17, inputs=[/input-3], perturbed=True)
  (/18): BoundLinear(name=/18, inputs=[/17, /11, /12], perturbed=True)
)
Original output in the first batch: tensor([[  5.63921356,  -2.92912269,  -9.25971508,  -2.41587210,  -8.16359520,
         -12.50195789,  -6.12467527,  10.38605213,  -8.77759743, -11.98536301,
           0.59783036,  -6.13371086,  -0.23722027,   1.77955294, -15.26972580,
          -3.40615749,  -8.68789005,  -0.29426569,  -9.84756756,  -5.44867182,
           1.21449888, -12.83076382,  -0.94865781,  -7.04763651,  -2.92119193,
         -12.08619308]])
Split layers:
Nonlinear functions:
   BoundRelu(name=/15, inputs=[/input], perturbed=True)
   BoundRelu(name=/17, inputs=[/input-3], perturbed=True)
build batch [1/1]
initial crown bounds (first 10 items): [3.6138532161712646, 12.030954360961914, 18.433931350708008, 11.682645797729492, 17.224979400634766, 21.501413345336914, 15.1477632522583, 18.383056640625, 21.38064956665039, 8.723895072937012]
Global lower bound: 3.6138532161712646
verified with init bound!
Result: safe-incomplete in 0.1592 seconds

 %%%%%%%%%%%%%%%%%%%%%%%%%%%%%%%%%%% idx: 78, vnnlib ID: 78 %%%%%%%%%%%%%%%%%%%%%%%%%%%%%%%%%%%
Using onnx models/emnist_fc.onnx
Using vnnlib specs/sample_5608_h.vnnlib
784 inputs and 26 outputs in vnnlib
Loading onnx /home/master2/Desktop/saehee/XAI/Assignment_04/emnist_abcrown/models/emnist_fc.onnx with quirks {}
Finished onnx model loading in 0.0033 seconds
Finished vnnlib processing in 0.000390 seconds
Attack parameters: initialization=uniform, steps=100, restarts=5, alpha=0.002500012516975403, GAMA=False
PGD attack margin (first 2 examples and 10 specs):
 tensor([[13.82204342,  8.68085480, 20.39954758, 12.30438328, 22.09763145,
         27.56515503, 14.26535892, 23.51385498, 19.09259796, 14.41127205]])
Total number of violation:  0
Processing batch 1/1...
PGD attack margin (first 2 examples and 10 specs):
 tensor([[13.12391090,  7.85888481, 19.53175354, 11.62362480, 21.05019569,
         26.69780731, 13.38736343, 22.79512024, 18.22555923, 13.34492874]])
Total number of violation:  0
Attack finished in 0.1086 seconds.
PGD attack failed
verified_status unknown
verified_success False
Model: BoundedModule(
  (/0): BoundInput(name=/0, inputs=[], perturbed=True)
  (/7): BoundParams(name=/7, inputs=[], perturbed=False)
  (/8): BoundParams(name=/8, inputs=[], perturbed=False)
  (/9): BoundParams(name=/9, inputs=[], perturbed=False)
  (/10): BoundParams(name=/10, inputs=[], perturbed=False)
  (/11): BoundParams(name=/11, inputs=[], perturbed=False)
  (/12): BoundParams(name=/12, inputs=[], perturbed=False)
  (/13): BoundFlatten(name=/13, inputs=[/0], perturbed=True)
  (/input): BoundLinear(name=/input, inputs=[/13, /7, /8], perturbed=True)
  (/15): BoundRelu(name=/15, inputs=[/input], perturbed=True)
  (/input-3): BoundLinear(name=/input-3, inputs=[/15, /9, /10], perturbed=True)
  (/17): BoundRelu(name=/17, inputs=[/input-3], perturbed=True)
  (/18): BoundLinear(name=/18, inputs=[/17, /11, /12], perturbed=True)
)
Original output in the first batch: tensor([[ -1.22136295,   3.96477747,  -7.85365343,   0.24638718,  -9.47211742,
         -14.97196960,  -1.64586496,  12.55338097, -10.98712063,  -6.51824903,
          -1.76567698,  -5.00603342,  -5.88378811,  -3.60229111, -18.42467880,
          -8.99575424,  -9.42942810,  -4.54048061,  -9.91124344,  -4.18105698,
           4.47082233, -11.45273495,   0.12459153, -11.90279198,   0.72800261,
          -9.67694187]])
Split layers:
Nonlinear functions:
   BoundRelu(name=/15, inputs=[/input], perturbed=True)
   BoundRelu(name=/17, inputs=[/input-3], perturbed=True)
build batch [1/1]
initial crown bounds (first 10 items): [13.023837089538574, 7.785606861114502, 19.4459285736084, 11.520723342895508, 20.9468994140625, 26.604001998901367, 13.329437255859375, 22.749507904052734, 18.15530776977539, 13.289156913757324]
Global lower bound: 7.388277530670166
verified with init bound!
Result: safe-incomplete in 0.2256 seconds

 %%%%%%%%%%%%%%%%%%%%%%%%%%%%%%%%%%% idx: 79, vnnlib ID: 79 %%%%%%%%%%%%%%%%%%%%%%%%%%%%%%%%%%%
Using onnx models/emnist_fc.onnx
Using vnnlib specs/sample_5609_h.vnnlib
784 inputs and 26 outputs in vnnlib
Loading onnx /home/master2/Desktop/saehee/XAI/Assignment_04/emnist_abcrown/models/emnist_fc.onnx with quirks {}
Finished onnx model loading in 0.0028 seconds
Finished vnnlib processing in 0.000340 seconds
Attack parameters: initialization=uniform, steps=100, restarts=5, alpha=0.0025000013411045074, GAMA=False
PGD attack margin (first 2 examples and 10 specs):
 tensor([[ 7.63930559,  8.76062870, 17.18541718, 16.29538918, 24.26502037,
         17.80244446, 12.51398563, 16.25251007, 17.38118744, 11.10184765]])
Total number of violation:  0
Processing batch 1/1...
PGD attack margin (first 2 examples and 10 specs):
 tensor([[ 6.58377695,  7.60230160, 16.25246811, 14.93009758, 22.92782593,
         16.39138412, 11.24196720, 15.44000626, 16.32078552, 10.16506863]])
Total number of violation:  0
Attack finished in 0.1185 seconds.
PGD attack failed
verified_status unknown
verified_success False
Model: BoundedModule(
  (/0): BoundInput(name=/0, inputs=[], perturbed=True)
  (/7): BoundParams(name=/7, inputs=[], perturbed=False)
  (/8): BoundParams(name=/8, inputs=[], perturbed=False)
  (/9): BoundParams(name=/9, inputs=[], perturbed=False)
  (/10): BoundParams(name=/10, inputs=[], perturbed=False)
  (/11): BoundParams(name=/11, inputs=[], perturbed=False)
  (/12): BoundParams(name=/12, inputs=[], perturbed=False)
  (/13): BoundFlatten(name=/13, inputs=[/0], perturbed=True)
  (/input): BoundLinear(name=/input, inputs=[/13, /7, /8], perturbed=True)
  (/15): BoundRelu(name=/15, inputs=[/input], perturbed=True)
  (/input-3): BoundLinear(name=/input-3, inputs=[/15, /9, /10], perturbed=True)
  (/17): BoundRelu(name=/17, inputs=[/input-3], perturbed=True)
  (/18): BoundLinear(name=/18, inputs=[/17, /11, /12], perturbed=True)
)
Original output in the first batch: tensor([[ 3.47079420e+00,  2.34764457e+00, -6.10501623e+00, -5.19268656e+00,
         -1.31142979e+01, -6.59642124e+00, -1.34306335e+00,  1.10839472e+01,
         -5.11869526e+00, -6.21136379e+00, -1.77528448e-02,  5.09512067e-01,
         -6.84682751e+00, -6.16434050e+00, -1.80359097e+01, -1.41878500e+01,
         -1.14250765e+01, -7.57867384e+00, -9.38988304e+00, -1.97986376e+00,
         -5.80241966e+00, -1.84322929e+01, -9.63657093e+00, -2.78677678e+00,
         -7.62540436e+00, -6.49900150e+00]])
Split layers:
Nonlinear functions:
   BoundRelu(name=/15, inputs=[/input], perturbed=True)
   BoundRelu(name=/17, inputs=[/input-3], perturbed=True)
build batch [1/1]
initial crown bounds (first 10 items): [6.2341837882995605, 7.346395015716553, 15.931468963623047, 14.516515731811523, 22.547006607055664, 16.08567237854004, 10.894654273986816, 15.057525634765625, 15.853288650512695, 9.80864143371582]
Global lower bound: 6.2341837882995605
verified with init bound!
Result: safe-incomplete in 0.1702 seconds

 %%%%%%%%%%%%%%%%%%%%%%%%%%%%%%%%%%% idx: 80, vnnlib ID: 80 %%%%%%%%%%%%%%%%%%%%%%%%%%%%%%%%%%%
Using onnx models/emnist_fc.onnx
Using vnnlib specs/sample_6400_i.vnnlib
Precompiled vnnlib file found at /home/master2/Desktop/saehee/XAI/Assignment_04/emnist_abcrown/specs/sample_6400_i.vnnlib.compiled
Loading onnx /home/master2/Desktop/saehee/XAI/Assignment_04/emnist_abcrown/models/emnist_fc.onnx with quirks {}
Finished onnx model loading in 0.0026 seconds
Finished vnnlib processing in 0.000333 seconds
Attack parameters: initialization=uniform, steps=100, restarts=5, alpha=0.0025000013411045074, GAMA=False
PGD attack margin (first 2 examples and 10 specs):
 tensor([[15.97440910, 16.47403526, 10.24698067, 19.83044052, 13.68336105,
         11.00191021, 15.87865257,  9.23636246,  9.20667934, 11.16019154]])
Total number of violation:  0
Processing batch 1/1...
pgd early stop
PGD attack margin (first 2 examples and 10 specs):
 tensor([[14.76966286, 14.98383522,  9.44075775, 18.65120697, 12.55512810,
         10.09185600, 14.79404831,  8.13141441,  8.50843239,  9.49678230]])
Total number of violation:  1
Attack finished in 0.0049 seconds.
PGD attack succeeded!

Checking and Saving Counterexample in check_and_save_cex

verified_status unsafe-pgd
verified_success True
Result: unsafe-pgd in 0.0142 seconds

 %%%%%%%%%%%%%%%%%%%%%%%%%%%%%%%%%%% idx: 81, vnnlib ID: 81 %%%%%%%%%%%%%%%%%%%%%%%%%%%%%%%%%%%
Using onnx models/emnist_fc.onnx
Using vnnlib specs/sample_6401_i.vnnlib
784 inputs and 26 outputs in vnnlib
Loading onnx /home/master2/Desktop/saehee/XAI/Assignment_04/emnist_abcrown/models/emnist_fc.onnx with quirks {}
Finished onnx model loading in 0.0025 seconds
Finished vnnlib processing in 0.000341 seconds
Attack parameters: initialization=uniform, steps=100, restarts=5, alpha=0.0025000013411045074, GAMA=False
PGD attack margin (first 2 examples and 10 specs):
 tensor([[ 3.97110748e+00,  1.80303264e+00,  8.39022064e+00, -5.43492889e+00,
          8.60980988e+00,  1.55009499e+01,  7.08127546e+00, -9.14943218e-03,
          1.29966316e+01, -7.58381319e+00]])
Total number of violation:  7
Clean input adversarial, attack skipped.

Checking and Saving Counterexample in check_and_save_cex

verified_status unsafe-pgd
verified_success True
Result: unsafe-pgd in 0.0323 seconds

 %%%%%%%%%%%%%%%%%%%%%%%%%%%%%%%%%%% idx: 82, vnnlib ID: 82 %%%%%%%%%%%%%%%%%%%%%%%%%%%%%%%%%%%
Using onnx models/emnist_fc.onnx
Using vnnlib specs/sample_6402_i.vnnlib
784 inputs and 26 outputs in vnnlib
Loading onnx /home/master2/Desktop/saehee/XAI/Assignment_04/emnist_abcrown/models/emnist_fc.onnx with quirks {}
Finished onnx model loading in 0.0024 seconds
Finished vnnlib processing in 0.000330 seconds
Attack parameters: initialization=uniform, steps=100, restarts=5, alpha=0.0025000013411045074, GAMA=False
PGD attack margin (first 2 examples and 10 specs):
 tensor([[ 8.35141373, 17.35464668,  6.24160194,  9.48182201,  6.07825232,
          7.44081736, 11.74917793, 11.32808399,  8.89201355, 12.87363052]])
Total number of violation:  0
Processing batch 1/1...
PGD attack margin (first 2 examples and 10 specs):
 tensor([[ 7.24191046, 16.17416573,  5.74378252,  8.69554806,  5.33290052,
          6.73992682, 10.78692436, 10.20192528,  8.27648163, 11.59268761]])
Total number of violation:  0
Attack finished in 0.1112 seconds.
PGD attack failed
verified_status unknown
verified_success False
Model: BoundedModule(
  (/0): BoundInput(name=/0, inputs=[], perturbed=True)
  (/7): BoundParams(name=/7, inputs=[], perturbed=False)
  (/8): BoundParams(name=/8, inputs=[], perturbed=False)
  (/9): BoundParams(name=/9, inputs=[], perturbed=False)
  (/10): BoundParams(name=/10, inputs=[], perturbed=False)
  (/11): BoundParams(name=/11, inputs=[], perturbed=False)
  (/12): BoundParams(name=/12, inputs=[], perturbed=False)
  (/13): BoundFlatten(name=/13, inputs=[/0], perturbed=True)
  (/input): BoundLinear(name=/input, inputs=[/13, /7, /8], perturbed=True)
  (/15): BoundRelu(name=/15, inputs=[/input], perturbed=True)
  (/input-3): BoundLinear(name=/input-3, inputs=[/15, /9, /10], perturbed=True)
  (/17): BoundRelu(name=/17, inputs=[/input-3], perturbed=True)
  (/18): BoundLinear(name=/18, inputs=[/17, /11, /12], perturbed=True)
)
Original output in the first batch: tensor([[ -2.89169741, -12.01605511,  -0.94093204,  -4.14612865,  -0.75437164,
          -2.09194922,  -6.31749582,  -5.87305260,   5.34621620,  -3.44777799,
          -7.53037357,   4.35320377, -14.48154449,  -1.98651218,  -0.39069140,
          -1.79850638,  -5.09539795,  -1.79986751,  -1.98326206,  -4.22474861,
          -3.79400659,  -1.77067566,  -8.58674622,  -6.39359617,  -4.57924843,
          -5.41063309]])
Split layers:
Nonlinear functions:
   BoundRelu(name=/15, inputs=[/input], perturbed=True)
   BoundRelu(name=/17, inputs=[/input-3], perturbed=True)
build batch [1/1]
initial crown bounds (first 10 items): [7.105230331420898, 15.978816986083984, 5.555424690246582, 8.491230964660645, 5.103991508483887, 6.592075347900391, 10.65162467956543, 10.05908203125, 8.126947402954102, 11.38657283782959]
Global lower bound: 0.643166720867157
verified with init bound!
Result: safe-incomplete in 0.1612 seconds

 %%%%%%%%%%%%%%%%%%%%%%%%%%%%%%%%%%% idx: 83, vnnlib ID: 83 %%%%%%%%%%%%%%%%%%%%%%%%%%%%%%%%%%%
Using onnx models/emnist_fc.onnx
Using vnnlib specs/sample_6403_i.vnnlib
784 inputs and 26 outputs in vnnlib
Loading onnx /home/master2/Desktop/saehee/XAI/Assignment_04/emnist_abcrown/models/emnist_fc.onnx with quirks {}
Finished onnx model loading in 0.0030 seconds
Finished vnnlib processing in 0.000375 seconds
Attack parameters: initialization=uniform, steps=100, restarts=5, alpha=0.0025000013411045074, GAMA=False
PGD attack margin (first 2 examples and 10 specs):
 tensor([[12.51387215, 13.83437347, 11.26902008, 11.87857246, 10.58468819,
         13.07497215, 15.02115536, 10.74835587,  8.24627495, 12.32100105]])
Total number of violation:  1
Clean input adversarial, attack skipped.

Checking and Saving Counterexample in check_and_save_cex

verified_status unsafe-pgd
verified_success True
Result: unsafe-pgd in 0.0330 seconds

 %%%%%%%%%%%%%%%%%%%%%%%%%%%%%%%%%%% idx: 84, vnnlib ID: 84 %%%%%%%%%%%%%%%%%%%%%%%%%%%%%%%%%%%
Using onnx models/emnist_fc.onnx
Using vnnlib specs/sample_6404_i.vnnlib
784 inputs and 26 outputs in vnnlib
Loading onnx /home/master2/Desktop/saehee/XAI/Assignment_04/emnist_abcrown/models/emnist_fc.onnx with quirks {}
Finished onnx model loading in 0.0028 seconds
Finished vnnlib processing in 0.000341 seconds
Attack parameters: initialization=uniform, steps=100, restarts=5, alpha=0.0025000013411045074, GAMA=False
PGD attack margin (first 2 examples and 10 specs):
 tensor([[13.72566605, 12.07987499,  7.42095423, 12.39283943, 10.86030388,
         12.83841896, 14.05979347,  8.76278782,  5.62135458, 11.20916080]])
Total number of violation:  1
Clean input adversarial, attack skipped.

Checking and Saving Counterexample in check_and_save_cex

verified_status unsafe-pgd
verified_success True
Result: unsafe-pgd in 0.0947 seconds

 %%%%%%%%%%%%%%%%%%%%%%%%%%%%%%%%%%% idx: 85, vnnlib ID: 85 %%%%%%%%%%%%%%%%%%%%%%%%%%%%%%%%%%%
Using onnx models/emnist_fc.onnx
Using vnnlib specs/sample_6405_i.vnnlib
784 inputs and 26 outputs in vnnlib
Loading onnx /home/master2/Desktop/saehee/XAI/Assignment_04/emnist_abcrown/models/emnist_fc.onnx with quirks {}
Finished onnx model loading in 0.0029 seconds
Finished vnnlib processing in 0.000355 seconds
Attack parameters: initialization=uniform, steps=100, restarts=5, alpha=0.0025000013411045074, GAMA=False
PGD attack margin (first 2 examples and 10 specs):
 tensor([[ 9.78105354, 12.43990898,  9.65860367, 10.31771088, 15.37774086,
          6.63673782,  7.11476803,  8.06437397,  6.27509975, 12.70532799]])
Total number of violation:  1
Clean input adversarial, attack skipped.

Checking and Saving Counterexample in check_and_save_cex

verified_status unsafe-pgd
verified_success True
Result: unsafe-pgd in 0.0327 seconds

 %%%%%%%%%%%%%%%%%%%%%%%%%%%%%%%%%%% idx: 86, vnnlib ID: 86 %%%%%%%%%%%%%%%%%%%%%%%%%%%%%%%%%%%
Using onnx models/emnist_fc.onnx
Using vnnlib specs/sample_6406_i.vnnlib
784 inputs and 26 outputs in vnnlib
Loading onnx /home/master2/Desktop/saehee/XAI/Assignment_04/emnist_abcrown/models/emnist_fc.onnx with quirks {}
Finished onnx model loading in 0.0027 seconds
Finished vnnlib processing in 0.000355 seconds
Attack parameters: initialization=uniform, steps=100, restarts=5, alpha=0.002500012516975403, GAMA=False
PGD attack margin (first 2 examples and 10 specs):
 tensor([[ 9.61683655,  6.72374535,  0.13066879, 13.73991489,  3.71027827,
         12.07920456,  6.68382692,  1.89890695,  6.68844271,  1.48801923]])
Total number of violation:  1
Clean input adversarial, attack skipped.

Checking and Saving Counterexample in check_and_save_cex

verified_status unsafe-pgd
verified_success True
Result: unsafe-pgd in 0.0314 seconds

 %%%%%%%%%%%%%%%%%%%%%%%%%%%%%%%%%%% idx: 87, vnnlib ID: 87 %%%%%%%%%%%%%%%%%%%%%%%%%%%%%%%%%%%
Using onnx models/emnist_fc.onnx
Using vnnlib specs/sample_6407_i.vnnlib
784 inputs and 26 outputs in vnnlib
Loading onnx /home/master2/Desktop/saehee/XAI/Assignment_04/emnist_abcrown/models/emnist_fc.onnx with quirks {}
Finished onnx model loading in 0.0025 seconds
Finished vnnlib processing in 0.000344 seconds
Attack parameters: initialization=uniform, steps=100, restarts=5, alpha=0.0025000013411045074, GAMA=False
PGD attack margin (first 2 examples and 10 specs):
 tensor([[12.94035339, 14.82734489,  9.53724384, 15.71730995,  7.83804226,
         12.51930046, 16.47955322,  9.83110714,  9.97593498, 12.51127243]])
Total number of violation:  0
Processing batch 1/1...
PGD attack margin (first 2 examples and 10 specs):
 tensor([[11.66930103, 13.32131386,  8.80638123, 14.49113274,  6.93294382,
         11.37023354, 15.38017464,  8.53474045,  9.32631969, 10.77551365]])
Total number of violation:  0
Attack finished in 0.1231 seconds.
PGD attack failed
verified_status unknown
verified_success False
Model: BoundedModule(
  (/0): BoundInput(name=/0, inputs=[], perturbed=True)
  (/7): BoundParams(name=/7, inputs=[], perturbed=False)
  (/8): BoundParams(name=/8, inputs=[], perturbed=False)
  (/9): BoundParams(name=/9, inputs=[], perturbed=False)
  (/10): BoundParams(name=/10, inputs=[], perturbed=False)
  (/11): BoundParams(name=/11, inputs=[], perturbed=False)
  (/12): BoundParams(name=/12, inputs=[], perturbed=False)
  (/13): BoundFlatten(name=/13, inputs=[/0], perturbed=True)
  (/input): BoundLinear(name=/input, inputs=[/13, /7, /8], perturbed=True)
  (/15): BoundRelu(name=/15, inputs=[/input], perturbed=True)
  (/input-3): BoundLinear(name=/input-3, inputs=[/15, /9, /10], perturbed=True)
  (/17): BoundRelu(name=/17, inputs=[/input-3], perturbed=True)
  (/18): BoundLinear(name=/18, inputs=[/17, /11, /12], perturbed=True)
)
Original output in the first batch: tensor([[ -5.27210331,  -7.13067579,  -1.91510069,  -8.00932503,  -0.20594028,
          -4.85578346,  -8.78297424,  -2.16683602,   7.56763172,  -2.34297919,
          -4.84384918,   6.46329784, -13.04645824,  -5.61933184,  -6.24071693,
          -5.17740011,  -6.75953245,  -1.91514611,  -3.39763856,  -0.78826004,
          -3.15129900,  -1.39184499,  -8.24240589,  -4.27894783,  -2.44768405,
          -5.90652227]])
Split layers:
Nonlinear functions:
   BoundRelu(name=/15, inputs=[/input], perturbed=True)
   BoundRelu(name=/17, inputs=[/input-3], perturbed=True)
build batch [1/1]
initial crown bounds (first 10 items): [11.374927520751953, 13.023981094360352, 8.558379173278809, 14.164066314697266, 6.6528401374816895, 11.070157051086426, 15.070273399353027, 8.278541564941406, 9.189909934997559, 10.281691551208496]
Global lower bound: 0.7530660033226013
verified with init bound!
Result: safe-incomplete in 0.1730 seconds

 %%%%%%%%%%%%%%%%%%%%%%%%%%%%%%%%%%% idx: 88, vnnlib ID: 88 %%%%%%%%%%%%%%%%%%%%%%%%%%%%%%%%%%%
Using onnx models/emnist_fc.onnx
Using vnnlib specs/sample_6408_i.vnnlib
784 inputs and 26 outputs in vnnlib
Loading onnx /home/master2/Desktop/saehee/XAI/Assignment_04/emnist_abcrown/models/emnist_fc.onnx with quirks {}
Finished onnx model loading in 0.0026 seconds
Finished vnnlib processing in 0.000342 seconds
Attack parameters: initialization=uniform, steps=100, restarts=5, alpha=0.0025000013411045074, GAMA=False
PGD attack margin (first 2 examples and 10 specs):
 tensor([[12.41366577, 12.12318134,  9.24278259, 12.24177933, 10.35767937,
         12.19490719, 15.85967731, 10.45032406,  6.98895121, 11.09404945]])
Total number of violation:  0
Processing batch 1/1...
PGD attack margin (first 2 examples and 10 specs):
 tensor([[11.01169014, 10.90362358,  8.61057377, 10.93588448,  9.54932976,
         10.95628166, 14.54626274,  9.21535683,  6.33804703,  9.62336540]])
Total number of violation:  0
Attack finished in 0.1084 seconds.
PGD attack failed
verified_status unknown
verified_success False
Model: BoundedModule(
  (/0): BoundInput(name=/0, inputs=[], perturbed=True)
  (/7): BoundParams(name=/7, inputs=[], perturbed=False)
  (/8): BoundParams(name=/8, inputs=[], perturbed=False)
  (/9): BoundParams(name=/9, inputs=[], perturbed=False)
  (/10): BoundParams(name=/10, inputs=[], perturbed=False)
  (/11): BoundParams(name=/11, inputs=[], perturbed=False)
  (/12): BoundParams(name=/12, inputs=[], perturbed=False)
  (/13): BoundFlatten(name=/13, inputs=[/0], perturbed=True)
  (/input): BoundLinear(name=/input, inputs=[/13, /7, /8], perturbed=True)
  (/15): BoundRelu(name=/15, inputs=[/input], perturbed=True)
  (/input-3): BoundLinear(name=/input-3, inputs=[/15, /9, /10], perturbed=True)
  (/17): BoundRelu(name=/17, inputs=[/input-3], perturbed=True)
  (/18): BoundLinear(name=/18, inputs=[/17, /11, /12], perturbed=True)
)
Original output in the first batch: tensor([[-6.19454098, -5.92111731, -3.11270380, -6.00352287, -4.23722601,
         -5.94525528, -9.66483116, -4.28641272,  6.07651663, -0.82979107,
         -4.89135695,  5.85067177, -6.77505255, -0.81540829, -8.17628479,
         -6.28607130, -7.14154291, -0.78467149, -2.12433505, -1.22549951,
         -3.88563895, -3.01355600, -5.28102827, -3.09036374, -4.07613039,
         -7.83180666]])
Split layers:
Nonlinear functions:
   BoundRelu(name=/15, inputs=[/input], perturbed=True)
   BoundRelu(name=/17, inputs=[/input-3], perturbed=True)
build batch [1/1]
initial crown bounds (first 10 items): [10.76555347442627, 10.635662078857422, 8.417155265808105, 10.640628814697266, 9.38397216796875, 10.669575691223145, 14.360169410705566, 8.945510864257812, 6.199136734008789, 9.311684608459473]
Global lower bound: -0.031784214079380035
24 / 25 OR specs are verified.
Verified OR indices (first 10 items): [0, 1, 2, 3, 4, 5, 6, 7, 8, 9]
Verified OR lbs (first 10 items): [[10.76555347442627], [10.635662078857422], [8.417155265808105], [10.640628814697266], [9.38397216796875], [10.669575691223145], [14.360169410705566], [8.945510864257812], [6.199136734008789], [9.311684608459473]]
Unverified OR indices (first 10 items): [10]
Unverified OR lbs (first 10 items): [[-0.031784214079380035]]
###### Verifying property Instance 88 ######
Batch size: 1
First 10 spec matrices
C: tensor([[[ 0.,  0.,  0.,  0.,  0.,  0.,  0.,  0.,  1.,  0.,  0., -1.,  0.,  0.,
           0.,  0.,  0.,  0.,  0.,  0.,  0.,  0.,  0.,  0.,  0.,  0.]]])
RHS: tensor([[0.]])
OR spec sizes: tensor([1], dtype=torch.int32)
Remaining timeout: 29.776851654052734
Model prediction is: tensor([-6.19454098, -5.92111731, -3.11270380, -6.00352287, -4.23722601,
        -5.94525528, -9.66483116, -4.28641272,  6.07651663, -0.82979107,
        -4.89135695,  5.85067177, -6.77505255, -0.81540829, -8.17628479,
        -6.28607130, -7.14154291, -0.78467149, -2.12433505, -1.22549951,
        -3.88563895, -3.01355600, -5.28102827, -3.09036374, -4.07613039,
        -7.83180666])
Activation BaB batch 1/1 
build_with_refined_bounds batch [1/1]
layer /15 using sparse-features alpha with shape [25]; unstable size 25; total size 256 ([1, 256])
layer /15 start_node /18 using full alpha [2, 1, 1, 25] with unstable size None total_size 1 output_shape 1
layer /17 using sparse-features alpha with shape [19]; unstable size 19; total size 128 ([1, 128])
layer /17 start_node /18 using full alpha [2, 1, 1, 19] with unstable size None total_size 1 output_shape 1
Optimizable variables initialized.
all alpha initialized
directly get lb and ub from refined bounds
c shape: torch.Size([1, 1, 26])
lA shapes: [torch.Size([1, 1, 256]), torch.Size([1, 1, 128])]
(alpha-)CROWN with fixed intermediate bounds: tensor([[-0.03178421]]) tensor([[inf]])
Intermediate layers: /input,/input-3
Keeping alphas for these layers: ['/18']
Node /15 input 0: size torch.Size([256]) unstable 25
Node /17 input 0: size torch.Size([128]) unstable 19
-----------------
# of unstable neurons: 44
-----------------

BaB round 1
batch: 1
splitting decisions: 
split level 0: [/input-3, 21] 
split level 1: [/input-3, 92] 
split level 2: [/input-3, 125] 
split level 3: [/input, 119] 
split level 4: [/input, 107] 

all verified at 0th iter
best_l after optimization: 1.311306357383728
beta sum per layer: [0.0, 0.0]
alpha/beta optimization time: 0.0020492076873779297
pruning_in_iteration open status: False
ratio of positive domain = 32 / 32 = 1.0
pruning-in-iteration extra time: 1.7404556274414062e-05
Time: get_branching_decision.update_bounds 0.0079    pickout 0.0003    branching_decision 0.0000    decision 0.0000    set_bounds 0.0020    prepare 0.0005    transfer 0.0000    finalize 0.0001    func 0.0036    
Accumulated time: get_branching_decision.update_bounds 0.0079    bab_iteration 0.0000    pickout 0.0003    decision 0.0000    branching_decision 0.0000    set_bounds 0.0020    solve 0.0000    func 0.0036    prepare 0.0005    transfer 0.0000    finalize 0.0001    
max lb 0.05771331489086151 min lb 0.022779211401939392
Number of Verified Splits: 32 of 32
Current (lb-rhs): 1.0000000116860974e-07
32 domains visited
Length of domains: 0
Cumulative time: 0.01796889305114746

Result: safe in 0.2421 seconds

 %%%%%%%%%%%%%%%%%%%%%%%%%%%%%%%%%%% idx: 89, vnnlib ID: 89 %%%%%%%%%%%%%%%%%%%%%%%%%%%%%%%%%%%
Using onnx models/emnist_fc.onnx
Using vnnlib specs/sample_6409_i.vnnlib
784 inputs and 26 outputs in vnnlib
Loading onnx /home/master2/Desktop/saehee/XAI/Assignment_04/emnist_abcrown/models/emnist_fc.onnx with quirks {}
Finished onnx model loading in 0.0027 seconds
Finished vnnlib processing in 0.000329 seconds
Attack parameters: initialization=uniform, steps=100, restarts=5, alpha=0.0025000013411045074, GAMA=False
PGD attack margin (first 2 examples and 10 specs):
 tensor([[12.12188530, 15.44883919,  9.40861130, 12.12901974,  9.40307522,
         16.28038406, 16.03464699, 11.59670353,  8.75201225, 16.53182602]])
Total number of violation:  0
Processing batch 1/1...
PGD attack margin (first 2 examples and 10 specs):
 tensor([[10.88382339, 14.30168724,  8.86708641, 11.19560242,  8.53296661,
         15.20438766, 15.00232506, 10.50190449,  8.27021408, 14.91958046]])
Total number of violation:  0
Attack finished in 0.1183 seconds.
PGD attack failed
verified_status unknown
verified_success False
Model: BoundedModule(
  (/0): BoundInput(name=/0, inputs=[], perturbed=True)
  (/7): BoundParams(name=/7, inputs=[], perturbed=False)
  (/8): BoundParams(name=/8, inputs=[], perturbed=False)
  (/9): BoundParams(name=/9, inputs=[], perturbed=False)
  (/10): BoundParams(name=/10, inputs=[], perturbed=False)
  (/11): BoundParams(name=/11, inputs=[], perturbed=False)
  (/12): BoundParams(name=/12, inputs=[], perturbed=False)
  (/13): BoundFlatten(name=/13, inputs=[/0], perturbed=True)
  (/input): BoundLinear(name=/input, inputs=[/13, /7, /8], perturbed=True)
  (/15): BoundRelu(name=/15, inputs=[/input], perturbed=True)
  (/input-3): BoundLinear(name=/input-3, inputs=[/15, /9, /10], perturbed=True)
  (/17): BoundRelu(name=/17, inputs=[/input-3], perturbed=True)
  (/18): BoundLinear(name=/18, inputs=[/17, /11, /12], perturbed=True)
)
Original output in the first batch: tensor([[ -3.52497959,  -6.93978453,  -0.95131171,  -3.56038570,  -0.91769660,
          -7.72302103,  -7.43796539,  -3.04461765,   8.50640392,  -0.21153134,
          -8.02592087,   5.85183334, -16.12549210,  -5.78804207,  -2.39312506,
          -4.74255228,  -6.89338493,  -3.16001081,  -4.62771845,  -1.66150594,
          -0.95058054,  -1.88726604,  -6.79127836,  -8.36780167,  -4.82595921,
          -5.63258028]])
Split layers:
Nonlinear functions:
   BoundRelu(name=/15, inputs=[/input], perturbed=True)
   BoundRelu(name=/17, inputs=[/input-3], perturbed=True)
build batch [1/1]
initial crown bounds (first 10 items): [10.740242004394531, 14.082880020141602, 8.71167278289795, 10.922845840454102, 8.375066757202148, 14.927194595336914, 14.853915214538574, 10.32381820678711, 8.05274486541748, 14.630831718444824]
Global lower bound: 2.310964584350586
verified with init bound!
Result: safe-incomplete in 0.1685 seconds

 %%%%%%%%%%%%%%%%%%%%%%%%%%%%%%%%%%% idx: 90, vnnlib ID: 90 %%%%%%%%%%%%%%%%%%%%%%%%%%%%%%%%%%%
Using onnx models/emnist_fc.onnx
Using vnnlib specs/sample_7200_j.vnnlib
Precompiled vnnlib file found at /home/master2/Desktop/saehee/XAI/Assignment_04/emnist_abcrown/specs/sample_7200_j.vnnlib.compiled
Loading onnx /home/master2/Desktop/saehee/XAI/Assignment_04/emnist_abcrown/models/emnist_fc.onnx with quirks {}
Finished onnx model loading in 0.0028 seconds
Finished vnnlib processing in 0.000339 seconds
Attack parameters: initialization=uniform, steps=100, restarts=5, alpha=0.0025000013411045074, GAMA=False
PGD attack margin (first 2 examples and 10 specs):
 tensor([[ 8.19268894,  8.76386070,  8.89996338,  7.18006706,  8.04775715,
          4.28610134, 11.80015469,  4.42212629, -1.96106958, 12.93850040]])
Total number of violation:  1
Clean input adversarial, attack skipped.

Checking and Saving Counterexample in check_and_save_cex

verified_status unsafe-pgd
verified_success True
Result: unsafe-pgd in 0.0107 seconds

 %%%%%%%%%%%%%%%%%%%%%%%%%%%%%%%%%%% idx: 91, vnnlib ID: 91 %%%%%%%%%%%%%%%%%%%%%%%%%%%%%%%%%%%
Using onnx models/emnist_fc.onnx
Using vnnlib specs/sample_7201_j.vnnlib
784 inputs and 26 outputs in vnnlib
Loading onnx /home/master2/Desktop/saehee/XAI/Assignment_04/emnist_abcrown/models/emnist_fc.onnx with quirks {}
Finished onnx model loading in 0.0026 seconds
Finished vnnlib processing in 0.000338 seconds
Attack parameters: initialization=uniform, steps=100, restarts=5, alpha=0.0025000013411045074, GAMA=False
PGD attack margin (first 2 examples and 10 specs):
 tensor([[18.42707062, 20.80289268, 19.97708511,  7.08800840, 30.62509155,
         25.99628639, 14.88301468, 31.34052467, 10.44719696, 38.38237762]])
Total number of violation:  0
Processing batch 1/1...
PGD attack margin (first 2 examples and 10 specs):
 tensor([[17.21821213, 19.79616547, 19.13177681,  6.34847546, 29.54776001,
         24.88041306, 13.61891842, 30.11330032, 10.10410023, 37.13592911]])
Total number of violation:  0
Attack finished in 0.1082 seconds.
PGD attack failed
verified_status unknown
verified_success False
Model: BoundedModule(
  (/0): BoundInput(name=/0, inputs=[], perturbed=True)
  (/7): BoundParams(name=/7, inputs=[], perturbed=False)
  (/8): BoundParams(name=/8, inputs=[], perturbed=False)
  (/9): BoundParams(name=/9, inputs=[], perturbed=False)
  (/10): BoundParams(name=/10, inputs=[], perturbed=False)
  (/11): BoundParams(name=/11, inputs=[], perturbed=False)
  (/12): BoundParams(name=/12, inputs=[], perturbed=False)
  (/13): BoundFlatten(name=/13, inputs=[/0], perturbed=True)
  (/input): BoundLinear(name=/input, inputs=[/13, /7, /8], perturbed=True)
  (/15): BoundRelu(name=/15, inputs=[/input], perturbed=True)
  (/input-3): BoundLinear(name=/input-3, inputs=[/15, /9, /10], perturbed=True)
  (/17): BoundRelu(name=/17, inputs=[/input-3], perturbed=True)
  (/18): BoundLinear(name=/18, inputs=[/17, /11, /12], perturbed=True)
)
Original output in the first batch: tensor([[ -3.85518360,  -6.28217411,  -5.54735470,   7.39353752, -16.13861847,
         -11.45767117,  -0.33527878, -16.77672195,   3.92327213,  14.40872288,
         -23.86720467,   3.40302348, -36.44901657,  -9.14994717,  -3.33196974,
         -22.86866951,  -8.47768211, -24.53951454,   0.98127699,  -5.30909204,
           7.71319056,  -1.63153660,  -7.30675840, -10.62288761,   3.40875316,
          -2.18084025]])
Split layers:
Nonlinear functions:
   BoundRelu(name=/15, inputs=[/input], perturbed=True)
   BoundRelu(name=/17, inputs=[/input-3], perturbed=True)
build batch [1/1]
initial crown bounds (first 10 items): [17.095094680786133, 19.702058792114258, 19.026533126831055, 6.272540092468262, 29.47730255126953, 24.804899215698242, 13.470284461975098, 29.989334106445312, 10.064148902893066, 36.9842414855957]
Global lower bound: 5.782894611358643
verified with init bound!
Result: safe-incomplete in 0.1596 seconds

 %%%%%%%%%%%%%%%%%%%%%%%%%%%%%%%%%%% idx: 92, vnnlib ID: 92 %%%%%%%%%%%%%%%%%%%%%%%%%%%%%%%%%%%
Using onnx models/emnist_fc.onnx
Using vnnlib specs/sample_7202_j.vnnlib
784 inputs and 26 outputs in vnnlib
Loading onnx /home/master2/Desktop/saehee/XAI/Assignment_04/emnist_abcrown/models/emnist_fc.onnx with quirks {}
Finished onnx model loading in 0.0032 seconds
Finished vnnlib processing in 0.000367 seconds
Attack parameters: initialization=uniform, steps=100, restarts=5, alpha=0.0025000013411045074, GAMA=False
PGD attack margin (first 2 examples and 10 specs):
 tensor([[35.64631653, 36.39879608, 44.17336655, 42.30736160, 43.92675400,
         45.02468109, 31.85308075, 48.23942566, 23.13193893, 54.01757050]])
Total number of violation:  0
Processing batch 1/1...
PGD attack margin (first 2 examples and 10 specs):
 tensor([[34.38336563, 35.09514618, 43.10352325, 41.03178406, 42.57405090,
         43.99803925, 30.86237526, 46.88418579, 22.57617760, 52.46498871]])
Total number of violation:  0
Attack finished in 0.1111 seconds.
PGD attack failed
verified_status unknown
verified_success False
Model: BoundedModule(
  (/0): BoundInput(name=/0, inputs=[], perturbed=True)
  (/7): BoundParams(name=/7, inputs=[], perturbed=False)
  (/8): BoundParams(name=/8, inputs=[], perturbed=False)
  (/9): BoundParams(name=/9, inputs=[], perturbed=False)
  (/10): BoundParams(name=/10, inputs=[], perturbed=False)
  (/11): BoundParams(name=/11, inputs=[], perturbed=False)
  (/12): BoundParams(name=/12, inputs=[], perturbed=False)
  (/13): BoundFlatten(name=/13, inputs=[/0], perturbed=True)
  (/input): BoundLinear(name=/input, inputs=[/13, /7, /8], perturbed=True)
  (/15): BoundRelu(name=/15, inputs=[/input], perturbed=True)
  (/input-3): BoundLinear(name=/input-3, inputs=[/15, /9, /10], perturbed=True)
  (/17): BoundRelu(name=/17, inputs=[/input-3], perturbed=True)
  (/18): BoundLinear(name=/18, inputs=[/17, /11, /12], perturbed=True)
)
Original output in the first batch: tensor([[ -7.82300091,  -8.63663673, -16.47015190, -14.52763748, -16.17159462,
         -17.32418633,  -4.10022974, -20.49492836,   4.66480207,  27.77892303,
         -26.30335045,  -9.31561947, -34.26252747, -11.24968529, -16.83356285,
         -32.77339172, -17.77015114, -17.58422470,   0.44345522,  -3.10202956,
           4.69961214,  -3.43755960,  -1.97572839,  -9.05092239,   9.12327671,
          -6.19327497]])
Split layers:
Nonlinear functions:
   BoundRelu(name=/15, inputs=[/input], perturbed=True)
   BoundRelu(name=/17, inputs=[/input-3], perturbed=True)
build batch [1/1]
initial crown bounds (first 10 items): [34.17938995361328, 34.91414260864258, 42.96638107299805, 40.88371658325195, 42.42570495605469, 43.83687973022461, 30.71147346496582, 46.71405029296875, 22.523761749267578, 52.28218078613281]
Global lower bound: 17.87442398071289
verified with init bound!
Result: safe-incomplete in 0.1643 seconds

 %%%%%%%%%%%%%%%%%%%%%%%%%%%%%%%%%%% idx: 93, vnnlib ID: 93 %%%%%%%%%%%%%%%%%%%%%%%%%%%%%%%%%%%
Using onnx models/emnist_fc.onnx
Using vnnlib specs/sample_7203_j.vnnlib
784 inputs and 26 outputs in vnnlib
Loading onnx /home/master2/Desktop/saehee/XAI/Assignment_04/emnist_abcrown/models/emnist_fc.onnx with quirks {}
Finished onnx model loading in 0.0032 seconds
Finished vnnlib processing in 0.000384 seconds
Attack parameters: initialization=uniform, steps=100, restarts=5, alpha=0.002500012516975403, GAMA=False
PGD attack margin (first 2 examples and 10 specs):
 tensor([[15.16370201, 20.19049835, 10.36675167,  6.70301962, 24.40583801,
         22.91412926, 10.05776215, 29.71891975,  8.13130569, 31.92572212]])
Total number of violation:  0
Processing batch 1/1...
PGD attack margin (first 2 examples and 10 specs):
 tensor([[13.74959183, 18.97596931,  9.25928497,  5.74277496, 23.03580666,
         21.62513733,  8.47693348, 28.18290329,  7.68643856, 30.11709595]])
Total number of violation:  0
Attack finished in 0.1088 seconds.
PGD attack failed
verified_status unknown
verified_success False
Model: BoundedModule(
  (/0): BoundInput(name=/0, inputs=[], perturbed=True)
  (/7): BoundParams(name=/7, inputs=[], perturbed=False)
  (/8): BoundParams(name=/8, inputs=[], perturbed=False)
  (/9): BoundParams(name=/9, inputs=[], perturbed=False)
  (/10): BoundParams(name=/10, inputs=[], perturbed=False)
  (/11): BoundParams(name=/11, inputs=[], perturbed=False)
  (/12): BoundParams(name=/12, inputs=[], perturbed=False)
  (/13): BoundFlatten(name=/13, inputs=[/0], perturbed=True)
  (/input): BoundLinear(name=/input, inputs=[/13, /7, /8], perturbed=True)
  (/15): BoundRelu(name=/15, inputs=[/input], perturbed=True)
  (/input-3): BoundLinear(name=/input-3, inputs=[/15, /9, /10], perturbed=True)
  (/17): BoundRelu(name=/17, inputs=[/input-3], perturbed=True)
  (/18): BoundLinear(name=/18, inputs=[/17, /11, /12], perturbed=True)
)
Original output in the first batch: tensor([[ -3.36535501,  -8.36405373,   1.33971131,   5.05340099, -12.60737514,
         -11.15404034,   1.75301397, -17.90747070,   3.51479411,  11.63640976,
         -20.04538536,   3.10927844, -29.38548470,  -7.30769777,  -1.69574261,
         -21.08306694, -10.41373920, -19.94857025,  -2.01870751,  -6.59230137,
           3.89833570,  -2.73968983,  -9.40627861,  -8.74499702,   4.79391479,
          -2.86129594]])
Split layers:
Nonlinear functions:
   BoundRelu(name=/15, inputs=[/input], perturbed=True)
   BoundRelu(name=/17, inputs=[/input-3], perturbed=True)
build batch [1/1]
initial crown bounds (first 10 items): [13.507065773010254, 18.770034790039062, 9.059040069580078, 5.557065486907959, 22.7898006439209, 21.41446876525879, 8.296573638916016, 28.014705657958984, 7.626421928405762, 29.91082763671875]
Global lower bound: 5.364255905151367
verified with init bound!
Result: safe-incomplete in 0.1631 seconds

 %%%%%%%%%%%%%%%%%%%%%%%%%%%%%%%%%%% idx: 94, vnnlib ID: 94 %%%%%%%%%%%%%%%%%%%%%%%%%%%%%%%%%%%
Using onnx models/emnist_fc.onnx
Using vnnlib specs/sample_7204_j.vnnlib
784 inputs and 26 outputs in vnnlib
Loading onnx /home/master2/Desktop/saehee/XAI/Assignment_04/emnist_abcrown/models/emnist_fc.onnx with quirks {}
Finished onnx model loading in 0.0027 seconds
Finished vnnlib processing in 0.000342 seconds
Attack parameters: initialization=uniform, steps=100, restarts=5, alpha=0.0025000013411045074, GAMA=False
PGD attack margin (first 2 examples and 10 specs):
 tensor([[18.39688492, 15.25996685, 11.55677414,  7.98994255, 22.32249451,
         23.81675148, 14.39126587, 30.51750565,  7.74410105, 35.57275772]])
Total number of violation:  0
Processing batch 1/1...
PGD attack margin (first 2 examples and 10 specs):
 tensor([[17.08505821, 14.03152847, 10.62256241,  6.98513508, 21.01038742,
         22.45157242, 13.18130684, 29.12160110,  7.06351519, 34.01807404]])
Total number of violation:  0
Attack finished in 0.1133 seconds.
PGD attack failed
verified_status unknown
verified_success False
Model: BoundedModule(
  (/0): BoundInput(name=/0, inputs=[], perturbed=True)
  (/7): BoundParams(name=/7, inputs=[], perturbed=False)
  (/8): BoundParams(name=/8, inputs=[], perturbed=False)
  (/9): BoundParams(name=/9, inputs=[], perturbed=False)
  (/10): BoundParams(name=/10, inputs=[], perturbed=False)
  (/11): BoundParams(name=/11, inputs=[], perturbed=False)
  (/12): BoundParams(name=/12, inputs=[], perturbed=False)
  (/13): BoundFlatten(name=/13, inputs=[/0], perturbed=True)
  (/input): BoundLinear(name=/input, inputs=[/13, /7, /8], perturbed=True)
  (/15): BoundRelu(name=/15, inputs=[/input], perturbed=True)
  (/input-3): BoundLinear(name=/input-3, inputs=[/15, /9, /10], perturbed=True)
  (/17): BoundRelu(name=/17, inputs=[/input-3], perturbed=True)
  (/18): BoundLinear(name=/18, inputs=[/17, /11, /12], perturbed=True)
)
Original output in the first batch: tensor([[ -4.60841656,  -1.55309486,   2.07359266,   5.78763103,  -8.62360859,
         -10.04492188,  -0.63473415, -16.79759598,   5.93822289,  13.58472633,
         -21.85407829,   6.96318769, -32.87675858,  -9.08586979,  -5.21670294,
         -25.66956139, -13.71213245, -19.19037628,   1.58977675,  -3.13475084,
          -2.99969482,  -8.72226620,  -2.66357422, -15.52878952,  -1.49270391,
          -2.12587237]])
Split layers:
Nonlinear functions:
   BoundRelu(name=/15, inputs=[/input], perturbed=True)
   BoundRelu(name=/17, inputs=[/input-3], perturbed=True)
build batch [1/1]
initial crown bounds (first 10 items): [16.940847396850586, 13.811081886291504, 10.516170501708984, 6.912347316741943, 20.918439865112305, 22.299970626831055, 13.00002670288086, 28.911603927612305, 7.013899803161621, 33.78377914428711]
Global lower bound: 5.776766300201416
verified with init bound!
Result: safe-incomplete in 0.1651 seconds

 %%%%%%%%%%%%%%%%%%%%%%%%%%%%%%%%%%% idx: 95, vnnlib ID: 95 %%%%%%%%%%%%%%%%%%%%%%%%%%%%%%%%%%%
Using onnx models/emnist_fc.onnx
Using vnnlib specs/sample_7205_j.vnnlib
784 inputs and 26 outputs in vnnlib
Loading onnx /home/master2/Desktop/saehee/XAI/Assignment_04/emnist_abcrown/models/emnist_fc.onnx with quirks {}
Finished onnx model loading in 0.0030 seconds
Finished vnnlib processing in 0.000392 seconds
Attack parameters: initialization=uniform, steps=100, restarts=5, alpha=0.0025000013411045074, GAMA=False
PGD attack margin (first 2 examples and 10 specs):
 tensor([[22.50118446, 25.75020027, 31.55796623, 13.45476627, 39.91873932,
         29.47716904, 16.54911804, 30.83940506, 18.15517426, 45.05966187]])
Total number of violation:  0
Processing batch 1/1...
PGD attack margin (first 2 examples and 10 specs):
 tensor([[21.55978203, 24.84145355, 30.79712105, 12.69436741, 38.77343750,
         28.40158463, 15.57325554, 29.84291077, 17.78602028, 43.83990479]])
Total number of violation:  0
Attack finished in 0.1131 seconds.
PGD attack failed
verified_status unknown
verified_success False
Model: BoundedModule(
  (/0): BoundInput(name=/0, inputs=[], perturbed=True)
  (/7): BoundParams(name=/7, inputs=[], perturbed=False)
  (/8): BoundParams(name=/8, inputs=[], perturbed=False)
  (/9): BoundParams(name=/9, inputs=[], perturbed=False)
  (/10): BoundParams(name=/10, inputs=[], perturbed=False)
  (/11): BoundParams(name=/11, inputs=[], perturbed=False)
  (/12): BoundParams(name=/12, inputs=[], perturbed=False)
  (/13): BoundFlatten(name=/13, inputs=[/0], perturbed=True)
  (/input): BoundLinear(name=/input, inputs=[/13, /7, /8], perturbed=True)
  (/15): BoundRelu(name=/15, inputs=[/input], perturbed=True)
  (/input-3): BoundLinear(name=/input-3, inputs=[/15, /9, /10], perturbed=True)
  (/17): BoundRelu(name=/17, inputs=[/input-3], perturbed=True)
  (/18): BoundLinear(name=/18, inputs=[/17, /11, /12], perturbed=True)
)
Original output in the first batch: tensor([[ -2.36578512,  -5.64935732, -11.52317238,   6.64595890, -19.78242683,
          -9.29631901,   3.59933686, -10.71928501,   1.86600089,  20.03036118,
         -24.94577980,  -3.93702435, -38.46065903,  -2.94256544,  -8.06187439,
         -26.79963875,  -7.34571648, -24.34491348,   8.47914791,  -9.94157696,
          -2.26982689,  -3.42914033,   2.77664638, -11.13372517,   3.11841440,
          -3.42668247]])
Split layers:
Nonlinear functions:
   BoundRelu(name=/15, inputs=[/input], perturbed=True)
   BoundRelu(name=/17, inputs=[/input-3], perturbed=True)
build batch [1/1]
initial crown bounds (first 10 items): [21.426301956176758, 24.65536880493164, 30.67147445678711, 12.578225135803223, 38.58406448364258, 28.275575637817383, 15.43879508972168, 29.669368743896484, 17.676692962646484, 43.684749603271484]
Global lower bound: 10.727883338928223
verified with init bound!
Result: safe-incomplete in 0.2271 seconds

 %%%%%%%%%%%%%%%%%%%%%%%%%%%%%%%%%%% idx: 96, vnnlib ID: 96 %%%%%%%%%%%%%%%%%%%%%%%%%%%%%%%%%%%
Using onnx models/emnist_fc.onnx
Using vnnlib specs/sample_7206_j.vnnlib
784 inputs and 26 outputs in vnnlib
Loading onnx /home/master2/Desktop/saehee/XAI/Assignment_04/emnist_abcrown/models/emnist_fc.onnx with quirks {}
Finished onnx model loading in 0.0028 seconds
Finished vnnlib processing in 0.000373 seconds
Attack parameters: initialization=uniform, steps=100, restarts=5, alpha=0.002500012516975403, GAMA=False
PGD attack margin (first 2 examples and 10 specs):
 tensor([[28.91282654, 14.45128250, 20.19053650,  8.30274582, 32.94522095,
         23.77436829, 18.99473572, 23.79728317, 12.39686489, 23.99987793]])
Total number of violation:  0
Processing batch 1/1...
PGD attack margin (first 2 examples and 10 specs):
 tensor([[27.47093582, 13.30473614, 19.46422195,  7.26517868, 31.51059532,
         22.50788498, 17.71401405, 22.32088280, 11.94505405, 22.28002548]])
Total number of violation:  0
Attack finished in 0.1090 seconds.
PGD attack failed
verified_status unknown
verified_success False
Model: BoundedModule(
  (/0): BoundInput(name=/0, inputs=[], perturbed=True)
  (/7): BoundParams(name=/7, inputs=[], perturbed=False)
  (/8): BoundParams(name=/8, inputs=[], perturbed=False)
  (/9): BoundParams(name=/9, inputs=[], perturbed=False)
  (/10): BoundParams(name=/10, inputs=[], perturbed=False)
  (/11): BoundParams(name=/11, inputs=[], perturbed=False)
  (/12): BoundParams(name=/12, inputs=[], perturbed=False)
  (/13): BoundFlatten(name=/13, inputs=[/0], perturbed=True)
  (/input): BoundLinear(name=/input, inputs=[/13, /7, /8], perturbed=True)
  (/15): BoundRelu(name=/15, inputs=[/input], perturbed=True)
  (/input-3): BoundLinear(name=/input-3, inputs=[/15, /9, /10], perturbed=True)
  (/17): BoundRelu(name=/17, inputs=[/input-3], perturbed=True)
  (/18): BoundLinear(name=/18, inputs=[/17, /11, /12], perturbed=True)
)
Original output in the first batch: tensor([[-13.66145229,   0.69098639,  -5.15316391,   6.87672615, -17.75800896,
          -8.55789089,  -3.75363541,  -8.62564468,   2.69823861,  15.09359741,
          -8.83237743,   1.62395716, -29.12996292,  -2.88938189, -13.52726364,
         -23.38568687, -12.96632385, -15.30735302,  -2.66072154,  -2.82541656,
           3.59485602,  -1.01471829,  -5.41697550, -10.45290756,  -0.09910651,
          -5.26026821]])
Split layers:
Nonlinear functions:
   BoundRelu(name=/15, inputs=[/input], perturbed=True)
   BoundRelu(name=/17, inputs=[/input-3], perturbed=True)
build batch [1/1]
initial crown bounds (first 10 items): [27.358047485351562, 13.038355827331543, 19.359786987304688, 7.099061489105225, 31.288740158081055, 22.37353515625, 17.519161224365234, 22.100650787353516, 11.860428810119629, 22.015167236328125]
Global lower bound: 7.099061489105225
verified with init bound!
Result: safe-incomplete in 0.1597 seconds

 %%%%%%%%%%%%%%%%%%%%%%%%%%%%%%%%%%% idx: 97, vnnlib ID: 97 %%%%%%%%%%%%%%%%%%%%%%%%%%%%%%%%%%%
Using onnx models/emnist_fc.onnx
Using vnnlib specs/sample_7207_j.vnnlib
784 inputs and 26 outputs in vnnlib
Loading onnx /home/master2/Desktop/saehee/XAI/Assignment_04/emnist_abcrown/models/emnist_fc.onnx with quirks {}
Finished onnx model loading in 0.0028 seconds
Finished vnnlib processing in 0.000362 seconds
Attack parameters: initialization=uniform, steps=100, restarts=5, alpha=0.0025000013411045074, GAMA=False
PGD attack margin (first 2 examples and 10 specs):
 tensor([[15.87403965, 14.33298874, 13.59340096, 11.41219807, 19.97988892,
         10.42954826, 12.48162460, 15.40804863, 10.69166851, 19.12134552]])
Total number of violation:  0
Processing batch 1/1...
PGD attack margin (first 2 examples and 10 specs):
 tensor([[14.23522186, 13.04396439, 12.78348351, 10.22097111, 18.73184395,
          9.27408409, 11.12786674, 13.72115898, 10.15483761, 17.37054443]])
Total number of violation:  0
Attack finished in 0.1222 seconds.
PGD attack failed
verified_status unknown
verified_success False
Model: BoundedModule(
  (/0): BoundInput(name=/0, inputs=[], perturbed=True)
  (/7): BoundParams(name=/7, inputs=[], perturbed=False)
  (/8): BoundParams(name=/8, inputs=[], perturbed=False)
  (/9): BoundParams(name=/9, inputs=[], perturbed=False)
  (/10): BoundParams(name=/10, inputs=[], perturbed=False)
  (/11): BoundParams(name=/11, inputs=[], perturbed=False)
  (/12): BoundParams(name=/12, inputs=[], perturbed=False)
  (/13): BoundFlatten(name=/13, inputs=[/0], perturbed=True)
  (/input): BoundLinear(name=/input, inputs=[/13, /7, /8], perturbed=True)
  (/15): BoundRelu(name=/15, inputs=[/input], perturbed=True)
  (/input-3): BoundLinear(name=/input-3, inputs=[/15, /9, /10], perturbed=True)
  (/17): BoundRelu(name=/17, inputs=[/input-3], perturbed=True)
  (/18): BoundLinear(name=/18, inputs=[/17, /11, /12], perturbed=True)
)
Original output in the first batch: tensor([[ -5.84873056,  -4.42486334,  -3.77385044,  -1.50137138, -10.15159702,
          -0.58192265,  -2.47312713,  -5.47225952,  -0.91701704,   9.74437618,
          -9.22047710,  -2.46123958, -19.13708687,  -8.09121132,  -9.76780891,
         -19.82711220,  -7.22257328,  -8.90526962,  -1.67968750,   5.41003227,
          -6.18642712,  -5.12251472,  -9.61329937,  -9.28091145,   2.45598602,
          -1.08449852]])
Split layers:
Nonlinear functions:
   BoundRelu(name=/15, inputs=[/input], perturbed=True)
   BoundRelu(name=/17, inputs=[/input-3], perturbed=True)
build batch [1/1]
initial crown bounds (first 10 items): [14.013275146484375, 12.82062816619873, 12.643420219421387, 9.986998558044434, 18.479907989501953, 9.089938163757324, 10.905759811401367, 13.509444236755371, 9.997654914855957, 17.073894500732422]
Global lower bound: 3.361867666244507
verified with init bound!
Result: safe-incomplete in 0.1741 seconds

 %%%%%%%%%%%%%%%%%%%%%%%%%%%%%%%%%%% idx: 98, vnnlib ID: 98 %%%%%%%%%%%%%%%%%%%%%%%%%%%%%%%%%%%
Using onnx models/emnist_fc.onnx
Using vnnlib specs/sample_7208_j.vnnlib
784 inputs and 26 outputs in vnnlib
Loading onnx /home/master2/Desktop/saehee/XAI/Assignment_04/emnist_abcrown/models/emnist_fc.onnx with quirks {}
Finished onnx model loading in 0.0026 seconds
Finished vnnlib processing in 0.000359 seconds
Attack parameters: initialization=uniform, steps=100, restarts=5, alpha=0.0025000013411045074, GAMA=False
PGD attack margin (first 2 examples and 10 specs):
 tensor([[26.04243088, 17.21083641, 12.43416882, 25.37643433, 11.65233135,
         16.33280945, 14.41282558, 39.23462677,  4.12129211, 34.34497833]])
Total number of violation:  0
Processing batch 1/1...
PGD attack margin (first 2 examples and 10 specs):
 tensor([[24.62282372, 15.52781105, 11.26488876, 23.98966217, 10.16303253,
         15.13916016, 13.15513611, 37.64388275,  3.48319340, 32.49366379]])
Total number of violation:  0
Attack finished in 0.1245 seconds.
PGD attack failed
verified_status unknown
verified_success False
Model: BoundedModule(
  (/0): BoundInput(name=/0, inputs=[], perturbed=True)
  (/7): BoundParams(name=/7, inputs=[], perturbed=False)
  (/8): BoundParams(name=/8, inputs=[], perturbed=False)
  (/9): BoundParams(name=/9, inputs=[], perturbed=False)
  (/10): BoundParams(name=/10, inputs=[], perturbed=False)
  (/11): BoundParams(name=/11, inputs=[], perturbed=False)
  (/12): BoundParams(name=/12, inputs=[], perturbed=False)
  (/13): BoundFlatten(name=/13, inputs=[/0], perturbed=True)
  (/input): BoundLinear(name=/input, inputs=[/13, /7, /8], perturbed=True)
  (/15): BoundRelu(name=/15, inputs=[/input], perturbed=True)
  (/input-3): BoundLinear(name=/input-3, inputs=[/15, /9, /10], perturbed=True)
  (/17): BoundRelu(name=/17, inputs=[/input-3], perturbed=True)
  (/18): BoundLinear(name=/18, inputs=[/17, /11, /12], perturbed=True)
)
Original output in the first batch: tensor([[-12.52097988,  -3.75405145,   0.90934503, -11.81974220,   1.74058032,
          -2.98560429,  -0.90985596, -25.74134445,   9.36022282,  13.37114716,
         -20.83259010,  -8.27476025, -27.74222755, -12.02895164,  -8.56553364,
         -14.56102657,  -2.67845917,  -5.20289469,   6.35612249,   7.92502832,
         -21.19466400, -25.11263275, -11.12689590,  -5.58193922,  -7.73666525,
           0.21954478]])
Split layers:
Nonlinear functions:
   BoundRelu(name=/15, inputs=[/input], perturbed=True)
   BoundRelu(name=/17, inputs=[/input-3], perturbed=True)
build batch [1/1]
initial crown bounds (first 10 items): [24.404428482055664, 15.357158660888672, 11.107983589172363, 23.752275466918945, 9.964003562927246, 14.93698787689209, 13.011777877807617, 37.49043273925781, 3.3430473804473877, 32.254493713378906]
Global lower bound: 3.3430473804473877
verified with init bound!
Result: safe-incomplete in 0.1818 seconds

 %%%%%%%%%%%%%%%%%%%%%%%%%%%%%%%%%%% idx: 99, vnnlib ID: 99 %%%%%%%%%%%%%%%%%%%%%%%%%%%%%%%%%%%
Using onnx models/emnist_fc.onnx
Using vnnlib specs/sample_7209_j.vnnlib
784 inputs and 26 outputs in vnnlib
Loading onnx /home/master2/Desktop/saehee/XAI/Assignment_04/emnist_abcrown/models/emnist_fc.onnx with quirks {}
Finished onnx model loading in 0.0061 seconds
Finished vnnlib processing in 0.000385 seconds
Attack parameters: initialization=uniform, steps=100, restarts=5, alpha=0.002500012516975403, GAMA=False
PGD attack margin (first 2 examples and 10 specs):
 tensor([[20.75387383, 20.10447311, 28.66749573, 27.02078056, 30.60070801,
         34.84888458, 18.47068596, 32.74495316,  4.28876209, 33.98517990]])
Total number of violation:  0
Processing batch 1/1...
PGD attack margin (first 2 examples and 10 specs):
 tensor([[19.52275848, 18.57049751, 27.57145691, 25.66685867, 29.24458122,
         33.78479004, 17.44767380, 31.67698288,  3.78672791, 32.50976944]])
Total number of violation:  0
Attack finished in 0.1276 seconds.
PGD attack failed
verified_status unknown
verified_success False
Model: BoundedModule(
  (/0): BoundInput(name=/0, inputs=[], perturbed=True)
  (/7): BoundParams(name=/7, inputs=[], perturbed=False)
  (/8): BoundParams(name=/8, inputs=[], perturbed=False)
  (/9): BoundParams(name=/9, inputs=[], perturbed=False)
  (/10): BoundParams(name=/10, inputs=[], perturbed=False)
  (/11): BoundParams(name=/11, inputs=[], perturbed=False)
  (/12): BoundParams(name=/12, inputs=[], perturbed=False)
  (/13): BoundFlatten(name=/13, inputs=[/0], perturbed=True)
  (/input): BoundLinear(name=/input, inputs=[/13, /7, /8], perturbed=True)
  (/15): BoundRelu(name=/15, inputs=[/input], perturbed=True)
  (/input-3): BoundLinear(name=/input-3, inputs=[/15, /9, /10], perturbed=True)
  (/17): BoundRelu(name=/17, inputs=[/input-3], perturbed=True)
  (/18): BoundLinear(name=/18, inputs=[/17, /11, /12], perturbed=True)
)
Original output in the first batch: tensor([[ -6.03097010,  -5.42775488, -14.06320572, -12.34206200, -15.97375965,
         -20.24332428,  -3.79978848, -18.13400269,  10.34934711,  14.62787533,
         -19.37136650,  -9.48740101, -23.77605629,  -8.28179550, -19.35406876,
         -20.91970253,  -6.06968546, -10.37634754,  -3.87607908,   0.75224745,
          -4.77532768,  -8.82655239,  -3.22205043,   0.09659418,   1.34819031,
           2.81300616]])
Split layers:
Nonlinear functions:
   BoundRelu(name=/15, inputs=[/input], perturbed=True)
   BoundRelu(name=/17, inputs=[/input-3], perturbed=True)
build batch [1/1]
initial crown bounds (first 10 items): [19.41311264038086, 18.41265106201172, 27.492406845092773, 25.517820358276367, 29.08199119567871, 33.63370132446289, 17.345365524291992, 31.56983757019043, 3.7427546977996826, 32.3765983581543]
Global lower bound: 3.7427546977996826
verified with init bound!
Result: safe-incomplete in 0.1831 seconds

 %%%%%%%%%%%%%%%%%%%%%%%%%%%%%%%%%%% idx: 100, vnnlib ID: 100 %%%%%%%%%%%%%%%%%%%%%%%%%%%%%%%%%%%
Using onnx models/emnist_fc.onnx
Using vnnlib specs/sample_8000_k.vnnlib
Precompiled vnnlib file found at /home/master2/Desktop/saehee/XAI/Assignment_04/emnist_abcrown/specs/sample_8000_k.vnnlib.compiled
Loading onnx /home/master2/Desktop/saehee/XAI/Assignment_04/emnist_abcrown/models/emnist_fc.onnx with quirks {}
Finished onnx model loading in 0.0029 seconds
Finished vnnlib processing in 0.000335 seconds
Attack parameters: initialization=uniform, steps=100, restarts=5, alpha=0.002500012516975403, GAMA=False
PGD attack margin (first 2 examples and 10 specs):
 tensor([[15.61590290,  6.25111341, 14.37462902, 17.75596237, 12.33377266,
         18.75814819, 12.74361515,  4.62155819, 11.17633724, 15.54549122]])
Total number of violation:  0
Processing batch 1/1...
PGD attack margin (first 2 examples and 10 specs):
 tensor([[14.44621563,  5.21139193, 13.13618946, 16.49541283, 11.03817749,
         17.30172348, 11.61393833,  3.93325377, 10.00531292, 13.88566208]])
Total number of violation:  0
Attack finished in 0.1263 seconds.
PGD attack failed
verified_status unknown
verified_success False
Model: BoundedModule(
  (/0): BoundInput(name=/0, inputs=[], perturbed=True)
  (/7): BoundParams(name=/7, inputs=[], perturbed=False)
  (/8): BoundParams(name=/8, inputs=[], perturbed=False)
  (/9): BoundParams(name=/9, inputs=[], perturbed=False)
  (/10): BoundParams(name=/10, inputs=[], perturbed=False)
  (/11): BoundParams(name=/11, inputs=[], perturbed=False)
  (/12): BoundParams(name=/12, inputs=[], perturbed=False)
  (/13): BoundFlatten(name=/13, inputs=[/0], perturbed=True)
  (/input): BoundLinear(name=/input, inputs=[/13, /7, /8], perturbed=True)
  (/15): BoundRelu(name=/15, inputs=[/input], perturbed=True)
  (/input-3): BoundLinear(name=/input-3, inputs=[/15, /9, /10], perturbed=True)
  (/17): BoundRelu(name=/17, inputs=[/input-3], perturbed=True)
  (/18): BoundLinear(name=/18, inputs=[/17, /11, /12], perturbed=True)
)
Original output in the first batch: tensor([[ -9.78572655,  -0.44049355,  -8.63689137, -11.98747921,  -6.56057024,
         -12.92711353,  -6.87100792,   1.11785173,  -5.38203716,  -9.64824867,
           5.74017477,  -1.90747511, -13.45948887,  -4.78655577, -15.99029922,
          -5.11904812,  -6.41478682,  -0.65648407,  -9.10071468,  -6.37209892,
          -3.44641614,  -1.26267552,  -1.52702498,   2.81568694,  -1.65009952,
          -8.95583057]])
Split layers:
Nonlinear functions:
   BoundRelu(name=/15, inputs=[/input], perturbed=True)
   BoundRelu(name=/17, inputs=[/input-3], perturbed=True)
build batch [1/1]
initial crown bounds (first 10 items): [14.192268371582031, 5.066320896148682, 12.954437255859375, 16.2540283203125, 10.838115692138672, 17.20306396484375, 11.420544624328613, 3.806473731994629, 9.868767738342285, 13.667698860168457]
Global lower bound: 1.82706618309021
verified with init bound!
Result: safe-incomplete in 0.1574 seconds

 %%%%%%%%%%%%%%%%%%%%%%%%%%%%%%%%%%% idx: 101, vnnlib ID: 101 %%%%%%%%%%%%%%%%%%%%%%%%%%%%%%%%%%%
Using onnx models/emnist_fc.onnx
Using vnnlib specs/sample_8001_k.vnnlib
784 inputs and 26 outputs in vnnlib
Loading onnx /home/master2/Desktop/saehee/XAI/Assignment_04/emnist_abcrown/models/emnist_fc.onnx with quirks {}
Finished onnx model loading in 0.0029 seconds
Finished vnnlib processing in 0.000384 seconds
Attack parameters: initialization=uniform, steps=100, restarts=5, alpha=0.002500012516975403, GAMA=False
PGD attack margin (first 2 examples and 10 specs):
 tensor([[ 8.33909798, 13.78158092, 13.54664421, 12.19113064, 10.41948986,
         16.63925171, 13.70494080,  8.21823025, 12.37784958, 21.85658264]])
Total number of violation:  0
Processing batch 1/1...
PGD attack margin (first 2 examples and 10 specs):
 tensor([[ 7.26337433, 12.51260376, 12.42612171, 10.98019409,  9.34329224,
         15.16848660, 12.56688023,  7.29466152, 11.39763165, 20.45954895]])
Total number of violation:  0
Attack finished in 0.1088 seconds.
PGD attack failed
verified_status unknown
verified_success False
Model: BoundedModule(
  (/0): BoundInput(name=/0, inputs=[], perturbed=True)
  (/7): BoundParams(name=/7, inputs=[], perturbed=False)
  (/8): BoundParams(name=/8, inputs=[], perturbed=False)
  (/9): BoundParams(name=/9, inputs=[], perturbed=False)
  (/10): BoundParams(name=/10, inputs=[], perturbed=False)
  (/11): BoundParams(name=/11, inputs=[], perturbed=False)
  (/12): BoundParams(name=/12, inputs=[], perturbed=False)
  (/13): BoundFlatten(name=/13, inputs=[/0], perturbed=True)
  (/input): BoundLinear(name=/input, inputs=[/13, /7, /8], perturbed=True)
  (/15): BoundRelu(name=/15, inputs=[/input], perturbed=True)
  (/input-3): BoundLinear(name=/input-3, inputs=[/15, /9, /10], perturbed=True)
  (/17): BoundRelu(name=/17, inputs=[/input-3], perturbed=True)
  (/18): BoundLinear(name=/18, inputs=[/17, /11, /12], perturbed=True)
)
Original output in the first batch: tensor([[ -0.32519948,  -5.73358488,  -5.56378698,  -4.20422220,  -2.44258761,
          -8.54015160,  -5.60217047,  -0.19405317,  -4.42472315, -13.82876682,
           8.10591316,  -2.11204696,  -1.07512152,   0.97596103, -13.07139206,
          -4.94856739,  -8.47513866,   0.83391887,  -4.15225649,  -6.47459316,
          -3.43148136,  -7.41650200,  -2.38212514,   2.60489249,  -2.70953488,
          -5.05413675]])
Split layers:
Nonlinear functions:
   BoundRelu(name=/15, inputs=[/input], perturbed=True)
   BoundRelu(name=/17, inputs=[/input-3], perturbed=True)
build batch [1/1]
initial crown bounds (first 10 items): [6.5903401374816895, 11.950234413146973, 11.761603355407715, 10.272171974182129, 8.629316329956055, 14.567800521850586, 11.898747444152832, 6.97136116027832, 10.928598403930664, 19.757326126098633]
Global lower bound: 4.367458820343018
verified with init bound!
Result: safe-incomplete in 0.2383 seconds

 %%%%%%%%%%%%%%%%%%%%%%%%%%%%%%%%%%% idx: 102, vnnlib ID: 102 %%%%%%%%%%%%%%%%%%%%%%%%%%%%%%%%%%%
Using onnx models/emnist_fc.onnx
Using vnnlib specs/sample_8002_k.vnnlib
784 inputs and 26 outputs in vnnlib
Loading onnx /home/master2/Desktop/saehee/XAI/Assignment_04/emnist_abcrown/models/emnist_fc.onnx with quirks {}
Finished onnx model loading in 0.0028 seconds
Finished vnnlib processing in 0.000359 seconds
Attack parameters: initialization=uniform, steps=100, restarts=5, alpha=0.0025000013411045074, GAMA=False
PGD attack margin (first 2 examples and 10 specs):
 tensor([[24.31302071, 15.46694374, 20.18567085, 19.30399704, 23.37784004,
         29.64531326, 20.89644814,  6.40541220, 15.58333015, 24.67144775]])
Total number of violation:  0
Processing batch 1/1...
PGD attack margin (first 2 examples and 10 specs):
 tensor([[23.32326508, 14.61413574, 19.35272026, 18.33163071, 22.54345322,
         28.66637421, 20.16515923,  5.88202429, 14.82525063, 23.67236710]])
Total number of violation:  0
Attack finished in 0.1066 seconds.
PGD attack failed
verified_status unknown
verified_success False
Model: BoundedModule(
  (/0): BoundInput(name=/0, inputs=[], perturbed=True)
  (/7): BoundParams(name=/7, inputs=[], perturbed=False)
  (/8): BoundParams(name=/8, inputs=[], perturbed=False)
  (/9): BoundParams(name=/9, inputs=[], perturbed=False)
  (/10): BoundParams(name=/10, inputs=[], perturbed=False)
  (/11): BoundParams(name=/11, inputs=[], perturbed=False)
  (/12): BoundParams(name=/12, inputs=[], perturbed=False)
  (/13): BoundFlatten(name=/13, inputs=[/0], perturbed=True)
  (/input): BoundLinear(name=/input, inputs=[/13, /7, /8], perturbed=True)
  (/15): BoundRelu(name=/15, inputs=[/input], perturbed=True)
  (/input-3): BoundLinear(name=/input-3, inputs=[/15, /9, /10], perturbed=True)
  (/17): BoundRelu(name=/17, inputs=[/input-3], perturbed=True)
  (/18): BoundLinear(name=/18, inputs=[/17, /11, /12], perturbed=True)
)
Original output in the first batch: tensor([[-11.49562740,  -2.56049681,  -7.28253412,  -6.40503979, -10.47233677,
         -16.68748474,  -8.05517769,   6.44351578,  -2.67742968, -11.77571583,
          12.93512344,   1.75748813,  -4.71549416,   2.08915186, -23.85630035,
         -13.25095844,  -6.24647379,   2.28861713, -13.17803097,  -7.61449909,
          -2.92514300,  -9.58744526,  -3.95484900,   0.30690810,  -2.92379236,
         -11.59736443]])
Split layers:
Nonlinear functions:
   BoundRelu(name=/15, inputs=[/input], perturbed=True)
   BoundRelu(name=/17, inputs=[/input-3], perturbed=True)
build batch [1/1]
initial crown bounds (first 10 items): [23.102882385253906, 14.392574310302734, 19.12741470336914, 18.056293487548828, 22.282697677612305, 28.39647102355957, 19.951438903808594, 5.745189189910889, 14.589548110961914, 23.37315559387207]
Global lower bound: 5.745189189910889
verified with init bound!
Result: safe-incomplete in 0.1564 seconds

 %%%%%%%%%%%%%%%%%%%%%%%%%%%%%%%%%%% idx: 103, vnnlib ID: 103 %%%%%%%%%%%%%%%%%%%%%%%%%%%%%%%%%%%
Using onnx models/emnist_fc.onnx
Using vnnlib specs/sample_8003_k.vnnlib
784 inputs and 26 outputs in vnnlib
Loading onnx /home/master2/Desktop/saehee/XAI/Assignment_04/emnist_abcrown/models/emnist_fc.onnx with quirks {}
Finished onnx model loading in 0.0027 seconds
Finished vnnlib processing in 0.000340 seconds
Attack parameters: initialization=uniform, steps=100, restarts=5, alpha=0.002500012516975403, GAMA=False
PGD attack margin (first 2 examples and 10 specs):
 tensor([[28.86313248, 22.19377899, 26.41643906, 31.09447289, 27.74612427,
         26.77031708, 24.66643143, 15.29635429, 23.11494827, 39.15548706]])
Total number of violation:  0
Processing batch 1/1...
PGD attack margin (first 2 examples and 10 specs):
 tensor([[27.95675278, 21.32297134, 25.58396149, 29.93399429, 26.97841454,
         25.88689995, 23.84313965, 14.67214966, 22.39884377, 37.97678375]])
Total number of violation:  0
Attack finished in 0.1081 seconds.
PGD attack failed
verified_status unknown
verified_success False
Model: BoundedModule(
  (/0): BoundInput(name=/0, inputs=[], perturbed=True)
  (/7): BoundParams(name=/7, inputs=[], perturbed=False)
  (/8): BoundParams(name=/8, inputs=[], perturbed=False)
  (/9): BoundParams(name=/9, inputs=[], perturbed=False)
  (/10): BoundParams(name=/10, inputs=[], perturbed=False)
  (/11): BoundParams(name=/11, inputs=[], perturbed=False)
  (/12): BoundParams(name=/12, inputs=[], perturbed=False)
  (/13): BoundFlatten(name=/13, inputs=[/0], perturbed=True)
  (/input): BoundLinear(name=/input, inputs=[/13, /7, /8], perturbed=True)
  (/15): BoundRelu(name=/15, inputs=[/input], perturbed=True)
  (/input-3): BoundLinear(name=/input-3, inputs=[/15, /9, /10], perturbed=True)
  (/17): BoundRelu(name=/17, inputs=[/input-3], perturbed=True)
  (/18): BoundLinear(name=/18, inputs=[/17, /11, /12], perturbed=True)
)
Original output in the first batch: tensor([[-11.09530067,  -4.33896112,  -8.59159946, -13.24347210,  -9.97654247,
          -8.97145176,  -6.81378937,   2.49269962,  -5.36615753, -21.30458641,
          17.78068352,  -1.11298144,  -6.16009998,   2.30210471, -25.54042435,
          -9.09429455,  -9.80494690,   4.24343777,  -6.59148359, -12.04640484,
          -7.35874176,  -4.74707031,  -6.08032179,  10.15928841,  -0.47314614,
          -8.54410553]])
Split layers:
Nonlinear functions:
   BoundRelu(name=/15, inputs=[/input], perturbed=True)
   BoundRelu(name=/17, inputs=[/input-3], perturbed=True)
build batch [1/1]
initial crown bounds (first 10 items): [27.83426284790039, 21.25875473022461, 25.491544723510742, 29.824810028076172, 26.871170043945312, 25.751882553100586, 23.795684814453125, 14.641156196594238, 22.33206558227539, 37.86563491821289]
Global lower bound: 6.893791675567627
verified with init bound!
Result: safe-incomplete in 0.1606 seconds

 %%%%%%%%%%%%%%%%%%%%%%%%%%%%%%%%%%% idx: 104, vnnlib ID: 104 %%%%%%%%%%%%%%%%%%%%%%%%%%%%%%%%%%%
Using onnx models/emnist_fc.onnx
Using vnnlib specs/sample_8004_k.vnnlib
784 inputs and 26 outputs in vnnlib
Loading onnx /home/master2/Desktop/saehee/XAI/Assignment_04/emnist_abcrown/models/emnist_fc.onnx with quirks {}
Finished onnx model loading in 0.0035 seconds
Finished vnnlib processing in 0.000351 seconds
Attack parameters: initialization=uniform, steps=100, restarts=5, alpha=0.0025000013411045074, GAMA=False
PGD attack margin (first 2 examples and 10 specs):
 tensor([[20.55174828, 16.80985451, 22.50006485, 18.27880478, 16.74167633,
         29.77467728, 22.98973083, 13.13202381, 20.67484665, 34.18038940]])
Total number of violation:  0
Processing batch 1/1...
PGD attack margin (first 2 examples and 10 specs):
 tensor([[19.33946228, 15.86465931, 21.39876556, 17.19777870, 15.44951344,
         28.42774391, 21.83870506, 12.29210854, 19.62714767, 32.69130707]])
Total number of violation:  0
Attack finished in 0.1128 seconds.
PGD attack failed
verified_status unknown
verified_success False
Model: BoundedModule(
  (/0): BoundInput(name=/0, inputs=[], perturbed=True)
  (/7): BoundParams(name=/7, inputs=[], perturbed=False)
  (/8): BoundParams(name=/8, inputs=[], perturbed=False)
  (/9): BoundParams(name=/9, inputs=[], perturbed=False)
  (/10): BoundParams(name=/10, inputs=[], perturbed=False)
  (/11): BoundParams(name=/11, inputs=[], perturbed=False)
  (/12): BoundParams(name=/12, inputs=[], perturbed=False)
  (/13): BoundFlatten(name=/13, inputs=[/0], perturbed=True)
  (/input): BoundLinear(name=/input, inputs=[/13, /7, /8], perturbed=True)
  (/15): BoundRelu(name=/15, inputs=[/input], perturbed=True)
  (/input-3): BoundLinear(name=/input-3, inputs=[/15, /9, /10], perturbed=True)
  (/17): BoundRelu(name=/17, inputs=[/input-3], perturbed=True)
  (/18): BoundLinear(name=/18, inputs=[/17, /11, /12], perturbed=True)
)
Original output in the first batch: tensor([[ -6.93526506,  -3.14305496,  -8.96283245,  -4.72068310,  -3.20757794,
         -16.17361450,  -9.31939316,   0.46882039,  -7.06653070, -20.51539040,
          13.56536961,  -4.00031328,  -6.68724728,  -3.32389188, -18.05032730,
          -4.19427109,  -7.51141071,   2.76081610, -13.13139534,  -5.15216923,
           0.12119536,  -5.37292480,  -3.91384006,   2.99570727,  -3.29066086,
          -9.41803265]])
Split layers:
Nonlinear functions:
   BoundRelu(name=/15, inputs=[/input], perturbed=True)
   BoundRelu(name=/17, inputs=[/input-3], perturbed=True)
build batch [1/1]
initial crown bounds (first 10 items): [18.94696617126465, 15.57426929473877, 21.105802536010742, 16.907817840576172, 15.176717758178711, 28.16890525817871, 21.516407012939453, 12.023944854736328, 19.3963680267334, 32.32711410522461]
Global lower bound: 9.618524551391602
verified with init bound!
Result: safe-incomplete in 0.1646 seconds

 %%%%%%%%%%%%%%%%%%%%%%%%%%%%%%%%%%% idx: 105, vnnlib ID: 105 %%%%%%%%%%%%%%%%%%%%%%%%%%%%%%%%%%%
Using onnx models/emnist_fc.onnx
Using vnnlib specs/sample_8005_k.vnnlib
784 inputs and 26 outputs in vnnlib
Loading onnx /home/master2/Desktop/saehee/XAI/Assignment_04/emnist_abcrown/models/emnist_fc.onnx with quirks {}
Finished onnx model loading in 0.0033 seconds
Finished vnnlib processing in 0.000360 seconds
Attack parameters: initialization=uniform, steps=100, restarts=5, alpha=0.002500012516975403, GAMA=False
PGD attack margin (first 2 examples and 10 specs):
 tensor([[20.10023499, 21.15721703, 20.38521576, 23.85721207, 19.61899757,
         22.41520309, 21.65779495, 13.92249775, 16.99762917, 27.98694611]])
Total number of violation:  0
Processing batch 1/1...
PGD attack margin (first 2 examples and 10 specs):
 tensor([[19.24584579, 20.30358696, 19.37124443, 22.76139832, 18.84459877,
         21.33381844, 20.72632027, 13.17090034, 16.10934258, 26.84510803]])
Total number of violation:  0
Attack finished in 0.1092 seconds.
PGD attack failed
verified_status unknown
verified_success False
Model: BoundedModule(
  (/0): BoundInput(name=/0, inputs=[], perturbed=True)
  (/7): BoundParams(name=/7, inputs=[], perturbed=False)
  (/8): BoundParams(name=/8, inputs=[], perturbed=False)
  (/9): BoundParams(name=/9, inputs=[], perturbed=False)
  (/10): BoundParams(name=/10, inputs=[], perturbed=False)
  (/11): BoundParams(name=/11, inputs=[], perturbed=False)
  (/12): BoundParams(name=/12, inputs=[], perturbed=False)
  (/13): BoundFlatten(name=/13, inputs=[/0], perturbed=True)
  (/input): BoundLinear(name=/input, inputs=[/13, /7, /8], perturbed=True)
  (/15): BoundRelu(name=/15, inputs=[/input], perturbed=True)
  (/input-3): BoundLinear(name=/input-3, inputs=[/15, /9, /10], perturbed=True)
  (/17): BoundRelu(name=/17, inputs=[/input-3], perturbed=True)
  (/18): BoundLinear(name=/18, inputs=[/17, /11, /12], perturbed=True)
)
Original output in the first batch: tensor([[ -6.03284597,  -7.10646391,  -6.35149145,  -9.79225254,  -5.64040899,
          -8.42439556,  -7.59400415,   0.14866018,  -2.99055338, -13.96053123,
          14.04808140,  -1.32191813,  -4.56819582,   2.46235633, -18.68318176,
          -8.71263123,  -8.22768307,   2.66332960,  -7.70376635,  -2.36270022,
          -7.95425367,  -9.55340290,  -3.27110958,   3.84449220,  -5.45278740,
          -4.71423960]])
Split layers:
Nonlinear functions:
   BoundRelu(name=/15, inputs=[/input], perturbed=True)
   BoundRelu(name=/17, inputs=[/input-3], perturbed=True)
build batch [1/1]
initial crown bounds (first 10 items): [19.05254364013672, 20.114208221435547, 19.206815719604492, 22.5689697265625, 18.646013259887695, 21.075672149658203, 20.594951629638672, 13.03402042388916, 15.963827133178711, 26.666194915771484]
Global lower bound: 9.379204750061035
verified with init bound!
Result: safe-incomplete in 0.1632 seconds

 %%%%%%%%%%%%%%%%%%%%%%%%%%%%%%%%%%% idx: 106, vnnlib ID: 106 %%%%%%%%%%%%%%%%%%%%%%%%%%%%%%%%%%%
Using onnx models/emnist_fc.onnx
Using vnnlib specs/sample_8006_k.vnnlib
784 inputs and 26 outputs in vnnlib
Loading onnx /home/master2/Desktop/saehee/XAI/Assignment_04/emnist_abcrown/models/emnist_fc.onnx with quirks {}
Finished onnx model loading in 0.0033 seconds
Finished vnnlib processing in 0.000391 seconds
Attack parameters: initialization=uniform, steps=100, restarts=5, alpha=0.0025000013411045074, GAMA=False
PGD attack margin (first 2 examples and 10 specs):
 tensor([[19.73663330, 14.90450287, 25.15762138, 20.97455025, 24.15699387,
         35.20904541, 20.17753029, 10.02056122, 20.97761536, 32.17994690]])
Total number of violation:  0
Processing batch 1/1...
PGD attack margin (first 2 examples and 10 specs):
 tensor([[18.64676476, 13.88613033, 24.26796722, 20.00041389, 23.12623596,
         33.77161789, 19.08083153,  9.13706303, 20.07860947, 30.74094963]])
Total number of violation:  0
Attack finished in 0.1111 seconds.
PGD attack failed
verified_status unknown
verified_success False
Model: BoundedModule(
  (/0): BoundInput(name=/0, inputs=[], perturbed=True)
  (/7): BoundParams(name=/7, inputs=[], perturbed=False)
  (/8): BoundParams(name=/8, inputs=[], perturbed=False)
  (/9): BoundParams(name=/9, inputs=[], perturbed=False)
  (/10): BoundParams(name=/10, inputs=[], perturbed=False)
  (/11): BoundParams(name=/11, inputs=[], perturbed=False)
  (/12): BoundParams(name=/12, inputs=[], perturbed=False)
  (/13): BoundFlatten(name=/13, inputs=[/0], perturbed=True)
  (/input): BoundLinear(name=/input, inputs=[/13, /7, /8], perturbed=True)
  (/15): BoundRelu(name=/15, inputs=[/input], perturbed=True)
  (/input-3): BoundLinear(name=/input-3, inputs=[/15, /9, /10], perturbed=True)
  (/17): BoundRelu(name=/17, inputs=[/input-3], perturbed=True)
  (/18): BoundLinear(name=/18, inputs=[/17, /11, /12], perturbed=True)
)
Original output in the first batch: tensor([[ -6.06135178,  -1.12544775, -11.48915672,  -7.31566525, -10.54350758,
         -21.53316498,  -6.37907696,   3.68692398,  -7.32140732, -18.44632339,
          13.64663887,   1.08411157,   2.65058231,   0.69115669, -23.95160294,
         -14.77558231, -11.89877605,   1.24975038, -15.78855324, -11.21039104,
           8.82268715,  -6.14867163,  -3.19820380,   4.56728697,  -3.74504399,
          -8.06592941]])
Split layers:
Nonlinear functions:
   BoundRelu(name=/15, inputs=[/input], perturbed=True)
   BoundRelu(name=/17, inputs=[/input-3], perturbed=True)
build batch [1/1]
initial crown bounds (first 10 items): [18.4244327545166, 13.685300827026367, 24.0781307220459, 19.660619735717773, 22.970741271972656, 33.50040817260742, 18.896738052368164, 8.915225982666016, 19.900537490844727, 30.518918991088867]
Global lower bound: 3.8466994762420654
verified with init bound!
Result: safe-incomplete in 0.2269 seconds

 %%%%%%%%%%%%%%%%%%%%%%%%%%%%%%%%%%% idx: 107, vnnlib ID: 107 %%%%%%%%%%%%%%%%%%%%%%%%%%%%%%%%%%%
Using onnx models/emnist_fc.onnx
Using vnnlib specs/sample_8007_k.vnnlib
784 inputs and 26 outputs in vnnlib
Loading onnx /home/master2/Desktop/saehee/XAI/Assignment_04/emnist_abcrown/models/emnist_fc.onnx with quirks {}
Finished onnx model loading in 0.0026 seconds
Finished vnnlib processing in 0.000343 seconds
Attack parameters: initialization=uniform, steps=100, restarts=5, alpha=0.0025000013411045074, GAMA=False
PGD attack margin (first 2 examples and 10 specs):
 tensor([[26.95003891, 18.85966492, 29.00894165, 20.10085678, 24.33464050,
         40.63000870, 24.67951584, 18.06567383, 27.84450531, 42.10944366]])
Total number of violation:  0
Processing batch 1/1...
PGD attack margin (first 2 examples and 10 specs):
 tensor([[25.88261414, 17.91097260, 28.19602776, 19.37084198, 23.34472084,
         39.76895142, 23.75594521, 17.40974808, 27.15114594, 41.16188049]])
Total number of violation:  0
Attack finished in 0.1122 seconds.
PGD attack failed
verified_status unknown
verified_success False
Model: BoundedModule(
  (/0): BoundInput(name=/0, inputs=[], perturbed=True)
  (/7): BoundParams(name=/7, inputs=[], perturbed=False)
  (/8): BoundParams(name=/8, inputs=[], perturbed=False)
  (/9): BoundParams(name=/9, inputs=[], perturbed=False)
  (/10): BoundParams(name=/10, inputs=[], perturbed=False)
  (/11): BoundParams(name=/11, inputs=[], perturbed=False)
  (/12): BoundParams(name=/12, inputs=[], perturbed=False)
  (/13): BoundFlatten(name=/13, inputs=[/0], perturbed=True)
  (/input): BoundLinear(name=/input, inputs=[/13, /7, /8], perturbed=True)
  (/15): BoundRelu(name=/15, inputs=[/input], perturbed=True)
  (/input-3): BoundLinear(name=/input-3, inputs=[/15, /9, /10], perturbed=True)
  (/17): BoundRelu(name=/17, inputs=[/input-3], perturbed=True)
  (/18): BoundLinear(name=/18, inputs=[/17, /11, /12], perturbed=True)
)
Original output in the first batch: tensor([[ -9.31754589,  -1.25489068, -11.38938618,  -2.55606198,  -6.74679899,
         -23.06694221,  -7.05368471,  -0.49194467, -10.25689697, -24.53270340,
          17.58865929,  -0.83188534,  -8.23570824,   0.03590769, -26.52858353,
         -13.59826946,  -6.89091682,   5.80921507, -15.72368145,  -7.95893288,
          -1.31579292, -16.19721031,  -6.30692816,   2.86817479,  -6.03559589,
          -7.09189939]])
Split layers:
Nonlinear functions:
   BoundRelu(name=/15, inputs=[/input], perturbed=True)
   BoundRelu(name=/17, inputs=[/input-3], perturbed=True)
build batch [1/1]
initial crown bounds (first 10 items): [25.739213943481445, 17.766523361206055, 28.0917911529541, 19.26818084716797, 23.163650512695312, 39.627315521240234, 23.624860763549805, 17.28150749206543, 27.017656326293945, 40.99392318725586]
Global lower bound: 10.995593070983887
verified with init bound!
Result: safe-incomplete in 0.1626 seconds

 %%%%%%%%%%%%%%%%%%%%%%%%%%%%%%%%%%% idx: 108, vnnlib ID: 108 %%%%%%%%%%%%%%%%%%%%%%%%%%%%%%%%%%%
Using onnx models/emnist_fc.onnx
Using vnnlib specs/sample_8008_k.vnnlib
784 inputs and 26 outputs in vnnlib
Loading onnx /home/master2/Desktop/saehee/XAI/Assignment_04/emnist_abcrown/models/emnist_fc.onnx with quirks {}
Finished onnx model loading in 0.0028 seconds
Finished vnnlib processing in 0.000358 seconds
Attack parameters: initialization=uniform, steps=100, restarts=5, alpha=0.0025000013411045074, GAMA=False
PGD attack margin (first 2 examples and 10 specs):
 tensor([[22.07171822, 22.39076805, 28.12719727, 21.49866867, 21.68354607,
         34.20392609, 24.73807526, 20.84757423, 25.01240349, 39.73535919]])
Total number of violation:  0
Processing batch 1/1...
PGD attack margin (first 2 examples and 10 specs):
 tensor([[21.07209396, 21.45858002, 27.37740707, 20.59718704, 20.76257133,
         33.15106201, 23.79489136, 20.29388809, 24.33865547, 38.87103271]])
Total number of violation:  0
Attack finished in 0.1175 seconds.
PGD attack failed
verified_status unknown
verified_success False
Model: BoundedModule(
  (/0): BoundInput(name=/0, inputs=[], perturbed=True)
  (/7): BoundParams(name=/7, inputs=[], perturbed=False)
  (/8): BoundParams(name=/8, inputs=[], perturbed=False)
  (/9): BoundParams(name=/9, inputs=[], perturbed=False)
  (/10): BoundParams(name=/10, inputs=[], perturbed=False)
  (/11): BoundParams(name=/11, inputs=[], perturbed=False)
  (/12): BoundParams(name=/12, inputs=[], perturbed=False)
  (/13): BoundFlatten(name=/13, inputs=[/0], perturbed=True)
  (/input): BoundLinear(name=/input, inputs=[/13, /7, /8], perturbed=True)
  (/15): BoundRelu(name=/15, inputs=[/input], perturbed=True)
  (/input-3): BoundLinear(name=/input-3, inputs=[/15, /9, /10], perturbed=True)
  (/17): BoundRelu(name=/17, inputs=[/input-3], perturbed=True)
  (/18): BoundLinear(name=/18, inputs=[/17, /11, /12], perturbed=True)
)
Original output in the first batch: tensor([[ -4.33254290,  -4.68958378, -10.38506603,  -3.81056714,  -3.89732599,
         -16.47688293,  -6.98418236,  -3.20386624,  -7.28361607, -22.02338791,
          17.69575882,  -1.45176232, -13.19860458,  -6.40482950, -27.00572968,
          -4.22635651,  -8.68730354,  13.05021477, -17.34653282,  -2.89055276,
          -6.70453453, -17.44173050, -15.16078377,   1.51267147,  -8.91498852,
           2.12192845]])
Split layers:
Nonlinear functions:
   BoundRelu(name=/15, inputs=[/input], perturbed=True)
   BoundRelu(name=/17, inputs=[/input-3], perturbed=True)
build batch [1/1]
initial crown bounds (first 10 items): [20.975400924682617, 21.402809143066406, 27.301271438598633, 20.476675033569336, 20.626293182373047, 33.006805419921875, 23.66230010986328, 20.223756790161133, 24.237478256225586, 38.75632095336914]
Global lower bound: 3.761967182159424
verified with init bound!
Result: safe-incomplete in 0.1676 seconds

 %%%%%%%%%%%%%%%%%%%%%%%%%%%%%%%%%%% idx: 109, vnnlib ID: 109 %%%%%%%%%%%%%%%%%%%%%%%%%%%%%%%%%%%
Using onnx models/emnist_fc.onnx
Using vnnlib specs/sample_8009_k.vnnlib
784 inputs and 26 outputs in vnnlib
Loading onnx /home/master2/Desktop/saehee/XAI/Assignment_04/emnist_abcrown/models/emnist_fc.onnx with quirks {}
Finished onnx model loading in 0.0026 seconds
Finished vnnlib processing in 0.000345 seconds
Attack parameters: initialization=uniform, steps=100, restarts=5, alpha=0.0025000013411045074, GAMA=False
PGD attack margin (first 2 examples and 10 specs):
 tensor([[37.93721771, 27.33580589, 33.17060471, 42.41556549, 35.43759155,
         36.53172684, 35.02434921, 23.00991821, 33.17570496, 46.35956192]])
Total number of violation:  0
Processing batch 1/1...
PGD attack margin (first 2 examples and 10 specs):
 tensor([[36.89356613, 26.34725952, 32.12113571, 41.23851013, 34.44092941,
         35.66301346, 34.07063675, 22.24070168, 32.32296753, 45.06261826]])
Total number of violation:  0
Attack finished in 0.1085 seconds.
PGD attack failed
verified_status unknown
verified_success False
Model: BoundedModule(
  (/0): BoundInput(name=/0, inputs=[], perturbed=True)
  (/7): BoundParams(name=/7, inputs=[], perturbed=False)
  (/8): BoundParams(name=/8, inputs=[], perturbed=False)
  (/9): BoundParams(name=/9, inputs=[], perturbed=False)
  (/10): BoundParams(name=/10, inputs=[], perturbed=False)
  (/11): BoundParams(name=/11, inputs=[], perturbed=False)
  (/12): BoundParams(name=/12, inputs=[], perturbed=False)
  (/13): BoundFlatten(name=/13, inputs=[/0], perturbed=True)
  (/input): BoundLinear(name=/input, inputs=[/13, /7, /8], perturbed=True)
  (/15): BoundRelu(name=/15, inputs=[/input], perturbed=True)
  (/input-3): BoundLinear(name=/input-3, inputs=[/15, /9, /10], perturbed=True)
  (/17): BoundRelu(name=/17, inputs=[/input-3], perturbed=True)
  (/18): BoundLinear(name=/18, inputs=[/17, /11, /12], perturbed=True)
)
Original output in the first batch: tensor([[-12.69775772,  -2.01506209,  -7.90515995, -17.13761711, -10.24812794,
         -11.32389927,  -9.71073723,   2.26283264,  -7.95895243, -21.06696320,
          25.20122337,  -2.63072419,  -1.38576114,   1.38577271, -28.60638428,
         -18.20423508, -14.65157032,   4.39808559, -12.84308434,  -5.99089575,
          -8.53130245, -12.79816818,  -2.62077069,   5.43450737,  -4.36450052,
          -5.66182041]])
Split layers:
Nonlinear functions:
   BoundRelu(name=/15, inputs=[/input], perturbed=True)
   BoundRelu(name=/17, inputs=[/input-3], perturbed=True)
build batch [1/1]
initial crown bounds (first 10 items): [36.732540130615234, 26.261615753173828, 32.02500915527344, 41.13461685180664, 34.2609748840332, 35.50278091430664, 33.96235275268555, 22.120525360107422, 32.269775390625, 44.94478988647461]
Global lower bound: 19.003854751586914
verified with init bound!
Result: safe-incomplete in 0.1573 seconds

 %%%%%%%%%%%%%%%%%%%%%%%%%%%%%%%%%%% idx: 110, vnnlib ID: 110 %%%%%%%%%%%%%%%%%%%%%%%%%%%%%%%%%%%
Using onnx models/emnist_fc.onnx
Using vnnlib specs/sample_8800_l.vnnlib
Precompiled vnnlib file found at /home/master2/Desktop/saehee/XAI/Assignment_04/emnist_abcrown/specs/sample_8800_l.vnnlib.compiled
Loading onnx /home/master2/Desktop/saehee/XAI/Assignment_04/emnist_abcrown/models/emnist_fc.onnx with quirks {}
Finished onnx model loading in 0.0028 seconds
Finished vnnlib processing in 0.000324 seconds
Attack parameters: initialization=uniform, steps=100, restarts=5, alpha=0.0025000013411045074, GAMA=False
PGD attack margin (first 2 examples and 10 specs):
 tensor([[13.06054497, 12.83006954, 10.82175827, 15.09182167, 12.49331284,
         12.18950081, 14.46383476,  7.99510860,  0.67751455,  7.52139235]])
Total number of violation:  0
Processing batch 1/1...
PGD attack margin (first 2 examples and 10 specs):
 tensor([[11.88287830, 11.41366959,  9.99497509, 13.81423664, 11.31770325,
         11.08409119, 13.41382027,  6.89901972,  0.42864323,  6.77793741]])
Total number of violation:  0
Attack finished in 0.1131 seconds.
PGD attack failed
verified_status unknown
verified_success False
Model: BoundedModule(
  (/0): BoundInput(name=/0, inputs=[], perturbed=True)
  (/7): BoundParams(name=/7, inputs=[], perturbed=False)
  (/8): BoundParams(name=/8, inputs=[], perturbed=False)
  (/9): BoundParams(name=/9, inputs=[], perturbed=False)
  (/10): BoundParams(name=/10, inputs=[], perturbed=False)
  (/11): BoundParams(name=/11, inputs=[], perturbed=False)
  (/12): BoundParams(name=/12, inputs=[], perturbed=False)
  (/13): BoundFlatten(name=/13, inputs=[/0], perturbed=True)
  (/input): BoundLinear(name=/input, inputs=[/13, /7, /8], perturbed=True)
  (/15): BoundRelu(name=/15, inputs=[/input], perturbed=True)
  (/input-3): BoundLinear(name=/input-3, inputs=[/15, /9, /10], perturbed=True)
  (/17): BoundRelu(name=/17, inputs=[/input-3], perturbed=True)
  (/18): BoundLinear(name=/18, inputs=[/17, /11, /12], perturbed=True)
)
Original output in the first batch: tensor([[-5.66140699, -5.38056564, -3.49677896, -7.68882751, -5.11959124,
         -4.79893398, -7.03355360, -0.63004780,  6.58414459, -0.19707611,
         -4.31258965,  7.23446512, -6.95172930, -4.07249403, -8.05065918,
         -5.77567387, -5.93257666, -2.19593430, -4.60380125, -0.07758556,
         -2.39333200, -0.61958581, -4.09576941, -5.33193493, -1.99464130,
         -7.71590614]])
Split layers:
Nonlinear functions:
   BoundRelu(name=/15, inputs=[/input], perturbed=True)
   BoundRelu(name=/17, inputs=[/input-3], perturbed=True)
build batch [1/1]
initial crown bounds (first 10 items): [11.457736015319824, 11.071455955505371, 9.759719848632812, 13.501593589782715, 10.972122192382812, 10.694947242736816, 13.056925773620605, 6.629998683929443, 0.36497727036476135, 6.564884185791016]
Global lower bound: 0.36497727036476135
verified with init bound!
Result: safe-incomplete in 0.1428 seconds

 %%%%%%%%%%%%%%%%%%%%%%%%%%%%%%%%%%% idx: 111, vnnlib ID: 111 %%%%%%%%%%%%%%%%%%%%%%%%%%%%%%%%%%%
Using onnx models/emnist_fc.onnx
Using vnnlib specs/sample_8801_l.vnnlib
784 inputs and 26 outputs in vnnlib
Loading onnx /home/master2/Desktop/saehee/XAI/Assignment_04/emnist_abcrown/models/emnist_fc.onnx with quirks {}
Finished onnx model loading in 0.0029 seconds
Finished vnnlib processing in 0.000340 seconds
Attack parameters: initialization=uniform, steps=100, restarts=5, alpha=0.002500012516975403, GAMA=False
PGD attack margin (first 2 examples and 10 specs):
 tensor([[ 3.15106130, 12.86697674, 14.00744057, 10.92915058,  9.21299458,
          9.84159756,  6.44703627,  1.18313265,  6.18948746, 15.08112526]])
Total number of violation:  0
Processing batch 1/1...
PGD attack margin (first 2 examples and 10 specs):
 tensor([[ 2.26748705, 11.74812794, 13.37832451, 10.09339428,  8.42653465,
          8.93549347,  5.65762711,  0.18630457,  5.69266796, 14.40434361]])
Total number of violation:  0
Attack finished in 0.1088 seconds.
PGD attack failed
verified_status unknown
verified_success False
Model: BoundedModule(
  (/0): BoundInput(name=/0, inputs=[], perturbed=True)
  (/7): BoundParams(name=/7, inputs=[], perturbed=False)
  (/8): BoundParams(name=/8, inputs=[], perturbed=False)
  (/9): BoundParams(name=/9, inputs=[], perturbed=False)
  (/10): BoundParams(name=/10, inputs=[], perturbed=False)
  (/11): BoundParams(name=/11, inputs=[], perturbed=False)
  (/12): BoundParams(name=/12, inputs=[], perturbed=False)
  (/13): BoundFlatten(name=/13, inputs=[/0], perturbed=True)
  (/input): BoundLinear(name=/input, inputs=[/13, /7, /8], perturbed=True)
  (/15): BoundRelu(name=/15, inputs=[/input], perturbed=True)
  (/input-3): BoundLinear(name=/input-3, inputs=[/15, /9, /10], perturbed=True)
  (/17): BoundRelu(name=/17, inputs=[/input-3], perturbed=True)
  (/18): BoundLinear(name=/18, inputs=[/17, /11, /12], perturbed=True)
)
Original output in the first batch: tensor([[  1.93281138,  -7.84439611,  -8.98780727,  -5.91418171,  -4.22080517,
          -4.80881643,  -1.42160416,   3.84041882,  -1.19027340, -10.06862259,
           0.41506431,   5.01243401, -10.60505009,  -2.08779240, -18.76340866,
          -2.12305355,  -9.89588642,   0.86038905,  -8.95314598,  -7.82807350,
          -5.65468502,  -6.87248516,  -8.99528503,  -4.54284239,  -6.36404991,
           2.01190782]])
Split layers:
Nonlinear functions:
   BoundRelu(name=/15, inputs=[/input], perturbed=True)
   BoundRelu(name=/17, inputs=[/input-3], perturbed=True)
build batch [1/1]
initial crown bounds (first 10 items): [2.0251646041870117, 11.513195991516113, 13.15047550201416, 9.752029418945312, 8.22104263305664, 8.795391082763672, 5.488356590270996, 0.025666385889053345, 5.544424533843994, 14.205694198608398]
Global lower bound: 0.025666385889053345
verified with init bound!
Result: safe-incomplete in 0.1602 seconds

 %%%%%%%%%%%%%%%%%%%%%%%%%%%%%%%%%%% idx: 112, vnnlib ID: 112 %%%%%%%%%%%%%%%%%%%%%%%%%%%%%%%%%%%
Using onnx models/emnist_fc.onnx
Using vnnlib specs/sample_8802_l.vnnlib
784 inputs and 26 outputs in vnnlib
Loading onnx /home/master2/Desktop/saehee/XAI/Assignment_04/emnist_abcrown/models/emnist_fc.onnx with quirks {}
Finished onnx model loading in 0.0035 seconds
Finished vnnlib processing in 0.000392 seconds
Attack parameters: initialization=uniform, steps=100, restarts=5, alpha=0.0025000013411045074, GAMA=False
PGD attack margin (first 2 examples and 10 specs):
 tensor([[12.32182121, 15.56237888,  8.15233994, 12.99460793, 11.92773056,
         31.26396561, 11.25807381,  9.28170872, 10.19181156, 17.36407089]])
Total number of violation:  0
Processing batch 1/1...
PGD attack margin (first 2 examples and 10 specs):
 tensor([[11.17365456, 14.31115627,  7.51151514, 11.67595673, 10.80970192,
         29.93690300, 10.37665653,  8.47751713,  9.73276234, 16.60171127]])
Total number of violation:  0
Attack finished in 0.1073 seconds.
PGD attack failed
verified_status unknown
verified_success False
Model: BoundedModule(
  (/0): BoundInput(name=/0, inputs=[], perturbed=True)
  (/7): BoundParams(name=/7, inputs=[], perturbed=False)
  (/8): BoundParams(name=/8, inputs=[], perturbed=False)
  (/9): BoundParams(name=/9, inputs=[], perturbed=False)
  (/10): BoundParams(name=/10, inputs=[], perturbed=False)
  (/11): BoundParams(name=/11, inputs=[], perturbed=False)
  (/12): BoundParams(name=/12, inputs=[], perturbed=False)
  (/13): BoundFlatten(name=/13, inputs=[/0], perturbed=True)
  (/input): BoundLinear(name=/input, inputs=[/13, /7, /8], perturbed=True)
  (/15): BoundRelu(name=/15, inputs=[/input], perturbed=True)
  (/input-3): BoundLinear(name=/input-3, inputs=[/15, /9, /10], perturbed=True)
  (/17): BoundRelu(name=/17, inputs=[/input-3], perturbed=True)
  (/18): BoundLinear(name=/18, inputs=[/17, /11, /12], perturbed=True)
)
Original output in the first batch: tensor([[ -3.99269342,  -7.15035295,   0.07906377,  -4.56802607,  -3.53764081,
         -22.86439896,  -2.96152401,  -1.03720689,  -1.96800423,  -9.10122967,
          -8.08775520,   8.23100758, -16.44406700,  -4.53645849, -17.51298714,
         -16.39722824,  -6.68939972, -12.96220875, -11.14472294, -14.46185684,
           4.84186649, -10.22890759,  -1.36170828, -14.10638046,  -5.82740498,
          -4.06729841]])
Split layers:
Nonlinear functions:
   BoundRelu(name=/15, inputs=[/input], perturbed=True)
   BoundRelu(name=/17, inputs=[/input-3], perturbed=True)
build batch [1/1]
initial crown bounds (first 10 items): [11.015752792358398, 14.080204963684082, 7.392360210418701, 11.460142135620117, 10.659191131591797, 29.780418395996094, 10.250067710876465, 8.366297721862793, 9.677632331848145, 16.459699630737305]
Global lower bound: 2.389781951904297
verified with init bound!
Result: safe-incomplete in 0.2261 seconds

 %%%%%%%%%%%%%%%%%%%%%%%%%%%%%%%%%%% idx: 113, vnnlib ID: 113 %%%%%%%%%%%%%%%%%%%%%%%%%%%%%%%%%%%
Using onnx models/emnist_fc.onnx
Using vnnlib specs/sample_8803_l.vnnlib
784 inputs and 26 outputs in vnnlib
Loading onnx /home/master2/Desktop/saehee/XAI/Assignment_04/emnist_abcrown/models/emnist_fc.onnx with quirks {}
Finished onnx model loading in 0.0027 seconds
Finished vnnlib processing in 0.000338 seconds
Attack parameters: initialization=uniform, steps=100, restarts=5, alpha=0.002500012516975403, GAMA=False
PGD attack margin (first 2 examples and 10 specs):
 tensor([[10.15240002, 14.65372276, 13.35417747, 11.89818382, 14.47734737,
         15.34288788, 15.21343803,  9.19886112,  0.25261211,  7.98449802]])
Total number of violation:  0
Processing batch 1/1...
PGD attack margin (first 2 examples and 10 specs):
 tensor([[ 9.07687950, 13.46429253, 12.72926521, 10.90493774, 13.58659172,
         14.28994560, 14.26406097,  8.24811554,  0.07026339,  7.37398195]])
Total number of violation:  0
Attack finished in 0.1083 seconds.
PGD attack failed
verified_status unknown
verified_success False
Model: BoundedModule(
  (/0): BoundInput(name=/0, inputs=[], perturbed=True)
  (/7): BoundParams(name=/7, inputs=[], perturbed=False)
  (/8): BoundParams(name=/8, inputs=[], perturbed=False)
  (/9): BoundParams(name=/9, inputs=[], perturbed=False)
  (/10): BoundParams(name=/10, inputs=[], perturbed=False)
  (/11): BoundParams(name=/11, inputs=[], perturbed=False)
  (/12): BoundParams(name=/12, inputs=[], perturbed=False)
  (/13): BoundFlatten(name=/13, inputs=[/0], perturbed=True)
  (/input): BoundLinear(name=/input, inputs=[/13, /7, /8], perturbed=True)
  (/15): BoundRelu(name=/15, inputs=[/input], perturbed=True)
  (/input-3): BoundLinear(name=/input-3, inputs=[/15, /9, /10], perturbed=True)
  (/17): BoundRelu(name=/17, inputs=[/input-3], perturbed=True)
  (/18): BoundLinear(name=/18, inputs=[/17, /11, /12], perturbed=True)
)
Original output in the first batch: tensor([[-2.73939657, -7.38444948, -6.07522392, -4.55193615, -7.20032597,
         -7.99811935, -7.84115839, -1.83293474,  7.07362461, -0.65100127,
         -6.81362438,  7.32811928, -5.78584766, -0.96728057, -6.56877422,
         -3.54848838, -5.73631716, -1.86289263, -6.62014198, -0.05857481,
         -3.45623899, -3.21646738, -4.84666204, -5.46038580, -3.27252960,
         -8.75775051]])
Split layers:
Nonlinear functions:
   BoundRelu(name=/15, inputs=[/input], perturbed=True)
   BoundRelu(name=/17, inputs=[/input-3], perturbed=True)
build batch [1/1]
initial crown bounds (first 10 items): [8.813183784484863, 13.217805862426758, 12.506171226501465, 10.638571739196777, 13.351434707641602, 14.00358772277832, 14.007475852966309, 8.037757873535156, 0.02326234057545662, 7.182013988494873]
Global lower bound: 0.02326234057545662
verified with init bound!
Result: safe-incomplete in 0.1696 seconds

 %%%%%%%%%%%%%%%%%%%%%%%%%%%%%%%%%%% idx: 114, vnnlib ID: 114 %%%%%%%%%%%%%%%%%%%%%%%%%%%%%%%%%%%
Using onnx models/emnist_fc.onnx
Using vnnlib specs/sample_8804_l.vnnlib
784 inputs and 26 outputs in vnnlib
Loading onnx /home/master2/Desktop/saehee/XAI/Assignment_04/emnist_abcrown/models/emnist_fc.onnx with quirks {}
Finished onnx model loading in 0.0026 seconds
Finished vnnlib processing in 0.000337 seconds
Attack parameters: initialization=uniform, steps=100, restarts=5, alpha=0.002500012516975403, GAMA=False
PGD attack margin (first 2 examples and 10 specs):
 tensor([[16.98609161, 17.39399338, 11.89621925, 17.42090225, 13.95469666,
         11.39050293, 16.12447929, 11.40530205,  0.73522282, 10.78969669]])
Total number of violation:  0
Processing batch 1/1...
PGD attack margin (first 2 examples and 10 specs):
 tensor([[15.70055771, 16.07875633, 10.99020100, 16.27457428, 12.81727123,
         10.30933952, 14.95572758, 10.36222458,  0.55079651,  9.97350121]])
Total number of violation:  0
Attack finished in 0.1069 seconds.
PGD attack failed
verified_status unknown
verified_success False
Model: BoundedModule(
  (/0): BoundInput(name=/0, inputs=[], perturbed=True)
  (/7): BoundParams(name=/7, inputs=[], perturbed=False)
  (/8): BoundParams(name=/8, inputs=[], perturbed=False)
  (/9): BoundParams(name=/9, inputs=[], perturbed=False)
  (/10): BoundParams(name=/10, inputs=[], perturbed=False)
  (/11): BoundParams(name=/11, inputs=[], perturbed=False)
  (/12): BoundParams(name=/12, inputs=[], perturbed=False)
  (/13): BoundFlatten(name=/13, inputs=[/0], perturbed=True)
  (/input): BoundLinear(name=/input, inputs=[/13, /7, /8], perturbed=True)
  (/15): BoundRelu(name=/15, inputs=[/input], perturbed=True)
  (/input-3): BoundLinear(name=/input-3, inputs=[/15, /9, /10], perturbed=True)
  (/17): BoundRelu(name=/17, inputs=[/input-3], perturbed=True)
  (/18): BoundLinear(name=/18, inputs=[/17, /11, /12], perturbed=True)
)
Original output in the first batch: tensor([[ -7.84025764,  -8.25975227,  -2.78585196,  -8.22245693,  -4.79803324,
          -2.25303030,  -6.92374897,  -2.28342915,   8.30317783,  -1.66854644,
          -5.36162138,   9.00579548, -14.13884926,  -6.58901644,  -8.70575714,
          -4.81801271,  -6.22592688,  -1.21687675,  -5.39254618,  -0.18299948,
          -3.41125822,  -0.36046612,  -7.56733990,  -4.35557318,  -1.25978911,
          -6.14294004]])
Split layers:
Nonlinear functions:
   BoundRelu(name=/15, inputs=[/input], perturbed=True)
   BoundRelu(name=/17, inputs=[/input-3], perturbed=True)
build batch [1/1]
initial crown bounds (first 10 items): [15.460792541503906, 15.831192016601562, 10.847820281982422, 16.0863037109375, 12.627761840820312, 10.076977729797363, 14.708308219909668, 10.191717147827148, 0.4988419711589813, 9.772651672363281]
Global lower bound: 0.4988419711589813
verified with init bound!
Result: safe-incomplete in 0.1609 seconds

 %%%%%%%%%%%%%%%%%%%%%%%%%%%%%%%%%%% idx: 115, vnnlib ID: 115 %%%%%%%%%%%%%%%%%%%%%%%%%%%%%%%%%%%
Using onnx models/emnist_fc.onnx
Using vnnlib specs/sample_8805_l.vnnlib
784 inputs and 26 outputs in vnnlib
Loading onnx /home/master2/Desktop/saehee/XAI/Assignment_04/emnist_abcrown/models/emnist_fc.onnx with quirks {}
Finished onnx model loading in 0.0029 seconds
Finished vnnlib processing in 0.000384 seconds
Attack parameters: initialization=uniform, steps=100, restarts=5, alpha=0.002500012516975403, GAMA=False
PGD attack margin (first 2 examples and 10 specs):
 tensor([[14.10352612, 11.58162689,  9.00090027, 10.86475563, 12.47114086,
         11.94724655, 16.03574753,  8.51488400,  1.47283220,  7.30811405]])
Total number of violation:  0
Processing batch 1/1...
PGD attack margin (first 2 examples and 10 specs):
 tensor([[12.72490406, 10.13793278,  8.29914284,  9.49716282, 11.36450958,
         10.70480537, 14.79375458,  7.31423950,  1.29656315,  6.55385590]])
Total number of violation:  0
Attack finished in 0.1056 seconds.
PGD attack failed
verified_status unknown
verified_success False
Model: BoundedModule(
  (/0): BoundInput(name=/0, inputs=[], perturbed=True)
  (/7): BoundParams(name=/7, inputs=[], perturbed=False)
  (/8): BoundParams(name=/8, inputs=[], perturbed=False)
  (/9): BoundParams(name=/9, inputs=[], perturbed=False)
  (/10): BoundParams(name=/10, inputs=[], perturbed=False)
  (/11): BoundParams(name=/11, inputs=[], perturbed=False)
  (/12): BoundParams(name=/12, inputs=[], perturbed=False)
  (/13): BoundFlatten(name=/13, inputs=[/0], perturbed=True)
  (/input): BoundLinear(name=/input, inputs=[/13, /7, /8], perturbed=True)
  (/15): BoundRelu(name=/15, inputs=[/input], perturbed=True)
  (/input-3): BoundLinear(name=/input-3, inputs=[/15, /9, /10], perturbed=True)
  (/17): BoundRelu(name=/17, inputs=[/input-3], perturbed=True)
  (/18): BoundLinear(name=/18, inputs=[/17, /11, /12], perturbed=True)
)
Original output in the first batch: tensor([[ -7.86884785,  -5.37581301,  -2.84325314,  -4.65968227,  -6.32976866,
          -5.70785046,  -9.82742786,  -2.35230851,   4.64524364,  -1.13128114,
          -1.85409236,   6.09572697,  -7.25054073,  -3.32974529, -10.76215935,
          -5.94088268,  -5.84944487,  -1.90724802,  -5.51680994,   0.60578692,
          -2.57641077,  -2.04834127,  -4.52130175,  -2.76003742,  -2.52758765,
          -8.07938004]])
Split layers:
Nonlinear functions:
   BoundRelu(name=/15, inputs=[/input], perturbed=True)
   BoundRelu(name=/17, inputs=[/input-3], perturbed=True)
build batch [1/1]
initial crown bounds (first 10 items): [12.268159866333008, 9.751382827758789, 8.006551742553711, 9.04323673248291, 11.09592056274414, 10.163948059082031, 14.34884262084961, 7.074772357940674, 1.182271122932434, 6.156163215637207]
Global lower bound: 1.182271122932434
verified with init bound!
Result: safe-incomplete in 0.1613 seconds

 %%%%%%%%%%%%%%%%%%%%%%%%%%%%%%%%%%% idx: 116, vnnlib ID: 116 %%%%%%%%%%%%%%%%%%%%%%%%%%%%%%%%%%%
Using onnx models/emnist_fc.onnx
Using vnnlib specs/sample_8806_l.vnnlib
784 inputs and 26 outputs in vnnlib
Loading onnx /home/master2/Desktop/saehee/XAI/Assignment_04/emnist_abcrown/models/emnist_fc.onnx with quirks {}
Finished onnx model loading in 0.0028 seconds
Finished vnnlib processing in 0.000363 seconds
Attack parameters: initialization=uniform, steps=100, restarts=5, alpha=0.0025000013411045074, GAMA=False
PGD attack margin (first 2 examples and 10 specs):
 tensor([[16.77795219, 12.05347252,  8.69368744, 13.61425018, 13.71124935,
         10.95062447, 16.63406372, 10.57251930,  2.10784101,  7.06733465]])
Total number of violation:  0
Processing batch 1/1...
PGD attack margin (first 2 examples and 10 specs):
 tensor([[15.00823212, 10.19901657,  7.93888950, 12.07257843, 12.45629501,
          9.61767197, 15.12305260,  9.19487858,  1.94199944,  6.30018997]])
Total number of violation:  0
Attack finished in 0.1052 seconds.
PGD attack failed
verified_status unknown
verified_success False
Model: BoundedModule(
  (/0): BoundInput(name=/0, inputs=[], perturbed=True)
  (/7): BoundParams(name=/7, inputs=[], perturbed=False)
  (/8): BoundParams(name=/8, inputs=[], perturbed=False)
  (/9): BoundParams(name=/9, inputs=[], perturbed=False)
  (/10): BoundParams(name=/10, inputs=[], perturbed=False)
  (/11): BoundParams(name=/11, inputs=[], perturbed=False)
  (/12): BoundParams(name=/12, inputs=[], perturbed=False)
  (/13): BoundFlatten(name=/13, inputs=[/0], perturbed=True)
  (/input): BoundLinear(name=/input, inputs=[/13, /7, /8], perturbed=True)
  (/15): BoundRelu(name=/15, inputs=[/input], perturbed=True)
  (/input-3): BoundLinear(name=/input-3, inputs=[/15, /9, /10], perturbed=True)
  (/17): BoundRelu(name=/17, inputs=[/input-3], perturbed=True)
  (/18): BoundLinear(name=/18, inputs=[/17, /11, /12], perturbed=True)
)
Original output in the first batch: tensor([[ -9.17635727,  -4.41935205,  -1.24650681,  -6.04269409,  -6.16737366,
          -3.44443607,  -9.10332012,  -3.06056905,   5.25178480,   0.32388538,
          -4.00771189,   7.31846809, -10.66850090,  -6.63058138,  -9.60576248,
          -5.66378689,  -3.38524222,  -3.04377270,  -5.08786249,   1.73009312,
          -3.87836862,  -3.92217541,  -6.06346750,  -4.85479355,  -3.39346910,
          -5.87320280]])
Split layers:
Nonlinear functions:
   BoundRelu(name=/15, inputs=[/input], perturbed=True)
   BoundRelu(name=/17, inputs=[/input-3], perturbed=True)
build batch [1/1]
initial crown bounds (first 10 items): [14.810476303100586, 10.004164695739746, 7.75156831741333, 11.787328720092773, 12.2537260055542, 9.345703125, 14.90467643737793, 8.901533126831055, 1.8061802387237549, 5.978821754455566]
Global lower bound: 1.8061802387237549
verified with init bound!
Result: safe-incomplete in 0.1599 seconds

 %%%%%%%%%%%%%%%%%%%%%%%%%%%%%%%%%%% idx: 117, vnnlib ID: 117 %%%%%%%%%%%%%%%%%%%%%%%%%%%%%%%%%%%
Using onnx models/emnist_fc.onnx
Using vnnlib specs/sample_8807_l.vnnlib
784 inputs and 26 outputs in vnnlib
Loading onnx /home/master2/Desktop/saehee/XAI/Assignment_04/emnist_abcrown/models/emnist_fc.onnx with quirks {}
Finished onnx model loading in 0.0027 seconds
Finished vnnlib processing in 0.000346 seconds
Attack parameters: initialization=uniform, steps=100, restarts=5, alpha=0.002500012516975403, GAMA=False
PGD attack margin (first 2 examples and 10 specs):
 tensor([[13.20953083, 16.10973358,  8.67262268, 14.39536285, 12.71727467,
         13.35970688, 18.96876907, 10.08618355, -0.41033840,  8.43985748]])
Total number of violation:  1
Clean input adversarial, attack skipped.

Checking and Saving Counterexample in check_and_save_cex

verified_status unsafe-pgd
verified_success True
Result: unsafe-pgd in 0.0322 seconds

 %%%%%%%%%%%%%%%%%%%%%%%%%%%%%%%%%%% idx: 118, vnnlib ID: 118 %%%%%%%%%%%%%%%%%%%%%%%%%%%%%%%%%%%
Using onnx models/emnist_fc.onnx
Using vnnlib specs/sample_8808_l.vnnlib
784 inputs and 26 outputs in vnnlib
Loading onnx /home/master2/Desktop/saehee/XAI/Assignment_04/emnist_abcrown/models/emnist_fc.onnx with quirks {}
Finished onnx model loading in 0.0028 seconds
Finished vnnlib processing in 0.000378 seconds
Attack parameters: initialization=uniform, steps=100, restarts=5, alpha=0.0025000013411045074, GAMA=False
PGD attack margin (first 2 examples and 10 specs):
 tensor([[12.90595627, 13.95971775, 11.78147793, 15.32867432, 13.17122173,
         11.76449871, 15.15278816,  7.10709953,  1.16768408,  8.85312557]])
Total number of violation:  0
Processing batch 1/1...
PGD attack margin (first 2 examples and 10 specs):
 tensor([[11.53038406, 12.40858459, 10.94138908, 14.12683487, 12.08376503,
         10.54097176, 14.05764198,  5.99147415,  0.88855743,  8.10287094]])
Total number of violation:  0
Attack finished in 0.1073 seconds.
PGD attack failed
verified_status unknown
verified_success False
Model: BoundedModule(
  (/0): BoundInput(name=/0, inputs=[], perturbed=True)
  (/7): BoundParams(name=/7, inputs=[], perturbed=False)
  (/8): BoundParams(name=/8, inputs=[], perturbed=False)
  (/9): BoundParams(name=/9, inputs=[], perturbed=False)
  (/10): BoundParams(name=/10, inputs=[], perturbed=False)
  (/11): BoundParams(name=/11, inputs=[], perturbed=False)
  (/12): BoundParams(name=/12, inputs=[], perturbed=False)
  (/13): BoundFlatten(name=/13, inputs=[/0], perturbed=True)
  (/input): BoundLinear(name=/input, inputs=[/13, /7, /8], perturbed=True)
  (/15): BoundRelu(name=/15, inputs=[/input], perturbed=True)
  (/input-3): BoundLinear(name=/input-3, inputs=[/15, /9, /10], perturbed=True)
  (/17): BoundRelu(name=/17, inputs=[/input-3], perturbed=True)
  (/18): BoundLinear(name=/18, inputs=[/17, /11, /12], perturbed=True)
)
Original output in the first batch: tensor([[-5.82503510, -6.92584467, -4.80441427, -8.25793934, -6.13233662,
         -4.74314404, -8.10908127, -0.14155167,  5.73754644, -1.91027832,
         -3.06533098,  6.85895634, -7.72968483, -2.34012127, -7.34262848,
         -4.66869164, -5.08894730, -2.05467463, -7.19010019,  1.05152619,
         -2.86703587,  0.28620595, -5.40401506, -4.91313982, -1.98281336,
         -7.74346828]])
Split layers:
Nonlinear functions:
   BoundRelu(name=/15, inputs=[/input], perturbed=True)
   BoundRelu(name=/17, inputs=[/input-3], perturbed=True)
build batch [1/1]
initial crown bounds (first 10 items): [11.165023803710938, 11.887585639953613, 10.62807846069336, 13.555776596069336, 11.657655715942383, 10.005879402160645, 13.647849082946777, 5.609722137451172, 0.8006110191345215, 7.790709972381592]
Global lower bound: 0.8006110191345215
verified with init bound!
Result: safe-incomplete in 0.2205 seconds

 %%%%%%%%%%%%%%%%%%%%%%%%%%%%%%%%%%% idx: 119, vnnlib ID: 119 %%%%%%%%%%%%%%%%%%%%%%%%%%%%%%%%%%%
Using onnx models/emnist_fc.onnx
Using vnnlib specs/sample_8809_l.vnnlib
784 inputs and 26 outputs in vnnlib
Loading onnx /home/master2/Desktop/saehee/XAI/Assignment_04/emnist_abcrown/models/emnist_fc.onnx with quirks {}
Finished onnx model loading in 0.0028 seconds
Finished vnnlib processing in 0.000381 seconds
Attack parameters: initialization=uniform, steps=100, restarts=5, alpha=0.002500012516975403, GAMA=False
PGD attack margin (first 2 examples and 10 specs):
 tensor([[11.76544189, 14.48397541, 10.85790443, 14.04955387, 10.20036888,
         12.15175056, 16.26539040,  9.88355064, -0.57467842,  8.70183372]])
Total number of violation:  1
Clean input adversarial, attack skipped.

Checking and Saving Counterexample in check_and_save_cex

verified_status unsafe-pgd
verified_success True
Result: unsafe-pgd in 0.0320 seconds

 %%%%%%%%%%%%%%%%%%%%%%%%%%%%%%%%%%% idx: 120, vnnlib ID: 120 %%%%%%%%%%%%%%%%%%%%%%%%%%%%%%%%%%%
Using onnx models/emnist_fc.onnx
Using vnnlib specs/sample_9600_m.vnnlib
Precompiled vnnlib file found at /home/master2/Desktop/saehee/XAI/Assignment_04/emnist_abcrown/specs/sample_9600_m.vnnlib.compiled
Loading onnx /home/master2/Desktop/saehee/XAI/Assignment_04/emnist_abcrown/models/emnist_fc.onnx with quirks {}
Finished onnx model loading in 0.0025 seconds
Finished vnnlib processing in 0.000314 seconds
Attack parameters: initialization=uniform, steps=100, restarts=5, alpha=0.0025000013411045074, GAMA=False
PGD attack margin (first 2 examples and 10 specs):
 tensor([[13.57542324, 25.25881386, 22.08929253, 24.05391693, 19.53907013,
         26.34916687, 22.05403137, 19.02987099, 22.91610909, 26.58394432]])
Total number of violation:  0
Processing batch 1/1...
PGD attack margin (first 2 examples and 10 specs):
 tensor([[12.58865547, 24.18405533, 20.55900383, 22.75252533, 18.17366028,
         24.74882126, 20.90917206, 18.29104805, 21.61246490, 24.93360329]])
Total number of violation:  0
Attack finished in 0.1073 seconds.
PGD attack failed
verified_status unknown
verified_success False
Model: BoundedModule(
  (/0): BoundInput(name=/0, inputs=[], perturbed=True)
  (/7): BoundParams(name=/7, inputs=[], perturbed=False)
  (/8): BoundParams(name=/8, inputs=[], perturbed=False)
  (/9): BoundParams(name=/9, inputs=[], perturbed=False)
  (/10): BoundParams(name=/10, inputs=[], perturbed=False)
  (/11): BoundParams(name=/11, inputs=[], perturbed=False)
  (/12): BoundParams(name=/12, inputs=[], perturbed=False)
  (/13): BoundFlatten(name=/13, inputs=[/0], perturbed=True)
  (/input): BoundLinear(name=/input, inputs=[/13, /7, /8], perturbed=True)
  (/15): BoundRelu(name=/15, inputs=[/input], perturbed=True)
  (/input-3): BoundLinear(name=/input-3, inputs=[/15, /9, /10], perturbed=True)
  (/17): BoundRelu(name=/17, inputs=[/input-3], perturbed=True)
  (/18): BoundLinear(name=/18, inputs=[/17, /11, /12], perturbed=True)
)
Original output in the first batch: tensor([[  1.63227034, -10.03020477,  -6.91302347,  -8.85317898,  -4.39506865,
         -11.16796398,  -6.82760668,  -3.86384225,  -7.83925104, -11.44361782,
          -3.68142128,  -8.46224785,  15.13064480,   4.97527742,  -2.11350346,
          -4.11007595,  -6.00793123,   1.84741580,  -6.50364542,  -7.61178160,
          -3.66249871,  -0.66775149,   0.30567330,  -4.62193727,  -6.42995691,
         -11.50640392]])
Split layers:
Nonlinear functions:
   BoundRelu(name=/15, inputs=[/input], perturbed=True)
   BoundRelu(name=/17, inputs=[/input-3], perturbed=True)
build batch [1/1]
initial crown bounds (first 10 items): [12.426218032836914, 23.9383487701416, 20.279205322265625, 22.49884033203125, 17.78399085998535, 24.51529312133789, 20.687419891357422, 18.13926124572754, 21.262508392333984, 24.722984313964844]
Global lower bound: 9.035623550415039
verified with init bound!
Result: safe-incomplete in 0.1386 seconds

 %%%%%%%%%%%%%%%%%%%%%%%%%%%%%%%%%%% idx: 121, vnnlib ID: 121 %%%%%%%%%%%%%%%%%%%%%%%%%%%%%%%%%%%
Using onnx models/emnist_fc.onnx
Using vnnlib specs/sample_9601_m.vnnlib
784 inputs and 26 outputs in vnnlib
Loading onnx /home/master2/Desktop/saehee/XAI/Assignment_04/emnist_abcrown/models/emnist_fc.onnx with quirks {}
Finished onnx model loading in 0.0026 seconds
Finished vnnlib processing in 0.000352 seconds
Attack parameters: initialization=uniform, steps=100, restarts=5, alpha=0.002500012516975403, GAMA=False
PGD attack margin (first 2 examples and 10 specs):
 tensor([[ 9.65237141, 11.51049614,  9.64123344, 13.84906578, 11.00454330,
         13.71015930, 13.93047905,  8.50796604, 10.33838367, 10.48369598]])
Total number of violation:  0
Processing batch 1/1...
PGD attack margin (first 2 examples and 10 specs):
 tensor([[ 8.39969254, 10.37454987,  8.10291386, 12.25970268,  9.38086605,
         11.77050018, 12.66488457,  7.57175827,  8.82633781,  8.71493244]])
Total number of violation:  0
Attack finished in 0.1189 seconds.
PGD attack failed
verified_status unknown
verified_success False
Model: BoundedModule(
  (/0): BoundInput(name=/0, inputs=[], perturbed=True)
  (/7): BoundParams(name=/7, inputs=[], perturbed=False)
  (/8): BoundParams(name=/8, inputs=[], perturbed=False)
  (/9): BoundParams(name=/9, inputs=[], perturbed=False)
  (/10): BoundParams(name=/10, inputs=[], perturbed=False)
  (/11): BoundParams(name=/11, inputs=[], perturbed=False)
  (/12): BoundParams(name=/12, inputs=[], perturbed=False)
  (/13): BoundFlatten(name=/13, inputs=[/0], perturbed=True)
  (/input): BoundLinear(name=/input, inputs=[/13, /7, /8], perturbed=True)
  (/15): BoundRelu(name=/15, inputs=[/input], perturbed=True)
  (/input-3): BoundLinear(name=/input-3, inputs=[/15, /9, /10], perturbed=True)
  (/17): BoundRelu(name=/17, inputs=[/input-3], perturbed=True)
  (/18): BoundLinear(name=/18, inputs=[/17, /11, /12], perturbed=True)
)
Original output in the first batch: tensor([[ -3.69352770,  -5.65083933,  -3.76413298,  -7.98582745,  -5.16716719,
          -7.76442146,  -7.97509432,  -2.62109041,  -4.52566957,  -4.60185909,
          -4.79675913,  -6.80331230,   5.84452724,   0.12416214,  -9.24086285,
          -6.96685886, -12.89272690,  -0.85283870,  -5.92710018,  -0.80513525,
          -1.55811644,  -3.11575127,  -2.15175414,  -4.65103245,  -5.93593550,
          -6.86229467]])
Split layers:
Nonlinear functions:
   BoundRelu(name=/15, inputs=[/input], perturbed=True)
   BoundRelu(name=/17, inputs=[/input-3], perturbed=True)
build batch [1/1]
initial crown bounds (first 10 items): [8.296945571899414, 10.231983184814453, 7.9497222900390625, 12.135204315185547, 9.228568077087402, 11.628469467163086, 12.523917198181152, 7.45272970199585, 8.654784202575684, 8.532712936401367]
Global lower bound: 4.5823564529418945
verified with init bound!
Result: safe-incomplete in 0.1764 seconds

 %%%%%%%%%%%%%%%%%%%%%%%%%%%%%%%%%%% idx: 122, vnnlib ID: 122 %%%%%%%%%%%%%%%%%%%%%%%%%%%%%%%%%%%
Using onnx models/emnist_fc.onnx
Using vnnlib specs/sample_9602_m.vnnlib
784 inputs and 26 outputs in vnnlib
Loading onnx /home/master2/Desktop/saehee/XAI/Assignment_04/emnist_abcrown/models/emnist_fc.onnx with quirks {}
Finished onnx model loading in 0.0028 seconds
Finished vnnlib processing in 0.000342 seconds
Attack parameters: initialization=uniform, steps=100, restarts=5, alpha=0.0025000013411045074, GAMA=False
PGD attack margin (first 2 examples and 10 specs):
 tensor([[19.80655670, 26.57537842, 34.04309082, 29.10740662, 34.03909302,
         39.57605743, 27.62494659, 21.59415054, 29.09838867, 32.45296860]])
Total number of violation:  0
Processing batch 1/1...
PGD attack margin (first 2 examples and 10 specs):
 tensor([[18.65102196, 25.82265854, 32.64004517, 27.97791481, 32.85163498,
         38.37245941, 26.58847237, 20.90858650, 28.02079010, 30.97034454]])
Total number of violation:  0
Attack finished in 0.1178 seconds.
PGD attack failed
verified_status unknown
verified_success False
Model: BoundedModule(
  (/0): BoundInput(name=/0, inputs=[], perturbed=True)
  (/7): BoundParams(name=/7, inputs=[], perturbed=False)
  (/8): BoundParams(name=/8, inputs=[], perturbed=False)
  (/9): BoundParams(name=/9, inputs=[], perturbed=False)
  (/10): BoundParams(name=/10, inputs=[], perturbed=False)
  (/11): BoundParams(name=/11, inputs=[], perturbed=False)
  (/12): BoundParams(name=/12, inputs=[], perturbed=False)
  (/13): BoundFlatten(name=/13, inputs=[/0], perturbed=True)
  (/input): BoundLinear(name=/input, inputs=[/13, /7, /8], perturbed=True)
  (/15): BoundRelu(name=/15, inputs=[/input], perturbed=True)
  (/input-3): BoundLinear(name=/input-3, inputs=[/15, /9, /10], perturbed=True)
  (/17): BoundRelu(name=/17, inputs=[/input-3], perturbed=True)
  (/18): BoundLinear(name=/18, inputs=[/17, /11, /12], perturbed=True)
)
Original output in the first batch: tensor([[  0.82936478,  -6.00288343, -13.43171215,  -8.53764153, -13.53179836,
         -18.99473190,  -6.97585583,  -1.06932247,  -8.56460857, -11.83637142,
          -6.69927597, -10.87306118,  20.51652336,   8.91121674,  -4.76620770,
          -8.40883350,  -5.13726807,   1.53468049, -10.12584400, -11.57358551,
          -4.52479553,  -2.51043868,  -0.24426311,  -4.64960480,  -6.34008408,
         -12.71691322]])
Split layers:
Nonlinear functions:
   BoundRelu(name=/15, inputs=[/input], perturbed=True)
   BoundRelu(name=/17, inputs=[/input-3], perturbed=True)
build batch [1/1]
initial crown bounds (first 10 items): [18.348575592041016, 25.53976821899414, 32.28696823120117, 27.569095611572266, 32.43436813354492, 37.972137451171875, 26.27364730834961, 20.64822769165039, 27.74595069885254, 30.628978729248047]
Global lower bound: 10.877042770385742
verified with init bound!
Result: safe-incomplete in 0.1711 seconds

 %%%%%%%%%%%%%%%%%%%%%%%%%%%%%%%%%%% idx: 123, vnnlib ID: 123 %%%%%%%%%%%%%%%%%%%%%%%%%%%%%%%%%%%
Using onnx models/emnist_fc.onnx
Using vnnlib specs/sample_9603_m.vnnlib
784 inputs and 26 outputs in vnnlib
Loading onnx /home/master2/Desktop/saehee/XAI/Assignment_04/emnist_abcrown/models/emnist_fc.onnx with quirks {}
Finished onnx model loading in 0.0025 seconds
Finished vnnlib processing in 0.000329 seconds
Attack parameters: initialization=uniform, steps=100, restarts=5, alpha=0.0025000013411045074, GAMA=False
PGD attack margin (first 2 examples and 10 specs):
 tensor([[10.92409897, 27.59910202, 26.88134384, 23.69567490, 26.24737549,
         35.11476898, 20.15232658, 18.92750931, 24.74409676, 31.53820419]])
Total number of violation:  0
Processing batch 1/1...
PGD attack margin (first 2 examples and 10 specs):
 tensor([[10.06103516, 26.74459648, 25.97228241, 22.81938553, 25.39745331,
         34.15769958, 19.35504532, 18.28192139, 24.02218437, 30.56644249]])
Total number of violation:  0
Attack finished in 0.1248 seconds.
PGD attack failed
verified_status unknown
verified_success False
Model: BoundedModule(
  (/0): BoundInput(name=/0, inputs=[], perturbed=True)
  (/7): BoundParams(name=/7, inputs=[], perturbed=False)
  (/8): BoundParams(name=/8, inputs=[], perturbed=False)
  (/9): BoundParams(name=/9, inputs=[], perturbed=False)
  (/10): BoundParams(name=/10, inputs=[], perturbed=False)
  (/11): BoundParams(name=/11, inputs=[], perturbed=False)
  (/12): BoundParams(name=/12, inputs=[], perturbed=False)
  (/13): BoundFlatten(name=/13, inputs=[/0], perturbed=True)
  (/input): BoundLinear(name=/input, inputs=[/13, /7, /8], perturbed=True)
  (/15): BoundRelu(name=/15, inputs=[/input], perturbed=True)
  (/input-3): BoundLinear(name=/input-3, inputs=[/15, /9, /10], perturbed=True)
  (/17): BoundRelu(name=/17, inputs=[/input-3], perturbed=True)
  (/18): BoundLinear(name=/18, inputs=[/17, /11, /12], perturbed=True)
)
Original output in the first batch: tensor([[  4.19209290, -12.53454018, -11.77869225,  -8.56994343, -11.23108196,
         -20.07781029,  -5.03440237,  -3.92423153,  -9.72009373, -16.41821289,
          -3.16235423, -11.53392601,  15.08196068,   8.79728794,  -7.30310059,
          -9.87197399,  -3.56427050,   1.14663243, -12.78686047,  -9.78900146,
          -6.51459312, -10.80382538,  -6.81499434,   0.78260845,  -6.34583044,
          -9.16983700]])
Split layers:
Nonlinear functions:
   BoundRelu(name=/15, inputs=[/input], perturbed=True)
   BoundRelu(name=/17, inputs=[/input-3], perturbed=True)
build batch [1/1]
initial crown bounds (first 10 items): [9.965989112854004, 26.657981872558594, 25.91282844543457, 22.673927307128906, 25.28978157043457, 34.01633834838867, 19.21291160583496, 18.203290939331055, 23.950759887695312, 30.400096893310547]
Global lower bound: 5.696102619171143
verified with init bound!
Result: safe-incomplete in 0.1757 seconds

 %%%%%%%%%%%%%%%%%%%%%%%%%%%%%%%%%%% idx: 124, vnnlib ID: 124 %%%%%%%%%%%%%%%%%%%%%%%%%%%%%%%%%%%
Using onnx models/emnist_fc.onnx
Using vnnlib specs/sample_9604_m.vnnlib
784 inputs and 26 outputs in vnnlib
Loading onnx /home/master2/Desktop/saehee/XAI/Assignment_04/emnist_abcrown/models/emnist_fc.onnx with quirks {}
Finished onnx model loading in 0.0026 seconds
Finished vnnlib processing in 0.000353 seconds
Attack parameters: initialization=uniform, steps=100, restarts=5, alpha=0.0025000013411045074, GAMA=False
PGD attack margin (first 2 examples and 10 specs):
 tensor([[14.35099220,  9.58718109, 22.08221817, 17.52104759, 18.19434738,
         30.82350540, 17.45166397,  8.37394810, 15.83535767, 22.37209129]])
Total number of violation:  0
Processing batch 1/1...
PGD attack margin (first 2 examples and 10 specs):
 tensor([[13.27454567,  8.78772926, 21.13183212, 16.38292313, 17.13875961,
         29.46387863, 16.54147911,  7.53788614, 14.85422516, 21.14376068]])
Total number of violation:  0
Attack finished in 0.1282 seconds.
PGD attack failed
verified_status unknown
verified_success False
Model: BoundedModule(
  (/0): BoundInput(name=/0, inputs=[], perturbed=True)
  (/7): BoundParams(name=/7, inputs=[], perturbed=False)
  (/8): BoundParams(name=/8, inputs=[], perturbed=False)
  (/9): BoundParams(name=/9, inputs=[], perturbed=False)
  (/10): BoundParams(name=/10, inputs=[], perturbed=False)
  (/11): BoundParams(name=/11, inputs=[], perturbed=False)
  (/12): BoundParams(name=/12, inputs=[], perturbed=False)
  (/13): BoundFlatten(name=/13, inputs=[/0], perturbed=True)
  (/input): BoundLinear(name=/input, inputs=[/13, /7, /8], perturbed=True)
  (/15): BoundRelu(name=/15, inputs=[/input], perturbed=True)
  (/input-3): BoundLinear(name=/input-3, inputs=[/15, /9, /10], perturbed=True)
  (/17): BoundRelu(name=/17, inputs=[/input-3], perturbed=True)
  (/18): BoundLinear(name=/18, inputs=[/17, /11, /12], perturbed=True)
)
Original output in the first batch: tensor([[ -4.53647327,   0.20364824, -12.33230495,  -7.77562523,  -8.44262600,
         -21.06478882,  -7.67923784,   1.44730532,  -6.09153748, -12.61342049,
           0.61374694,  -3.88468742,   9.73393917,   3.82701159, -13.93100166,
         -13.40701389,  -4.17278624,  -1.67407119, -12.02594662,  -9.32551956,
           5.70450687,  -3.93071532,   7.78405237,  -0.17228428,  -5.51215744,
          -8.89688206]])
Split layers:
Nonlinear functions:
   BoundRelu(name=/15, inputs=[/input], perturbed=True)
   BoundRelu(name=/17, inputs=[/input-3], perturbed=True)
build batch [1/1]
initial crown bounds (first 10 items): [13.082427024841309, 8.673145294189453, 20.97960090637207, 16.186582565307617, 16.979022979736328, 29.269756317138672, 16.370525360107422, 7.45651388168335, 14.7528076171875, 20.98505401611328]
Global lower bound: 0.871765673160553
verified with init bound!
Result: safe-incomplete in 0.2405 seconds

 %%%%%%%%%%%%%%%%%%%%%%%%%%%%%%%%%%% idx: 125, vnnlib ID: 125 %%%%%%%%%%%%%%%%%%%%%%%%%%%%%%%%%%%
Using onnx models/emnist_fc.onnx
Using vnnlib specs/sample_9605_m.vnnlib
784 inputs and 26 outputs in vnnlib
Loading onnx /home/master2/Desktop/saehee/XAI/Assignment_04/emnist_abcrown/models/emnist_fc.onnx with quirks {}
Finished onnx model loading in 0.0026 seconds
Finished vnnlib processing in 0.000324 seconds
Attack parameters: initialization=uniform, steps=100, restarts=5, alpha=0.0025000013411045074, GAMA=False
PGD attack margin (first 2 examples and 10 specs):
 tensor([[20.59083748, 26.46586609, 33.09442902, 23.53341293, 30.85014153,
         33.50453186, 31.17485428, 25.15573120, 31.63065338, 33.16588211]])
Total number of violation:  0
Processing batch 1/1...
PGD attack margin (first 2 examples and 10 specs):
 tensor([[19.87283134, 25.65071487, 32.11764526, 22.54017067, 29.94893074,
         32.21228790, 30.28729630, 24.57563400, 30.61626244, 31.83004189]])
Total number of violation:  0
Attack finished in 0.1131 seconds.
PGD attack failed
verified_status unknown
verified_success False
Model: BoundedModule(
  (/0): BoundInput(name=/0, inputs=[], perturbed=True)
  (/7): BoundParams(name=/7, inputs=[], perturbed=False)
  (/8): BoundParams(name=/8, inputs=[], perturbed=False)
  (/9): BoundParams(name=/9, inputs=[], perturbed=False)
  (/10): BoundParams(name=/10, inputs=[], perturbed=False)
  (/11): BoundParams(name=/11, inputs=[], perturbed=False)
  (/12): BoundParams(name=/12, inputs=[], perturbed=False)
  (/13): BoundFlatten(name=/13, inputs=[/0], perturbed=True)
  (/input): BoundLinear(name=/input, inputs=[/13, /7, /8], perturbed=True)
  (/15): BoundRelu(name=/15, inputs=[/input], perturbed=True)
  (/input-3): BoundLinear(name=/input-3, inputs=[/15, /9, /10], perturbed=True)
  (/17): BoundRelu(name=/17, inputs=[/input-3], perturbed=True)
  (/18): BoundLinear(name=/18, inputs=[/17, /11, /12], perturbed=True)
)
Original output in the first batch: tensor([[  0.82987249,  -5.01099157, -11.71785069,  -2.09908986,  -9.48042202,
         -12.10268879,  -9.68663692,  -3.69821858, -10.24339390, -11.80158234,
          -9.98090363, -12.46864986,  21.50143051,   9.19186783,   1.17417455,
          -6.46048880,  -7.74029589,   0.37764090,  -6.01276159,  -8.86537361,
          -7.72026634,  -0.87124115,   0.92235631,  -9.48212814,  -7.35037088,
         -17.67453003]])
Split layers:
Nonlinear functions:
   BoundRelu(name=/15, inputs=[/input], perturbed=True)
   BoundRelu(name=/17, inputs=[/input-3], perturbed=True)
build batch [1/1]
initial crown bounds (first 10 items): [19.51494789123535, 25.43470573425293, 31.825443267822266, 22.270015716552734, 29.713363647460938, 31.901880264282227, 29.93985366821289, 24.22633171081543, 30.266510009765625, 31.447710037231445]
Global lower bound: 11.308926582336426
verified with init bound!
Result: safe-incomplete in 0.1655 seconds

 %%%%%%%%%%%%%%%%%%%%%%%%%%%%%%%%%%% idx: 126, vnnlib ID: 126 %%%%%%%%%%%%%%%%%%%%%%%%%%%%%%%%%%%
Using onnx models/emnist_fc.onnx
Using vnnlib specs/sample_9606_m.vnnlib
784 inputs and 26 outputs in vnnlib
Loading onnx /home/master2/Desktop/saehee/XAI/Assignment_04/emnist_abcrown/models/emnist_fc.onnx with quirks {}
Finished onnx model loading in 0.0026 seconds
Finished vnnlib processing in 0.000335 seconds
Attack parameters: initialization=uniform, steps=100, restarts=5, alpha=0.0025000013411045074, GAMA=False
PGD attack margin (first 2 examples and 10 specs):
 tensor([[20.58262444, 21.36118317, 33.90336990, 30.02487183, 33.38768768,
         44.44588470, 27.20743179, 29.59129333, 32.28467941, 34.80565643]])
Total number of violation:  0
Processing batch 1/1...
PGD attack margin (first 2 examples and 10 specs):
 tensor([[19.70154572, 20.55901527, 32.76719666, 29.11512184, 32.57733917,
         43.40162659, 26.20827675, 28.88611221, 31.55456352, 33.67918396]])
Total number of violation:  0
Attack finished in 0.1047 seconds.
PGD attack failed
verified_status unknown
verified_success False
Model: BoundedModule(
  (/0): BoundInput(name=/0, inputs=[], perturbed=True)
  (/7): BoundParams(name=/7, inputs=[], perturbed=False)
  (/8): BoundParams(name=/8, inputs=[], perturbed=False)
  (/9): BoundParams(name=/9, inputs=[], perturbed=False)
  (/10): BoundParams(name=/10, inputs=[], perturbed=False)
  (/11): BoundParams(name=/11, inputs=[], perturbed=False)
  (/12): BoundParams(name=/12, inputs=[], perturbed=False)
  (/13): BoundFlatten(name=/13, inputs=[/0], perturbed=True)
  (/input): BoundLinear(name=/input, inputs=[/13, /7, /8], perturbed=True)
  (/15): BoundRelu(name=/15, inputs=[/input], perturbed=True)
  (/input-3): BoundLinear(name=/input-3, inputs=[/15, /9, /10], perturbed=True)
  (/17): BoundRelu(name=/17, inputs=[/input-3], perturbed=True)
  (/18): BoundLinear(name=/18, inputs=[/17, /11, /12], perturbed=True)
)
Original output in the first batch: tensor([[  1.42360532,   0.58984101, -11.91431808,  -8.12864971, -11.51777363,
         -22.56259155,  -5.18574286,  -7.67623949, -10.41898632, -12.82984638,
          -5.68993044, -13.60793114,  21.88783455,   6.81191778,  -3.79885149,
         -11.07636929,  -2.01722574,   1.87541580,  -9.74154472, -14.22729683,
          -5.41600895,  -6.63301849,  -1.67968726,  -6.79634857,  -9.76848698,
         -13.17059326]])
Split layers:
Nonlinear functions:
   BoundRelu(name=/15, inputs=[/input], perturbed=True)
   BoundRelu(name=/17, inputs=[/input-3], perturbed=True)
build batch [1/1]
initial crown bounds (first 10 items): [19.41604995727539, 20.3354549407959, 32.447853088378906, 28.776103973388672, 32.29502487182617, 43.1291618347168, 25.934574127197266, 28.672807693481445, 31.307100296020508, 33.407562255859375]
Global lower bound: 14.324811935424805
verified with init bound!
Result: safe-incomplete in 0.1566 seconds

 %%%%%%%%%%%%%%%%%%%%%%%%%%%%%%%%%%% idx: 127, vnnlib ID: 127 %%%%%%%%%%%%%%%%%%%%%%%%%%%%%%%%%%%
Using onnx models/emnist_fc.onnx
Using vnnlib specs/sample_9607_m.vnnlib
784 inputs and 26 outputs in vnnlib
Loading onnx /home/master2/Desktop/saehee/XAI/Assignment_04/emnist_abcrown/models/emnist_fc.onnx with quirks {}
Finished onnx model loading in 0.0028 seconds
Finished vnnlib processing in 0.000351 seconds
Attack parameters: initialization=uniform, steps=100, restarts=5, alpha=0.0025000013411045074, GAMA=False
PGD attack margin (first 2 examples and 10 specs):
 tensor([[19.22916985, 21.72436714, 32.15791321, 25.27541733, 26.76861000,
         37.79180145, 24.38639069, 23.12173653, 25.70718384, 35.52870178]])
Total number of violation:  0
Processing batch 1/1...
PGD attack margin (first 2 examples and 10 specs):
 tensor([[18.48633194, 20.97089195, 31.18891144, 24.36549950, 26.01871109,
         36.78184509, 23.47590446, 22.49175262, 24.80716515, 34.43740082]])
Total number of violation:  0
Attack finished in 0.1122 seconds.
PGD attack failed
verified_status unknown
verified_success False
Model: BoundedModule(
  (/0): BoundInput(name=/0, inputs=[], perturbed=True)
  (/7): BoundParams(name=/7, inputs=[], perturbed=False)
  (/8): BoundParams(name=/8, inputs=[], perturbed=False)
  (/9): BoundParams(name=/9, inputs=[], perturbed=False)
  (/10): BoundParams(name=/10, inputs=[], perturbed=False)
  (/11): BoundParams(name=/11, inputs=[], perturbed=False)
  (/12): BoundParams(name=/12, inputs=[], perturbed=False)
  (/13): BoundFlatten(name=/13, inputs=[/0], perturbed=True)
  (/input): BoundLinear(name=/input, inputs=[/13, /7, /8], perturbed=True)
  (/15): BoundRelu(name=/15, inputs=[/input], perturbed=True)
  (/input-3): BoundLinear(name=/input-3, inputs=[/15, /9, /10], perturbed=True)
  (/17): BoundRelu(name=/17, inputs=[/input-3], perturbed=True)
  (/18): BoundLinear(name=/18, inputs=[/17, /11, /12], perturbed=True)
)
Original output in the first batch: tensor([[ -1.47141504,  -3.96535110, -14.40790462,  -7.51142979,  -9.10263157,
         -20.17985535,  -6.59328747,  -5.38319492,  -7.95631886, -17.79151154,
           2.13416433,  -9.15846062,  17.78789902,   6.99457979, -11.17111969,
          -8.77214432,  -3.37632489,   0.77646911, -10.62859440, -12.20315361,
          -4.13405991,  -5.51788616,   0.54938287,   2.02736878,  -5.37590694,
         -12.67128944]])
Split layers:
Nonlinear functions:
   BoundRelu(name=/15, inputs=[/input], perturbed=True)
   BoundRelu(name=/17, inputs=[/input-3], perturbed=True)
build batch [1/1]
initial crown bounds (first 10 items): [18.38212776184082, 20.880977630615234, 31.142431259155273, 24.31581687927246, 25.931058883666992, 36.62486267089844, 23.386920928955078, 22.381914138793945, 24.776594161987305, 34.34535217285156]
Global lower bound: 10.113411903381348
verified with init bound!
Result: safe-incomplete in 0.1645 seconds

 %%%%%%%%%%%%%%%%%%%%%%%%%%%%%%%%%%% idx: 128, vnnlib ID: 128 %%%%%%%%%%%%%%%%%%%%%%%%%%%%%%%%%%%
Using onnx models/emnist_fc.onnx
Using vnnlib specs/sample_9608_m.vnnlib
784 inputs and 26 outputs in vnnlib
Loading onnx /home/master2/Desktop/saehee/XAI/Assignment_04/emnist_abcrown/models/emnist_fc.onnx with quirks {}
Finished onnx model loading in 0.0027 seconds
Finished vnnlib processing in 0.000359 seconds
Attack parameters: initialization=uniform, steps=100, restarts=5, alpha=0.002500012516975403, GAMA=False
PGD attack margin (first 2 examples and 10 specs):
 tensor([[32.60688782, 28.03909111, 40.35682297, 34.31304550, 38.28306961,
         55.25199890, 34.81983948, 20.95732689, 31.25317192, 48.23470306]])
Total number of violation:  0
Processing batch 1/1...
PGD attack margin (first 2 examples and 10 specs):
 tensor([[31.41846085, 26.94846725, 38.97463226, 33.25599670, 37.14307404,
         53.77045441, 33.56820679, 20.09579849, 30.27007866, 46.92318726]])
Total number of violation:  0
Attack finished in 0.1079 seconds.
PGD attack failed
verified_status unknown
verified_success False
Model: BoundedModule(
  (/0): BoundInput(name=/0, inputs=[], perturbed=True)
  (/7): BoundParams(name=/7, inputs=[], perturbed=False)
  (/8): BoundParams(name=/8, inputs=[], perturbed=False)
  (/9): BoundParams(name=/9, inputs=[], perturbed=False)
  (/10): BoundParams(name=/10, inputs=[], perturbed=False)
  (/11): BoundParams(name=/11, inputs=[], perturbed=False)
  (/12): BoundParams(name=/12, inputs=[], perturbed=False)
  (/13): BoundFlatten(name=/13, inputs=[/0], perturbed=True)
  (/input): BoundLinear(name=/input, inputs=[/13, /7, /8], perturbed=True)
  (/15): BoundRelu(name=/15, inputs=[/input], perturbed=True)
  (/input-3): BoundLinear(name=/input-3, inputs=[/15, /9, /10], perturbed=True)
  (/17): BoundRelu(name=/17, inputs=[/input-3], perturbed=True)
  (/18): BoundLinear(name=/18, inputs=[/17, /11, /12], perturbed=True)
)
Original output in the first batch: tensor([[ -9.48726654,  -4.91696501, -17.23015976, -11.20337009, -15.28019333,
         -32.17842102, -11.66660023,   2.08305216,  -8.24208927, -25.14410019,
          11.52058029,  -6.82329369,  22.98217201,  10.36135864, -21.92530823,
         -12.34630013, -10.74028683,   1.65514541, -19.18381691, -10.80906487,
           5.50402880,  -1.88293147,   3.32670283,   3.62679911,  -1.81872559,
         -16.87615585]])
Split layers:
Nonlinear functions:
   BoundRelu(name=/15, inputs=[/input], perturbed=True)
   BoundRelu(name=/17, inputs=[/input-3], perturbed=True)
build batch [1/1]
initial crown bounds (first 10 items): [31.18218994140625, 26.739892959594727, 38.772239685058594, 33.010643005371094, 36.9139289855957, 53.5485725402832, 33.355621337890625, 19.922426223754883, 30.10063934326172, 46.71391296386719]
Global lower bound: 10.547341346740723
verified with init bound!
Result: safe-incomplete in 0.1586 seconds

 %%%%%%%%%%%%%%%%%%%%%%%%%%%%%%%%%%% idx: 129, vnnlib ID: 129 %%%%%%%%%%%%%%%%%%%%%%%%%%%%%%%%%%%
Using onnx models/emnist_fc.onnx
Using vnnlib specs/sample_9609_m.vnnlib
784 inputs and 26 outputs in vnnlib
Loading onnx /home/master2/Desktop/saehee/XAI/Assignment_04/emnist_abcrown/models/emnist_fc.onnx with quirks {}
Finished onnx model loading in 0.0028 seconds
Finished vnnlib processing in 0.000401 seconds
Attack parameters: initialization=uniform, steps=100, restarts=5, alpha=0.0025000013411045074, GAMA=False
PGD attack margin (first 2 examples and 10 specs):
 tensor([[20.48650360, 35.82302475, 40.09464264, 35.74166107, 39.38186646,
         42.79589844, 27.36824989, 25.75787926, 38.31496048, 40.53629303]])
Total number of violation:  0
Processing batch 1/1...
PGD attack margin (first 2 examples and 10 specs):
 tensor([[19.81297874, 35.10609818, 39.33730698, 34.88119507, 38.66600037,
         41.92045593, 26.64719200, 25.18287086, 37.55048752, 39.72151184]])
Total number of violation:  0
Attack finished in 0.1224 seconds.
PGD attack failed
verified_status unknown
verified_success False
Model: BoundedModule(
  (/0): BoundInput(name=/0, inputs=[], perturbed=True)
  (/7): BoundParams(name=/7, inputs=[], perturbed=False)
  (/8): BoundParams(name=/8, inputs=[], perturbed=False)
  (/9): BoundParams(name=/9, inputs=[], perturbed=False)
  (/10): BoundParams(name=/10, inputs=[], perturbed=False)
  (/11): BoundParams(name=/11, inputs=[], perturbed=False)
  (/12): BoundParams(name=/12, inputs=[], perturbed=False)
  (/13): BoundFlatten(name=/13, inputs=[/0], perturbed=True)
  (/input): BoundLinear(name=/input, inputs=[/13, /7, /8], perturbed=True)
  (/15): BoundRelu(name=/15, inputs=[/input], perturbed=True)
  (/input-3): BoundLinear(name=/input-3, inputs=[/15, /9, /10], perturbed=True)
  (/17): BoundRelu(name=/17, inputs=[/input-3], perturbed=True)
  (/18): BoundLinear(name=/18, inputs=[/17, /11, /12], perturbed=True)
)
Original output in the first batch: tensor([[  3.88450575, -11.47881413, -15.71284389, -11.37595272, -15.03093052,
         -18.50295258,  -2.95990968,  -1.43797791, -13.95392227, -16.20310211,
          -6.15918350, -17.11417007,  24.45877075,  13.05529022,  -5.32450438,
          -9.16826153,  -4.19291019,   4.22149992,  -6.55548096, -16.34910393,
          -9.56668091,  -3.38225126,  -5.86273718,  -1.78365648,  -6.24013281,
         -16.20281410]])
Split layers:
Nonlinear functions:
   BoundRelu(name=/15, inputs=[/input], perturbed=True)
   BoundRelu(name=/17, inputs=[/input-3], perturbed=True)
build batch [1/1]
initial crown bounds (first 10 items): [19.59020233154297, 34.90305709838867, 39.10463333129883, 34.65038299560547, 38.479251861572266, 41.58895492553711, 26.438194274902344, 25.01717758178711, 37.40424346923828, 39.43821334838867]
Global lower bound: 10.608868598937988
verified with init bound!
Result: safe-incomplete in 0.2395 seconds

 %%%%%%%%%%%%%%%%%%%%%%%%%%%%%%%%%%% idx: 130, vnnlib ID: 130 %%%%%%%%%%%%%%%%%%%%%%%%%%%%%%%%%%%
Using onnx models/emnist_fc.onnx
Using vnnlib specs/sample_10400_n.vnnlib
Precompiled vnnlib file found at /home/master2/Desktop/saehee/XAI/Assignment_04/emnist_abcrown/specs/sample_10400_n.vnnlib.compiled
Loading onnx /home/master2/Desktop/saehee/XAI/Assignment_04/emnist_abcrown/models/emnist_fc.onnx with quirks {}
Finished onnx model loading in 0.0029 seconds
Finished vnnlib processing in 0.000337 seconds
Attack parameters: initialization=uniform, steps=100, restarts=5, alpha=0.002500012516975403, GAMA=False
PGD attack margin (first 2 examples and 10 specs):
 tensor([[15.27662182, 23.45901108, 19.67521477, 17.53810692, 22.85025597,
         24.42445374, 18.54735947, 21.84348488, 21.18711090, 26.50916672]])
Total number of violation:  0
Processing batch 1/1...
PGD attack margin (first 2 examples and 10 specs):
 tensor([[14.56954861, 22.27477455, 18.93196869, 16.77201271, 21.92927170,
         23.56895828, 17.84151649, 21.06209183, 20.72038651, 25.81167603]])
Total number of violation:  0
Attack finished in 0.1097 seconds.
PGD attack failed
verified_status unknown
verified_success False
Model: BoundedModule(
  (/0): BoundInput(name=/0, inputs=[], perturbed=True)
  (/7): BoundParams(name=/7, inputs=[], perturbed=False)
  (/8): BoundParams(name=/8, inputs=[], perturbed=False)
  (/9): BoundParams(name=/9, inputs=[], perturbed=False)
  (/10): BoundParams(name=/10, inputs=[], perturbed=False)
  (/11): BoundParams(name=/11, inputs=[], perturbed=False)
  (/12): BoundParams(name=/12, inputs=[], perturbed=False)
  (/13): BoundFlatten(name=/13, inputs=[/0], perturbed=True)
  (/input): BoundLinear(name=/input, inputs=[/13, /7, /8], perturbed=True)
  (/15): BoundRelu(name=/15, inputs=[/input], perturbed=True)
  (/input-3): BoundLinear(name=/input-3, inputs=[/15, /9, /10], perturbed=True)
  (/17): BoundRelu(name=/17, inputs=[/input-3], perturbed=True)
  (/18): BoundLinear(name=/18, inputs=[/17, /11, /12], perturbed=True)
)
Original output in the first batch: tensor([[ -0.19311798,  -8.28494358,  -4.59379196,  -2.42750072,  -7.74547338,
          -9.32983685,  -3.45181036,  -6.77045488,  -6.16999960, -11.47369194,
          -3.17773485,  -5.75416470,   3.27057385,  15.05819988,  -2.80652452,
          -2.15964246,  -3.88809729,   4.32946062,  -8.27603245, -10.90278149,
         -11.92958164,  -5.72962046,  -9.54738712,  -0.43805543,  -7.13509846,
          -7.69781971]])
Split layers:
Nonlinear functions:
   BoundRelu(name=/15, inputs=[/input], perturbed=True)
   BoundRelu(name=/17, inputs=[/input-3], perturbed=True)
build batch [1/1]
initial crown bounds (first 10 items): [14.428086280822754, 22.17828941345215, 18.836580276489258, 16.679140090942383, 21.817703247070312, 23.45269012451172, 17.745101928710938, 21.018558502197266, 20.672182083129883, 25.763587951660156]
Global lower bound: 10.233685493469238
verified with init bound!
Result: safe-incomplete in 0.1439 seconds

 %%%%%%%%%%%%%%%%%%%%%%%%%%%%%%%%%%% idx: 131, vnnlib ID: 131 %%%%%%%%%%%%%%%%%%%%%%%%%%%%%%%%%%%
Using onnx models/emnist_fc.onnx
Using vnnlib specs/sample_10401_n.vnnlib
784 inputs and 26 outputs in vnnlib
Loading onnx /home/master2/Desktop/saehee/XAI/Assignment_04/emnist_abcrown/models/emnist_fc.onnx with quirks {}
Finished onnx model loading in 0.0028 seconds
Finished vnnlib processing in 0.000343 seconds
Attack parameters: initialization=uniform, steps=100, restarts=5, alpha=0.002500012516975403, GAMA=False
PGD attack margin (first 2 examples and 10 specs):
 tensor([[14.47515392, 22.24415207, 31.73170090, 15.20137882, 34.07988358,
         33.86495972, 13.63695717,  8.71963406, 22.66441536, 18.36029434]])
Total number of violation:  0
Processing batch 1/1...
PGD attack margin (first 2 examples and 10 specs):
 tensor([[13.73657608, 21.27874374, 30.94752121, 14.54149628, 33.18343735,
         32.87753296, 12.80459881,  8.20374107, 22.17404747, 17.54944038]])
Total number of violation:  0
Attack finished in 0.1075 seconds.
PGD attack failed
verified_status unknown
verified_success False
Model: BoundedModule(
  (/0): BoundInput(name=/0, inputs=[], perturbed=True)
  (/7): BoundParams(name=/7, inputs=[], perturbed=False)
  (/8): BoundParams(name=/8, inputs=[], perturbed=False)
  (/9): BoundParams(name=/9, inputs=[], perturbed=False)
  (/10): BoundParams(name=/10, inputs=[], perturbed=False)
  (/11): BoundParams(name=/11, inputs=[], perturbed=False)
  (/12): BoundParams(name=/12, inputs=[], perturbed=False)
  (/13): BoundFlatten(name=/13, inputs=[/0], perturbed=True)
  (/input): BoundLinear(name=/input, inputs=[/13, /7, /8], perturbed=True)
  (/15): BoundRelu(name=/15, inputs=[/input], perturbed=True)
  (/input-3): BoundLinear(name=/input-3, inputs=[/15, /9, /10], perturbed=True)
  (/17): BoundRelu(name=/17, inputs=[/input-3], perturbed=True)
  (/18): BoundLinear(name=/18, inputs=[/17, /11, /12], perturbed=True)
)
Original output in the first batch: tensor([[ -0.55458999,  -8.34749985, -17.87900543,  -1.32724309, -20.27896500,
         -19.96984863,   0.26452598,   5.14383125,  -8.89120770,  -4.52369499,
         -12.33192635, -10.56820583,   0.33947125,  13.91030788,  -6.43150234,
          -1.14976108,  -3.46966386,   0.13369040,  -7.17166281, -12.94664288,
          -3.29768896,  -2.29637527,  -3.08568716,  -7.68198299,   0.21458976,
          -8.31877708]])
Split layers:
Nonlinear functions:
   BoundRelu(name=/15, inputs=[/input], perturbed=True)
   BoundRelu(name=/17, inputs=[/input-3], perturbed=True)
build batch [1/1]
initial crown bounds (first 10 items): [13.619382858276367, 21.20842170715332, 30.88416862487793, 14.487896919250488, 33.084014892578125, 32.81471633911133, 12.733131408691406, 8.191140174865723, 22.130123138427734, 17.51297378540039]
Global lower bound: 8.191140174865723
verified with init bound!
Result: safe-incomplete in 0.1590 seconds

 %%%%%%%%%%%%%%%%%%%%%%%%%%%%%%%%%%% idx: 132, vnnlib ID: 132 %%%%%%%%%%%%%%%%%%%%%%%%%%%%%%%%%%%
Using onnx models/emnist_fc.onnx
Using vnnlib specs/sample_10402_n.vnnlib
784 inputs and 26 outputs in vnnlib
Loading onnx /home/master2/Desktop/saehee/XAI/Assignment_04/emnist_abcrown/models/emnist_fc.onnx with quirks {}
Finished onnx model loading in 0.0026 seconds
Finished vnnlib processing in 0.000349 seconds
Attack parameters: initialization=uniform, steps=100, restarts=5, alpha=0.002500012516975403, GAMA=False
PGD attack margin (first 2 examples and 10 specs):
 tensor([[ 9.34773254, 16.95895576, 20.33153152,  9.13210678, 14.06923485,
         19.83446693, 14.46557045, 10.04859638, 10.89436245, 15.61861801]])
Total number of violation:  0
Processing batch 1/1...
PGD attack margin (first 2 examples and 10 specs):
 tensor([[ 8.60514259, 16.00493431, 19.28112984,  8.30019379, 13.00815201,
         18.65653801, 13.59246826,  9.29255295, 10.14114094, 14.86301422]])
Total number of violation:  0
Attack finished in 0.1182 seconds.
PGD attack failed
verified_status unknown
verified_success False
Model: BoundedModule(
  (/0): BoundInput(name=/0, inputs=[], perturbed=True)
  (/7): BoundParams(name=/7, inputs=[], perturbed=False)
  (/8): BoundParams(name=/8, inputs=[], perturbed=False)
  (/9): BoundParams(name=/9, inputs=[], perturbed=False)
  (/10): BoundParams(name=/10, inputs=[], perturbed=False)
  (/11): BoundParams(name=/11, inputs=[], perturbed=False)
  (/12): BoundParams(name=/12, inputs=[], perturbed=False)
  (/13): BoundFlatten(name=/13, inputs=[/0], perturbed=True)
  (/input): BoundLinear(name=/input, inputs=[/13, /7, /8], perturbed=True)
  (/15): BoundRelu(name=/15, inputs=[/input], perturbed=True)
  (/input-3): BoundLinear(name=/input-3, inputs=[/15, /9, /10], perturbed=True)
  (/17): BoundRelu(name=/17, inputs=[/input-3], perturbed=True)
  (/18): BoundLinear(name=/18, inputs=[/17, /11, /12], perturbed=True)
)
Original output in the first batch: tensor([[ -1.90104711,  -9.45454025, -12.87192249,  -1.63714910,  -6.62448025,
         -12.27946186,  -6.97861624,  -2.55895424,  -3.45533824,  -8.17933655,
         -10.24609089,  -2.88186049,  -1.46618557,   7.50241709,  -3.54157829,
          -0.78044367,  -4.48475075,  -1.68233514,  -0.06888563,  -9.65655327,
          -0.24427779,  -1.31015468,   4.48067379,  -5.81973076,  -2.24139500,
          -9.33750343]])
Split layers:
Nonlinear functions:
   BoundRelu(name=/15, inputs=[/input], perturbed=True)
   BoundRelu(name=/17, inputs=[/input-3], perturbed=True)
build batch [1/1]
initial crown bounds (first 10 items): [8.482746124267578, 15.870083808898926, 19.141368865966797, 8.10472297668457, 12.83039665222168, 18.536611557006836, 13.444779396057129, 9.150492668151855, 10.007902145385742, 14.711941719055176]
Global lower bound: 1.6792572736740112
verified with init bound!
Result: safe-incomplete in 0.1691 seconds

 %%%%%%%%%%%%%%%%%%%%%%%%%%%%%%%%%%% idx: 133, vnnlib ID: 133 %%%%%%%%%%%%%%%%%%%%%%%%%%%%%%%%%%%
Using onnx models/emnist_fc.onnx
Using vnnlib specs/sample_10403_n.vnnlib
784 inputs and 26 outputs in vnnlib
Loading onnx /home/master2/Desktop/saehee/XAI/Assignment_04/emnist_abcrown/models/emnist_fc.onnx with quirks {}
Finished onnx model loading in 0.0027 seconds
Finished vnnlib processing in 0.000365 seconds
Attack parameters: initialization=uniform, steps=100, restarts=5, alpha=0.0025000013411045074, GAMA=False
PGD attack margin (first 2 examples and 10 specs):
 tensor([[20.09938049, 18.16643333, 20.86494064, 16.04682922, 21.50422287,
         34.64100647, 20.51698303, 14.45870018, 12.76201248, 19.07073975]])
Total number of violation:  0
Processing batch 1/1...
PGD attack margin (first 2 examples and 10 specs):
 tensor([[19.21850586, 17.22543144, 19.90102005, 15.23557568, 20.51025391,
         33.61145782, 19.65312576, 13.79476738, 12.02620411, 17.93544006]])
Total number of violation:  0
Attack finished in 0.1178 seconds.
PGD attack failed
verified_status unknown
verified_success False
Model: BoundedModule(
  (/0): BoundInput(name=/0, inputs=[], perturbed=True)
  (/7): BoundParams(name=/7, inputs=[], perturbed=False)
  (/8): BoundParams(name=/8, inputs=[], perturbed=False)
  (/9): BoundParams(name=/9, inputs=[], perturbed=False)
  (/10): BoundParams(name=/10, inputs=[], perturbed=False)
  (/11): BoundParams(name=/11, inputs=[], perturbed=False)
  (/12): BoundParams(name=/12, inputs=[], perturbed=False)
  (/13): BoundFlatten(name=/13, inputs=[/0], perturbed=True)
  (/input): BoundLinear(name=/input, inputs=[/13, /7, /8], perturbed=True)
  (/15): BoundRelu(name=/15, inputs=[/input], perturbed=True)
  (/input-3): BoundLinear(name=/input-3, inputs=[/15, /9, /10], perturbed=True)
  (/17): BoundRelu(name=/17, inputs=[/input-3], perturbed=True)
  (/18): BoundLinear(name=/18, inputs=[/17, /11, /12], perturbed=True)
)
Original output in the first batch: tensor([[ -8.22921848,  -6.17099905,  -8.96815395,  -4.13646030,  -9.63828182,
         -22.75465965,  -8.60992718,  -2.57396483,  -0.98957366,  -7.22374010,
          -6.33378553,  -3.59954381,   0.80601150,  11.82608128,  -9.65934372,
         -10.04606342,  -6.63031626,  -4.79068232,  -7.02168036,  -6.93469286,
           3.58182049,   2.80958462,   3.23217177,  -4.35123205,  -1.34754729,
          -9.75835323]])
Split layers:
Nonlinear functions:
   BoundRelu(name=/15, inputs=[/input], perturbed=True)
   BoundRelu(name=/17, inputs=[/input-3], perturbed=True)
build batch [1/1]
initial crown bounds (first 10 items): [19.001304626464844, 17.091272354125977, 19.74102020263672, 15.070489883422852, 20.36606788635254, 33.53554153442383, 19.506032943725586, 13.695960998535156, 11.975811004638672, 17.841915130615234]
Global lower bound: 7.261202335357666
verified with init bound!
Result: safe-incomplete in 0.1674 seconds

 %%%%%%%%%%%%%%%%%%%%%%%%%%%%%%%%%%% idx: 134, vnnlib ID: 134 %%%%%%%%%%%%%%%%%%%%%%%%%%%%%%%%%%%
Using onnx models/emnist_fc.onnx
Using vnnlib specs/sample_10404_n.vnnlib
784 inputs and 26 outputs in vnnlib
Loading onnx /home/master2/Desktop/saehee/XAI/Assignment_04/emnist_abcrown/models/emnist_fc.onnx with quirks {}
Finished onnx model loading in 0.0025 seconds
Finished vnnlib processing in 0.000364 seconds
Attack parameters: initialization=uniform, steps=100, restarts=5, alpha=0.002500012516975403, GAMA=False
PGD attack margin (first 2 examples and 10 specs):
 tensor([[ 3.17658615, 19.11970520, 14.44776249, 14.25733376, 16.86636353,
         15.42342472,  9.24311733,  8.03597450,  9.32259846,  9.94950581]])
Total number of violation:  0
Processing batch 1/1...
PGD attack margin (first 2 examples and 10 specs):
 tensor([[ 2.62005472, 17.89537430, 13.71891785, 13.36182976, 16.03306007,
         14.23277855,  8.29963398,  7.30406427,  8.69014072,  9.12780857]])
Total number of violation:  0
Attack finished in 0.1210 seconds.
PGD attack failed
verified_status unknown
verified_success False
Model: BoundedModule(
  (/0): BoundInput(name=/0, inputs=[], perturbed=True)
  (/7): BoundParams(name=/7, inputs=[], perturbed=False)
  (/8): BoundParams(name=/8, inputs=[], perturbed=False)
  (/9): BoundParams(name=/9, inputs=[], perturbed=False)
  (/10): BoundParams(name=/10, inputs=[], perturbed=False)
  (/11): BoundParams(name=/11, inputs=[], perturbed=False)
  (/12): BoundParams(name=/12, inputs=[], perturbed=False)
  (/13): BoundFlatten(name=/13, inputs=[/0], perturbed=True)
  (/input): BoundLinear(name=/input, inputs=[/13, /7, /8], perturbed=True)
  (/15): BoundRelu(name=/15, inputs=[/input], perturbed=True)
  (/input-3): BoundLinear(name=/input-3, inputs=[/15, /9, /10], perturbed=True)
  (/17): BoundRelu(name=/17, inputs=[/input-3], perturbed=True)
  (/18): BoundLinear(name=/18, inputs=[/17, /11, /12], perturbed=True)
)
Original output in the first batch: tensor([[  3.20147371, -12.68168545,  -8.06130409,  -7.79300737, -10.47094440,
          -9.06748962,  -2.87395382,  -1.64143085,  -2.98087311,  -3.64943051,
         -12.61774826,  -5.44133759,   2.28332067,   6.38754129,  -5.40365744,
          -7.14344740,  -3.27195930,  -1.06640768,  -7.66696787,   0.05916550,
          -7.87446213,  -4.24507666,  -5.89317274,  -0.90913171,  -1.02091944,
           2.52244449]])
Split layers:
Nonlinear functions:
   BoundRelu(name=/15, inputs=[/input], perturbed=True)
   BoundRelu(name=/17, inputs=[/input-3], perturbed=True)
build batch [1/1]
initial crown bounds (first 10 items): [2.506951332092285, 17.7091064453125, 13.53993034362793, 13.148531913757324, 15.873406410217285, 13.965885162353516, 8.153915405273438, 7.1165289878845215, 8.59728717803955, 8.896440505981445]
Global lower bound: 2.506951332092285
verified with init bound!
Result: safe-incomplete in 0.1733 seconds

 %%%%%%%%%%%%%%%%%%%%%%%%%%%%%%%%%%% idx: 135, vnnlib ID: 135 %%%%%%%%%%%%%%%%%%%%%%%%%%%%%%%%%%%
Using onnx models/emnist_fc.onnx
Using vnnlib specs/sample_10405_n.vnnlib
784 inputs and 26 outputs in vnnlib
Loading onnx /home/master2/Desktop/saehee/XAI/Assignment_04/emnist_abcrown/models/emnist_fc.onnx with quirks {}
Finished onnx model loading in 0.0026 seconds
Finished vnnlib processing in 0.000373 seconds
Attack parameters: initialization=uniform, steps=100, restarts=5, alpha=0.0025000013411045074, GAMA=False
PGD attack margin (first 2 examples and 10 specs):
 tensor([[ 8.34025288, 22.35130310, 20.15912437, 15.26705170, 25.18761444,
         25.76357651, 11.34648991, 14.91319275, 20.38962364, 17.25146866]])
Total number of violation:  0
Processing batch 1/1...
PGD attack margin (first 2 examples and 10 specs):
 tensor([[ 7.60599470, 21.39293861, 19.41933060, 14.65625381, 24.38901520,
         24.88150787, 10.62970543, 14.26546383, 19.87882423, 16.48445702]])
Total number of violation:  0
Attack finished in 0.1827 seconds.
PGD attack failed
verified_status unknown
verified_success False
Model: BoundedModule(
  (/0): BoundInput(name=/0, inputs=[], perturbed=True)
  (/7): BoundParams(name=/7, inputs=[], perturbed=False)
  (/8): BoundParams(name=/8, inputs=[], perturbed=False)
  (/9): BoundParams(name=/9, inputs=[], perturbed=False)
  (/10): BoundParams(name=/10, inputs=[], perturbed=False)
  (/11): BoundParams(name=/11, inputs=[], perturbed=False)
  (/12): BoundParams(name=/12, inputs=[], perturbed=False)
  (/13): BoundFlatten(name=/13, inputs=[/0], perturbed=True)
  (/input): BoundLinear(name=/input, inputs=[/13, /7, /8], perturbed=True)
  (/15): BoundRelu(name=/15, inputs=[/input], perturbed=True)
  (/input-3): BoundLinear(name=/input-3, inputs=[/15, /9, /10], perturbed=True)
  (/17): BoundRelu(name=/17, inputs=[/input-3], perturbed=True)
  (/18): BoundLinear(name=/18, inputs=[/17, /11, /12], perturbed=True)
)
Original output in the first batch: tensor([[  4.25083351,  -9.72754669,  -7.61101341,  -2.73055410, -12.64771366,
         -13.18225956,   1.24725032,  -2.37679172,  -7.95482826,  -4.76114225,
         -11.21784115,  -8.00916386,   0.61008310,  12.50342751,  -0.79119658,
          -1.18990409,   0.42656139,  -0.63168186,  -5.65922880, -13.05850983,
          -8.84529972,  -7.08474302, -11.63943481,  -4.16875696,  -5.56798267,
          -8.29967594]])
Split layers:
Nonlinear functions:
   BoundRelu(name=/15, inputs=[/input], perturbed=True)
   BoundRelu(name=/17, inputs=[/input-3], perturbed=True)
build batch [1/1]
initial crown bounds (first 10 items): [7.503448963165283, 21.302980422973633, 19.34195327758789, 14.576809883117676, 24.253751754760742, 24.780271530151367, 10.536921501159668, 14.18433666229248, 19.794891357421875, 16.4040470123291]
Global lower bound: 7.503448963165283
verified with init bound!
Result: safe-incomplete in 0.2343 seconds

 %%%%%%%%%%%%%%%%%%%%%%%%%%%%%%%%%%% idx: 136, vnnlib ID: 136 %%%%%%%%%%%%%%%%%%%%%%%%%%%%%%%%%%%
Using onnx models/emnist_fc.onnx
Using vnnlib specs/sample_10406_n.vnnlib
784 inputs and 26 outputs in vnnlib
Loading onnx /home/master2/Desktop/saehee/XAI/Assignment_04/emnist_abcrown/models/emnist_fc.onnx with quirks {}
Finished onnx model loading in 0.0027 seconds
Finished vnnlib processing in 0.000399 seconds
Attack parameters: initialization=uniform, steps=100, restarts=5, alpha=0.0025000013411045074, GAMA=False
PGD attack margin (first 2 examples and 10 specs):
 tensor([[13.66053009, 18.74962997, 25.76428413,  7.34077120, 30.87548828,
         31.10765457, 21.94884300, 11.36112022, 21.00645638, 20.89642525]])
Total number of violation:  0
Processing batch 1/1...
PGD attack margin (first 2 examples and 10 specs):
 tensor([[12.79794025, 18.12027359, 25.15083504,  6.71386862, 30.04043198,
         30.17582703, 21.11597443, 10.80631733, 20.52704239, 20.26886177]])
Total number of violation:  0
Attack finished in 0.1216 seconds.
PGD attack failed
verified_status unknown
verified_success False
Model: BoundedModule(
  (/0): BoundInput(name=/0, inputs=[], perturbed=True)
  (/7): BoundParams(name=/7, inputs=[], perturbed=False)
  (/8): BoundParams(name=/8, inputs=[], perturbed=False)
  (/9): BoundParams(name=/9, inputs=[], perturbed=False)
  (/10): BoundParams(name=/10, inputs=[], perturbed=False)
  (/11): BoundParams(name=/11, inputs=[], perturbed=False)
  (/12): BoundParams(name=/12, inputs=[], perturbed=False)
  (/13): BoundFlatten(name=/13, inputs=[/0], perturbed=True)
  (/input): BoundLinear(name=/input, inputs=[/13, /7, /8], perturbed=True)
  (/15): BoundRelu(name=/15, inputs=[/input], perturbed=True)
  (/input-3): BoundLinear(name=/input-3, inputs=[/15, /9, /10], perturbed=True)
  (/17): BoundRelu(name=/17, inputs=[/input-3], perturbed=True)
  (/18): BoundLinear(name=/18, inputs=[/17, /11, /12], perturbed=True)
)
Original output in the first batch: tensor([[  0.40068066,  -4.73176432, -11.78181362,   6.70047379, -16.90724373,
         -17.11205673,  -7.89180231,   2.68707895,  -6.99427414,  -6.90694761,
         -11.51121140,  -6.71091795,  -4.94968510,  14.08595371,  -9.43659782,
          -7.13079882,  -6.10829639,  -0.93155450, -10.38932705, -12.72856808,
          -4.62250662,  -8.47187138,   6.21324158,  -7.12904978,  -4.98402929,
         -10.29334736]])
Split layers:
Nonlinear functions:
   BoundRelu(name=/15, inputs=[/input], perturbed=True)
   BoundRelu(name=/17, inputs=[/input-3], perturbed=True)
build batch [1/1]
initial crown bounds (first 10 items): [12.642558097839355, 17.973499298095703, 24.99638557434082, 6.573653697967529, 29.795021057128906, 30.021202087402344, 20.957151412963867, 10.719937324523926, 20.40182876586914, 20.137664794921875]
Global lower bound: 6.573653697967529
verified with init bound!
Result: safe-incomplete in 0.1720 seconds

 %%%%%%%%%%%%%%%%%%%%%%%%%%%%%%%%%%% idx: 137, vnnlib ID: 137 %%%%%%%%%%%%%%%%%%%%%%%%%%%%%%%%%%%
Using onnx models/emnist_fc.onnx
Using vnnlib specs/sample_10407_n.vnnlib
784 inputs and 26 outputs in vnnlib
Loading onnx /home/master2/Desktop/saehee/XAI/Assignment_04/emnist_abcrown/models/emnist_fc.onnx with quirks {}
Finished onnx model loading in 0.0026 seconds
Finished vnnlib processing in 0.000348 seconds
Attack parameters: initialization=uniform, steps=100, restarts=5, alpha=0.0025000013411045074, GAMA=False
PGD attack margin (first 2 examples and 10 specs):
 tensor([[13.35053825, 19.62648201, 22.96356583, 16.69872475, 24.06492805,
         36.41633606, 21.61624146,  9.97257900, 14.72634888, 18.37974930]])
Total number of violation:  0
Processing batch 1/1...
PGD attack margin (first 2 examples and 10 specs):
 tensor([[12.66541862, 18.81111526, 22.12302399, 16.05621910, 23.34275246,
         35.50668335, 20.92700386,  9.49836636, 14.12899876, 17.52873802]])
Total number of violation:  0
Attack finished in 0.1207 seconds.
PGD attack failed
verified_status unknown
verified_success False
Model: BoundedModule(
  (/0): BoundInput(name=/0, inputs=[], perturbed=True)
  (/7): BoundParams(name=/7, inputs=[], perturbed=False)
  (/8): BoundParams(name=/8, inputs=[], perturbed=False)
  (/9): BoundParams(name=/9, inputs=[], perturbed=False)
  (/10): BoundParams(name=/10, inputs=[], perturbed=False)
  (/11): BoundParams(name=/11, inputs=[], perturbed=False)
  (/12): BoundParams(name=/12, inputs=[], perturbed=False)
  (/13): BoundFlatten(name=/13, inputs=[/0], perturbed=True)
  (/input): BoundLinear(name=/input, inputs=[/13, /7, /8], perturbed=True)
  (/15): BoundRelu(name=/15, inputs=[/input], perturbed=True)
  (/input-3): BoundLinear(name=/input-3, inputs=[/15, /9, /10], perturbed=True)
  (/17): BoundRelu(name=/17, inputs=[/input-3], perturbed=True)
  (/18): BoundLinear(name=/18, inputs=[/17, /11, /12], perturbed=True)
)
Original output in the first batch: tensor([[ -1.20084608,  -7.42088318, -10.74043369,  -4.52910280, -11.93755627,
         -24.24974251,  -9.43053150,   2.17075777,  -2.61588764,  -6.24708557,
         -10.07770348,  -1.20297635,   1.74993372,  12.19316006,  -8.72765541,
          -7.16583824,  -5.08239412,  -4.17766380,  -8.99018383, -12.35108376,
           5.78849125,  -3.27977633,   5.48679590,  -4.98281765,  -6.26428795,
         -14.17928886]])
Split layers:
Nonlinear functions:
   BoundRelu(name=/15, inputs=[/input], perturbed=True)
   BoundRelu(name=/17, inputs=[/input-3], perturbed=True)
build batch [1/1]
initial crown bounds (first 10 items): [12.545267105102539, 18.621938705444336, 21.96932029724121, 15.921087265014648, 23.188066482543945, 35.320865631103516, 20.826934814453125, 9.42697811126709, 14.030305862426758, 17.38359832763672]
Global lower bound: 5.734934329986572
verified with init bound!
Result: safe-incomplete in 0.1708 seconds

 %%%%%%%%%%%%%%%%%%%%%%%%%%%%%%%%%%% idx: 138, vnnlib ID: 138 %%%%%%%%%%%%%%%%%%%%%%%%%%%%%%%%%%%
Using onnx models/emnist_fc.onnx
Using vnnlib specs/sample_10408_n.vnnlib
784 inputs and 26 outputs in vnnlib
Loading onnx /home/master2/Desktop/saehee/XAI/Assignment_04/emnist_abcrown/models/emnist_fc.onnx with quirks {}
Finished onnx model loading in 0.0025 seconds
Finished vnnlib processing in 0.000327 seconds
Attack parameters: initialization=uniform, steps=100, restarts=5, alpha=0.0025000013411045074, GAMA=False
PGD attack margin (first 2 examples and 10 specs):
 tensor([[11.45351791, 23.66266632, 18.22703362, 15.07945538, 22.72272491,
         23.83747864, 14.36552334, 22.78235626, 21.96117783, 18.44153214]])
Total number of violation:  0
Processing batch 1/1...
PGD attack margin (first 2 examples and 10 specs):
 tensor([[10.66578293, 22.61981010, 17.32193184, 14.40780735, 21.71152115,
         22.85091019, 13.53078842, 22.04810333, 21.43066216, 17.62218857]])
Total number of violation:  0
Attack finished in 0.1226 seconds.
PGD attack failed
verified_status unknown
verified_success False
Model: BoundedModule(
  (/0): BoundInput(name=/0, inputs=[], perturbed=True)
  (/7): BoundParams(name=/7, inputs=[], perturbed=False)
  (/8): BoundParams(name=/8, inputs=[], perturbed=False)
  (/9): BoundParams(name=/9, inputs=[], perturbed=False)
  (/10): BoundParams(name=/10, inputs=[], perturbed=False)
  (/11): BoundParams(name=/11, inputs=[], perturbed=False)
  (/12): BoundParams(name=/12, inputs=[], perturbed=False)
  (/13): BoundFlatten(name=/13, inputs=[/0], perturbed=True)
  (/input): BoundLinear(name=/input, inputs=[/13, /7, /8], perturbed=True)
  (/15): BoundRelu(name=/15, inputs=[/input], perturbed=True)
  (/input-3): BoundLinear(name=/input-3, inputs=[/15, /9, /10], perturbed=True)
  (/17): BoundRelu(name=/17, inputs=[/input-3], perturbed=True)
  (/18): BoundLinear(name=/18, inputs=[/17, /11, /12], perturbed=True)
)
Original output in the first batch: tensor([[  4.14816761,  -8.10467148,  -2.69421005,   0.45286638,  -7.22967672,
          -8.30505276,   1.20342040,  -7.24500751,  -6.47647333,  -2.90839648,
         -13.08915329,  -7.63405561,  -6.97420979,  15.55054569,   3.28949022,
          -6.13708973,  -3.67091990,  -0.08598001,  -2.90904307, -10.66792297,
         -10.22456074,  -8.15868092, -11.06783485,  -4.35683107,  -6.92446136,
         -10.35392380]])
Split layers:
Nonlinear functions:
   BoundRelu(name=/15, inputs=[/input], perturbed=True)
   BoundRelu(name=/17, inputs=[/input-3], perturbed=True)
build batch [1/1]
initial crown bounds (first 10 items): [10.566642761230469, 22.4902400970459, 17.180633544921875, 14.270231246948242, 21.495161056518555, 22.687402725219727, 13.352521896362305, 21.92463493347168, 21.280874252319336, 17.427391052246094]
Global lower bound: 10.566642761230469
verified with init bound!
Result: safe-incomplete in 0.1758 seconds

 %%%%%%%%%%%%%%%%%%%%%%%%%%%%%%%%%%% idx: 139, vnnlib ID: 139 %%%%%%%%%%%%%%%%%%%%%%%%%%%%%%%%%%%
Using onnx models/emnist_fc.onnx
Using vnnlib specs/sample_10409_n.vnnlib
784 inputs and 26 outputs in vnnlib
Loading onnx /home/master2/Desktop/saehee/XAI/Assignment_04/emnist_abcrown/models/emnist_fc.onnx with quirks {}
Finished onnx model loading in 0.0028 seconds
Finished vnnlib processing in 0.000371 seconds
Attack parameters: initialization=uniform, steps=100, restarts=5, alpha=0.002500012516975403, GAMA=False
PGD attack margin (first 2 examples and 10 specs):
 tensor([[19.86268044, 26.61130142, 29.96963501, 18.78078842, 31.23041153,
         38.49904633, 26.00981712, 14.08803654, 25.49015045, 31.51125717]])
Total number of violation:  0
Processing batch 1/1...
PGD attack margin (first 2 examples and 10 specs):
 tensor([[19.29895782, 25.68850517, 29.23423386, 18.19446564, 30.39823532,
         37.71162033, 25.35701370, 13.64178276, 24.90092087, 30.79739380]])
Total number of violation:  0
Attack finished in 0.1160 seconds.
PGD attack failed
verified_status unknown
verified_success False
Model: BoundedModule(
  (/0): BoundInput(name=/0, inputs=[], perturbed=True)
  (/7): BoundParams(name=/7, inputs=[], perturbed=False)
  (/8): BoundParams(name=/8, inputs=[], perturbed=False)
  (/9): BoundParams(name=/9, inputs=[], perturbed=False)
  (/10): BoundParams(name=/10, inputs=[], perturbed=False)
  (/11): BoundParams(name=/11, inputs=[], perturbed=False)
  (/12): BoundParams(name=/12, inputs=[], perturbed=False)
  (/13): BoundFlatten(name=/13, inputs=[/0], perturbed=True)
  (/input): BoundLinear(name=/input, inputs=[/13, /7, /8], perturbed=True)
  (/15): BoundRelu(name=/15, inputs=[/input], perturbed=True)
  (/input-3): BoundLinear(name=/input-3, inputs=[/15, /9, /10], perturbed=True)
  (/17): BoundRelu(name=/17, inputs=[/input-3], perturbed=True)
  (/18): BoundLinear(name=/18, inputs=[/17, /11, /12], perturbed=True)
)
Original output in the first batch: tensor([[ -2.10148430,  -8.70593834, -12.15168476,  -0.94538933, -13.44788265,
         -20.74685287,  -8.14778996,   3.67334771,  -7.70450830, -13.73349953,
          -9.76839828,  -2.91260648,   3.56637692,  17.86351585, -10.15304756,
          -1.71669447,  -6.23567486,  -0.51005095,  -9.81149864, -17.45711708,
           0.71233445,  -0.34283453,   3.94106340,  -9.12261486,  -0.91695195,
         -16.28845215]])
Split layers:
Nonlinear functions:
   BoundRelu(name=/15, inputs=[/input], perturbed=True)
   BoundRelu(name=/17, inputs=[/input-3], perturbed=True)
build batch [1/1]
initial crown bounds (first 10 items): [19.069665908813477, 25.431598663330078, 29.060115814208984, 17.951072692871094, 30.12448501586914, 37.48159408569336, 25.176403045654297, 13.443429946899414, 24.678852081298828, 30.59514045715332]
Global lower bound: 12.877622604370117
verified with init bound!
Result: safe-incomplete in 0.1735 seconds

 %%%%%%%%%%%%%%%%%%%%%%%%%%%%%%%%%%% idx: 140, vnnlib ID: 140 %%%%%%%%%%%%%%%%%%%%%%%%%%%%%%%%%%%
Using onnx models/emnist_fc.onnx
Using vnnlib specs/sample_11200_o.vnnlib
Precompiled vnnlib file found at /home/master2/Desktop/saehee/XAI/Assignment_04/emnist_abcrown/specs/sample_11200_o.vnnlib.compiled
Loading onnx /home/master2/Desktop/saehee/XAI/Assignment_04/emnist_abcrown/models/emnist_fc.onnx with quirks {}
Finished onnx model loading in 0.0037 seconds
Finished vnnlib processing in 0.000626 seconds
Attack parameters: initialization=uniform, steps=100, restarts=5, alpha=0.0025000013411045074, GAMA=False
PGD attack margin (first 2 examples and 10 specs):
 tensor([[ 5.88678932,  6.09906101,  7.87632418,  4.62608910, 13.69015980,
         21.91010857,  7.08372688, 11.98298645, 13.20627975,  4.76741886]])
Total number of violation:  0
Processing batch 1/1...
PGD attack margin (first 2 examples and 10 specs):
 tensor([[ 5.10832405,  5.47269726,  7.35629129,  4.15160322, 13.13152313,
         21.02250481,  6.27135897, 10.70822239, 12.42672348,  4.15930843]])
Total number of violation:  0
Attack finished in 0.1266 seconds.
PGD attack failed
verified_status unknown
verified_success False
Model: BoundedModule(
  (/0): BoundInput(name=/0, inputs=[], perturbed=True)
  (/7): BoundParams(name=/7, inputs=[], perturbed=False)
  (/8): BoundParams(name=/8, inputs=[], perturbed=False)
  (/9): BoundParams(name=/9, inputs=[], perturbed=False)
  (/10): BoundParams(name=/10, inputs=[], perturbed=False)
  (/11): BoundParams(name=/11, inputs=[], perturbed=False)
  (/12): BoundParams(name=/12, inputs=[], perturbed=False)
  (/13): BoundFlatten(name=/13, inputs=[/0], perturbed=True)
  (/input): BoundLinear(name=/input, inputs=[/13, /7, /8], perturbed=True)
  (/15): BoundRelu(name=/15, inputs=[/input], perturbed=True)
  (/input-3): BoundLinear(name=/input-3, inputs=[/15, /9, /10], perturbed=True)
  (/17): BoundRelu(name=/17, inputs=[/input-3], perturbed=True)
  (/18): BoundLinear(name=/18, inputs=[/17, /11, /12], perturbed=True)
)
Original output in the first batch: tensor([[  1.96221602,   1.74370146,  -0.06095588,   3.19246793,  -5.90138102,
         -14.06896019,   0.75742173,  -4.12442017,  -5.48522568,   2.99997354,
         -14.87250805,  -6.09213161,  -6.25977659,   2.40753746,   7.82224274,
          -9.63929272,  -5.05801344,  -9.01218987,   1.77648187,  -8.03435326,
           1.33957040,  -0.88450450,  -6.86007595, -10.83272552,  -2.40714860,
          -7.66834068]])
Split layers:
Nonlinear functions:
   BoundRelu(name=/15, inputs=[/input], perturbed=True)
   BoundRelu(name=/17, inputs=[/input-3], perturbed=True)
build batch [1/1]
initial crown bounds (first 10 items): [4.962920665740967, 5.290190696716309, 7.208815574645996, 4.019744873046875, 13.011747360229492, 20.8695125579834, 6.1528520584106445, 10.539275169372559, 12.254182815551758, 4.026629447937012]
Global lower bound: 4.019744873046875
verified with init bound!
Result: safe-incomplete in 0.1629 seconds

 %%%%%%%%%%%%%%%%%%%%%%%%%%%%%%%%%%% idx: 141, vnnlib ID: 141 %%%%%%%%%%%%%%%%%%%%%%%%%%%%%%%%%%%
Using onnx models/emnist_fc.onnx
Using vnnlib specs/sample_11201_o.vnnlib
784 inputs and 26 outputs in vnnlib
Loading onnx /home/master2/Desktop/saehee/XAI/Assignment_04/emnist_abcrown/models/emnist_fc.onnx with quirks {}
Finished onnx model loading in 0.0026 seconds
Finished vnnlib processing in 0.000339 seconds
Attack parameters: initialization=uniform, steps=100, restarts=5, alpha=0.0025000013411045074, GAMA=False
PGD attack margin (first 2 examples and 10 specs):
 tensor([[ 9.16380596,  7.86934853,  8.84845066,  5.77740479, 12.15664291,
         20.63804817, 11.86582565, 17.92664719, 16.44119453, 10.92705154]])
Total number of violation:  0
Processing batch 1/1...
PGD attack margin (first 2 examples and 10 specs):
 tensor([[ 8.52096367,  7.17110348,  8.49243355,  5.28364658, 11.59065056,
         19.91967583, 11.16677475, 16.68492699, 15.74095345, 10.33125114]])
Total number of violation:  0
Attack finished in 0.1061 seconds.
PGD attack failed
verified_status unknown
verified_success False
Model: BoundedModule(
  (/0): BoundInput(name=/0, inputs=[], perturbed=True)
  (/7): BoundParams(name=/7, inputs=[], perturbed=False)
  (/8): BoundParams(name=/8, inputs=[], perturbed=False)
  (/9): BoundParams(name=/9, inputs=[], perturbed=False)
  (/10): BoundParams(name=/10, inputs=[], perturbed=False)
  (/11): BoundParams(name=/11, inputs=[], perturbed=False)
  (/12): BoundParams(name=/12, inputs=[], perturbed=False)
  (/13): BoundFlatten(name=/13, inputs=[/0], perturbed=True)
  (/input): BoundLinear(name=/input, inputs=[/13, /7, /8], perturbed=True)
  (/15): BoundRelu(name=/15, inputs=[/input], perturbed=True)
  (/input-3): BoundLinear(name=/input-3, inputs=[/15, /9, /10], perturbed=True)
  (/17): BoundRelu(name=/17, inputs=[/input-3], perturbed=True)
  (/18): BoundLinear(name=/18, inputs=[/17, /11, /12], perturbed=True)
)
Original output in the first batch: tensor([[  0.86971009,   2.24883080,   1.28704548,   4.31185246,  -2.07240295,
         -10.56472397,  -1.75404263,  -7.85641003,  -6.41104841,  -0.83176678,
         -14.26113510,  -6.63477802,  -5.21253777,  -3.27746105,  10.11672211,
          -4.81931829,  -0.32041845,  -8.70341015,  -3.80989385,  -3.45899892,
           4.39293432,  -0.67577064,  -8.55609798, -16.56958961,  -6.22197628,
          -9.18304729]])
Split layers:
Nonlinear functions:
   BoundRelu(name=/15, inputs=[/input], perturbed=True)
   BoundRelu(name=/17, inputs=[/input-3], perturbed=True)
build batch [1/1]
initial crown bounds (first 10 items): [8.404423713684082, 7.0724029541015625, 8.398249626159668, 5.248406410217285, 11.498403549194336, 19.85203742980957, 11.07166576385498, 16.546310424804688, 15.651754379272461, 10.278143882751465]
Global lower bound: 4.8880720138549805
verified with init bound!
Result: safe-incomplete in 0.1579 seconds

 %%%%%%%%%%%%%%%%%%%%%%%%%%%%%%%%%%% idx: 142, vnnlib ID: 142 %%%%%%%%%%%%%%%%%%%%%%%%%%%%%%%%%%%
Using onnx models/emnist_fc.onnx
Using vnnlib specs/sample_11202_o.vnnlib
784 inputs and 26 outputs in vnnlib
Loading onnx /home/master2/Desktop/saehee/XAI/Assignment_04/emnist_abcrown/models/emnist_fc.onnx with quirks {}
Finished onnx model loading in 0.0029 seconds
Finished vnnlib processing in 0.000385 seconds
Attack parameters: initialization=uniform, steps=100, restarts=5, alpha=0.002500012516975403, GAMA=False
PGD attack margin (first 2 examples and 10 specs):
 tensor([[ 9.50465012, 10.38981628, 10.45691395,  6.62284136, 18.37503433,
         23.93112564, 11.59522915, 18.51237106, 19.06743240, 13.17728233]])
Total number of violation:  0
Processing batch 1/1...
PGD attack margin (first 2 examples and 10 specs):
 tensor([[ 8.77210999,  9.50914764,  9.96283054,  6.08990383, 17.59028625,
         22.91184235, 10.92353344, 17.17585564, 18.37021065, 12.55498505]])
Total number of violation:  0
Attack finished in 0.1066 seconds.
PGD attack failed
verified_status unknown
verified_success False
Model: BoundedModule(
  (/0): BoundInput(name=/0, inputs=[], perturbed=True)
  (/7): BoundParams(name=/7, inputs=[], perturbed=False)
  (/8): BoundParams(name=/8, inputs=[], perturbed=False)
  (/9): BoundParams(name=/9, inputs=[], perturbed=False)
  (/10): BoundParams(name=/10, inputs=[], perturbed=False)
  (/11): BoundParams(name=/11, inputs=[], perturbed=False)
  (/12): BoundParams(name=/12, inputs=[], perturbed=False)
  (/13): BoundFlatten(name=/13, inputs=[/0], perturbed=True)
  (/input): BoundLinear(name=/input, inputs=[/13, /7, /8], perturbed=True)
  (/15): BoundRelu(name=/15, inputs=[/input], perturbed=True)
  (/input-3): BoundLinear(name=/input-3, inputs=[/15, /9, /10], perturbed=True)
  (/17): BoundRelu(name=/17, inputs=[/input-3], perturbed=True)
  (/18): BoundLinear(name=/18, inputs=[/17, /11, /12], perturbed=True)
)
Original output in the first batch: tensor([[  2.84745789,   1.95846117,   1.90811813,   5.70031166,  -6.03270912,
         -11.58882427,   0.72743297,  -6.15591049,  -6.79045534,  -0.87290221,
         -17.08530426,  -6.47955990,  -5.67671680,  -0.42780048,  12.33089066,
          -4.05933189,   1.79156423, -11.60774517,  -2.81288004,  -8.13447571,
           3.23231864,  -2.84136772,  -9.20233059, -15.27850819,  -4.25173521,
         -11.63164520]])
Split layers:
Nonlinear functions:
   BoundRelu(name=/15, inputs=[/input], perturbed=True)
   BoundRelu(name=/17, inputs=[/input-3], perturbed=True)
build batch [1/1]
initial crown bounds (first 10 items): [8.642435073852539, 9.333433151245117, 9.865419387817383, 6.028412818908691, 17.441558837890625, 22.817276000976562, 10.86036491394043, 17.069307327270508, 18.259450912475586, 12.467364311218262]
Global lower bound: 6.028412818908691
verified with init bound!
Result: safe-incomplete in 0.2229 seconds

 %%%%%%%%%%%%%%%%%%%%%%%%%%%%%%%%%%% idx: 143, vnnlib ID: 143 %%%%%%%%%%%%%%%%%%%%%%%%%%%%%%%%%%%
Using onnx models/emnist_fc.onnx
Using vnnlib specs/sample_11203_o.vnnlib
784 inputs and 26 outputs in vnnlib
Loading onnx /home/master2/Desktop/saehee/XAI/Assignment_04/emnist_abcrown/models/emnist_fc.onnx with quirks {}
Finished onnx model loading in 0.0028 seconds
Finished vnnlib processing in 0.000341 seconds
Attack parameters: initialization=uniform, steps=100, restarts=5, alpha=0.002500012516975403, GAMA=False
PGD attack margin (first 2 examples and 10 specs):
 tensor([[13.96901989, 20.86627960, 12.66654396, 10.08062077, 18.00050545,
         25.61873245, 18.22664261, 33.84615326, 23.89700508, 22.57362175]])
Total number of violation:  0
Processing batch 1/1...
PGD attack margin (first 2 examples and 10 specs):
 tensor([[13.34071064, 20.04834366, 12.24601364,  9.63819695, 17.27099228,
         24.86781120, 17.53755760, 32.86185837, 23.24380112, 21.95326614]])
Total number of violation:  0
Attack finished in 0.1080 seconds.
PGD attack failed
verified_status unknown
verified_success False
Model: BoundedModule(
  (/0): BoundInput(name=/0, inputs=[], perturbed=True)
  (/7): BoundParams(name=/7, inputs=[], perturbed=False)
  (/8): BoundParams(name=/8, inputs=[], perturbed=False)
  (/9): BoundParams(name=/9, inputs=[], perturbed=False)
  (/10): BoundParams(name=/10, inputs=[], perturbed=False)
  (/11): BoundParams(name=/11, inputs=[], perturbed=False)
  (/12): BoundParams(name=/12, inputs=[], perturbed=False)
  (/13): BoundFlatten(name=/13, inputs=[/0], perturbed=True)
  (/input): BoundLinear(name=/input, inputs=[/13, /7, /8], perturbed=True)
  (/15): BoundRelu(name=/15, inputs=[/input], perturbed=True)
  (/input-3): BoundLinear(name=/input-3, inputs=[/15, /9, /10], perturbed=True)
  (/17): BoundRelu(name=/17, inputs=[/input-3], perturbed=True)
  (/18): BoundLinear(name=/18, inputs=[/17, /11, /12], perturbed=True)
)
Original output in the first batch: tensor([[  1.78564072,  -5.05007648,   3.06787443,   5.66072178,  -2.18559384,
          -9.84698963,  -2.43019533, -18.13223457,  -8.18068314,  -6.80743742,
         -14.91419411,  -8.97822857, -12.06733418,  -4.98286629,  15.74155045,
           1.16797292,   7.06134939, -10.13933086,  -2.31630325,  -3.63178039,
          -4.06703472, -11.40413570, -12.45669746, -12.75619030,  -4.53941393,
          -9.08634949]])
Split layers:
Nonlinear functions:
   BoundRelu(name=/15, inputs=[/input], perturbed=True)
   BoundRelu(name=/17, inputs=[/input-3], perturbed=True)
build batch [1/1]
initial crown bounds (first 10 items): [13.244400978088379, 19.867990493774414, 12.140129089355469, 9.563958168029785, 17.188262939453125, 24.786680221557617, 17.37691307067871, 32.69801712036133, 23.142282485961914, 21.802988052368164]
Global lower bound: 7.8017778396606445
verified with init bound!
Result: safe-incomplete in 0.1597 seconds

 %%%%%%%%%%%%%%%%%%%%%%%%%%%%%%%%%%% idx: 144, vnnlib ID: 144 %%%%%%%%%%%%%%%%%%%%%%%%%%%%%%%%%%%
Using onnx models/emnist_fc.onnx
Using vnnlib specs/sample_11204_o.vnnlib
784 inputs and 26 outputs in vnnlib
Loading onnx /home/master2/Desktop/saehee/XAI/Assignment_04/emnist_abcrown/models/emnist_fc.onnx with quirks {}
Finished onnx model loading in 0.0029 seconds
Finished vnnlib processing in 0.000363 seconds
Attack parameters: initialization=uniform, steps=100, restarts=5, alpha=0.0025000013411045074, GAMA=False
PGD attack margin (first 2 examples and 10 specs):
 tensor([[12.78828621, 30.16500282, 13.96848011, 15.85400772, 27.62623978,
         37.04786682, 20.14437294, 41.29570007, 29.34514618, 28.18152428]])
Total number of violation:  0
Processing batch 1/1...
PGD attack margin (first 2 examples and 10 specs):
 tensor([[12.16292572, 29.34358025, 13.39598083, 15.32615566, 26.90201569,
         36.21468353, 19.45467949, 40.37720490, 28.52064514, 27.36382294]])
Total number of violation:  0
Attack finished in 0.1072 seconds.
PGD attack failed
verified_status unknown
verified_success False
Model: BoundedModule(
  (/0): BoundInput(name=/0, inputs=[], perturbed=True)
  (/7): BoundParams(name=/7, inputs=[], perturbed=False)
  (/8): BoundParams(name=/8, inputs=[], perturbed=False)
  (/9): BoundParams(name=/9, inputs=[], perturbed=False)
  (/10): BoundParams(name=/10, inputs=[], perturbed=False)
  (/11): BoundParams(name=/11, inputs=[], perturbed=False)
  (/12): BoundParams(name=/12, inputs=[], perturbed=False)
  (/13): BoundFlatten(name=/13, inputs=[/0], perturbed=True)
  (/input): BoundLinear(name=/input, inputs=[/13, /7, /8], perturbed=True)
  (/15): BoundRelu(name=/15, inputs=[/input], perturbed=True)
  (/input-3): BoundLinear(name=/input-3, inputs=[/15, /9, /10], perturbed=True)
  (/17): BoundRelu(name=/17, inputs=[/input-3], perturbed=True)
  (/18): BoundLinear(name=/18, inputs=[/17, /11, /12], perturbed=True)
)
Original output in the first batch: tensor([[ 7.28964901e+00, -1.00034676e+01,  6.08855915e+00,  4.27346230e+00,
         -7.51690292e+00, -1.69226151e+01, -2.06704400e-02, -2.12026443e+01,
         -9.24149227e+00, -8.01706505e+00, -2.47102089e+01, -9.42116833e+00,
         -1.92592392e+01, -1.92196560e+00,  2.00679321e+01,  2.89364427e-01,
          8.05871201e+00, -1.56525707e+01, -5.79452038e+00, -1.38471813e+01,
         -4.86620855e+00, -1.17498636e+01, -1.58311148e+01, -1.85162544e+01,
         -1.51222825e+00, -1.61714573e+01]])
Split layers:
Nonlinear functions:
   BoundRelu(name=/15, inputs=[/input], perturbed=True)
   BoundRelu(name=/17, inputs=[/input-3], perturbed=True)
build batch [1/1]
initial crown bounds (first 10 items): [12.118169784545898, 29.230087280273438, 13.366477966308594, 15.284601211547852, 26.77948570251465, 36.14884948730469, 19.404743194580078, 40.2834587097168, 28.50693702697754, 27.346179962158203]
Global lower bound: 11.192042350769043
verified with init bound!
Result: safe-incomplete in 0.1660 seconds

 %%%%%%%%%%%%%%%%%%%%%%%%%%%%%%%%%%% idx: 145, vnnlib ID: 145 %%%%%%%%%%%%%%%%%%%%%%%%%%%%%%%%%%%
Using onnx models/emnist_fc.onnx
Using vnnlib specs/sample_11205_o.vnnlib
784 inputs and 26 outputs in vnnlib
Loading onnx /home/master2/Desktop/saehee/XAI/Assignment_04/emnist_abcrown/models/emnist_fc.onnx with quirks {}
Finished onnx model loading in 0.0030 seconds
Finished vnnlib processing in 0.000336 seconds
Attack parameters: initialization=uniform, steps=100, restarts=5, alpha=0.0025000013411045074, GAMA=False
PGD attack margin (first 2 examples and 10 specs):
 tensor([[ 6.70615053,  5.48975086,  3.94085741,  4.46805191,  6.16911316,
          7.31371641,  4.00728941, 11.27975464,  6.78860044,  4.56321764]])
Total number of violation:  0
Processing batch 1/1...
PGD attack margin (first 2 examples and 10 specs):
 tensor([[ 5.65089035,  4.44218826,  3.07787800,  3.74028039,  5.09495020,
          6.48153591,  3.18721247, 10.22407341,  6.01663971,  3.87971735]])
Total number of violation:  0
Attack finished in 0.1198 seconds.
PGD attack failed
verified_status unknown
verified_success False
Model: BoundedModule(
  (/0): BoundInput(name=/0, inputs=[], perturbed=True)
  (/7): BoundParams(name=/7, inputs=[], perturbed=False)
  (/8): BoundParams(name=/8, inputs=[], perturbed=False)
  (/9): BoundParams(name=/9, inputs=[], perturbed=False)
  (/10): BoundParams(name=/10, inputs=[], perturbed=False)
  (/11): BoundParams(name=/11, inputs=[], perturbed=False)
  (/12): BoundParams(name=/12, inputs=[], perturbed=False)
  (/13): BoundFlatten(name=/13, inputs=[/0], perturbed=True)
  (/input): BoundLinear(name=/input, inputs=[/13, /7, /8], perturbed=True)
  (/15): BoundRelu(name=/15, inputs=[/input], perturbed=True)
  (/input-3): BoundLinear(name=/input-3, inputs=[/15, /9, /10], perturbed=True)
  (/17): BoundRelu(name=/17, inputs=[/input-3], perturbed=True)
  (/18): BoundLinear(name=/18, inputs=[/17, /11, /12], perturbed=True)
)
Original output in the first batch: tensor([[ -1.69843602,  -0.43795660,   1.04471707,   0.53675741,  -1.10688889,
          -2.38771296,   0.94610405,  -6.30592155,  -1.87700224,   0.42294699,
          -9.17475414,  -3.47422719,  -2.24924159,  -3.71793866,   4.97330666,
          -2.58009171,   0.46014544,  -3.24826288,  -0.51156324,  -3.05844188,
          -3.80657721,  -0.75009835,  -4.95209217, -10.62699986,  -4.27659893,
          -6.05989122]])
Split layers:
Nonlinear functions:
   BoundRelu(name=/15, inputs=[/input], perturbed=True)
   BoundRelu(name=/17, inputs=[/input-3], perturbed=True)
build batch [1/1]
initial crown bounds (first 10 items): [5.403338432312012, 4.208542823791504, 2.7885565757751465, 3.5108442306518555, 4.747951984405518, 6.1378254890441895, 2.834587574005127, 9.979718208312988, 5.709822654724121, 3.6150476932525635]
Global lower bound: 2.7885565757751465
verified with init bound!
Result: safe-incomplete in 0.1717 seconds

 %%%%%%%%%%%%%%%%%%%%%%%%%%%%%%%%%%% idx: 146, vnnlib ID: 146 %%%%%%%%%%%%%%%%%%%%%%%%%%%%%%%%%%%
Using onnx models/emnist_fc.onnx
Using vnnlib specs/sample_11206_o.vnnlib
784 inputs and 26 outputs in vnnlib
Loading onnx /home/master2/Desktop/saehee/XAI/Assignment_04/emnist_abcrown/models/emnist_fc.onnx with quirks {}
Finished onnx model loading in 0.0029 seconds
Finished vnnlib processing in 0.000367 seconds
Attack parameters: initialization=uniform, steps=100, restarts=5, alpha=0.0025000013411045074, GAMA=False
PGD attack margin (first 2 examples and 10 specs):
 tensor([[11.53349972,  8.12012482, 10.53343964,  5.92523813, 18.24979019,
         24.39559174, 13.69632053, 17.07928658, 19.16271973, 11.43389797]])
Total number of violation:  0
Processing batch 1/1...
PGD attack margin (first 2 examples and 10 specs):
 tensor([[10.62981510,  7.19463444, 10.08529854,  5.39242029, 17.44739532,
         23.42973709, 12.95651627, 15.73750305, 18.44342995, 10.83938122]])
Total number of violation:  0
Attack finished in 0.1385 seconds.
PGD attack failed
verified_status unknown
verified_success False
Model: BoundedModule(
  (/0): BoundInput(name=/0, inputs=[], perturbed=True)
  (/7): BoundParams(name=/7, inputs=[], perturbed=False)
  (/8): BoundParams(name=/8, inputs=[], perturbed=False)
  (/9): BoundParams(name=/9, inputs=[], perturbed=False)
  (/10): BoundParams(name=/10, inputs=[], perturbed=False)
  (/11): BoundParams(name=/11, inputs=[], perturbed=False)
  (/12): BoundParams(name=/12, inputs=[], perturbed=False)
  (/13): BoundFlatten(name=/13, inputs=[/0], perturbed=True)
  (/input): BoundLinear(name=/input, inputs=[/13, /7, /8], perturbed=True)
  (/15): BoundRelu(name=/15, inputs=[/input], perturbed=True)
  (/input-3): BoundLinear(name=/input-3, inputs=[/15, /9, /10], perturbed=True)
  (/17): BoundRelu(name=/17, inputs=[/input-3], perturbed=True)
  (/18): BoundLinear(name=/18, inputs=[/17, /11, /12], perturbed=True)
)
Original output in the first batch: tensor([[  0.19193441,   3.66458845,   1.22559226,   5.79041481,  -6.49902725,
         -12.65213013,  -1.97135568,  -5.34530497,  -7.44156599,   0.31157893,
         -14.29841900,  -4.71007919, -13.30884361,  -3.43261266,  11.72281265,
          -3.72505355,  -3.64484143,  -8.55237484,  -2.97845364,  -4.54152966,
           1.80223799,  -3.41006565,  -6.96761560, -20.11437798,  -5.29432154,
          -8.76619911]])
Split layers:
Nonlinear functions:
   BoundRelu(name=/15, inputs=[/input], perturbed=True)
   BoundRelu(name=/17, inputs=[/input-3], perturbed=True)
build batch [1/1]
initial crown bounds (first 10 items): [10.519601821899414, 7.078665733337402, 10.043972969055176, 5.351848602294922, 17.37421417236328, 23.329326629638672, 12.895503997802734, 15.618393898010254, 18.385190963745117, 10.739211082458496]
Global lower bound: 5.351848602294922
verified with init bound!
Result: safe-incomplete in 0.2509 seconds

 %%%%%%%%%%%%%%%%%%%%%%%%%%%%%%%%%%% idx: 147, vnnlib ID: 147 %%%%%%%%%%%%%%%%%%%%%%%%%%%%%%%%%%%
Using onnx models/emnist_fc.onnx
Using vnnlib specs/sample_11207_o.vnnlib
784 inputs and 26 outputs in vnnlib
Loading onnx /home/master2/Desktop/saehee/XAI/Assignment_04/emnist_abcrown/models/emnist_fc.onnx with quirks {}
Finished onnx model loading in 0.0026 seconds
Finished vnnlib processing in 0.000344 seconds
Attack parameters: initialization=uniform, steps=100, restarts=5, alpha=0.002500012516975403, GAMA=False
PGD attack margin (first 2 examples and 10 specs):
 tensor([[ 9.13366508, 19.22945023,  8.79848862,  9.51311016, 15.88358498,
         20.25306511, 13.01490116, 29.72075653, 16.72027016, 13.22781754]])
Total number of violation:  0
Processing batch 1/1...
PGD attack margin (first 2 examples and 10 specs):
 tensor([[ 8.28223610, 18.42825699,  8.32167912,  9.01533604, 15.10460377,
         19.56083870, 12.30015469, 28.70542336, 15.97408962, 12.42651844]])
Total number of violation:  0
Attack finished in 0.1242 seconds.
PGD attack failed
verified_status unknown
verified_success False
Model: BoundedModule(
  (/0): BoundInput(name=/0, inputs=[], perturbed=True)
  (/7): BoundParams(name=/7, inputs=[], perturbed=False)
  (/8): BoundParams(name=/8, inputs=[], perturbed=False)
  (/9): BoundParams(name=/9, inputs=[], perturbed=False)
  (/10): BoundParams(name=/10, inputs=[], perturbed=False)
  (/11): BoundParams(name=/11, inputs=[], perturbed=False)
  (/12): BoundParams(name=/12, inputs=[], perturbed=False)
  (/13): BoundFlatten(name=/13, inputs=[/0], perturbed=True)
  (/input): BoundLinear(name=/input, inputs=[/13, /7, /8], perturbed=True)
  (/15): BoundRelu(name=/15, inputs=[/input], perturbed=True)
  (/input-3): BoundLinear(name=/input-3, inputs=[/15, /9, /10], perturbed=True)
  (/17): BoundRelu(name=/17, inputs=[/input-3], perturbed=True)
  (/18): BoundLinear(name=/18, inputs=[/17, /11, /12], perturbed=True)
)
Original output in the first batch: tensor([[  3.68845272,  -6.38398695,   3.98217964,   3.27855992,  -3.02011299,
          -7.49438238,  -0.21214083, -16.98487473,  -3.98127747,  -0.45201701,
         -16.91474342,  -7.76753902, -13.07753849,  -6.40892267,  12.78677368,
          -2.09667754,   5.53656626, -11.82348919,   0.56361663,  -3.82190490,
          -0.83620054,  -6.95003128, -12.52071190, -12.54268646,  -5.26967430,
          -5.89965916]])
Split layers:
Nonlinear functions:
   BoundRelu(name=/15, inputs=[/input], perturbed=True)
   BoundRelu(name=/17, inputs=[/input-3], perturbed=True)
build batch [1/1]
initial crown bounds (first 10 items): [8.195432662963867, 18.310626983642578, 8.212579727172852, 8.914480209350586, 14.966672897338867, 19.41428565979004, 12.223877906799316, 28.569984436035156, 15.839442253112793, 12.30154037475586]
Global lower bound: 6.316538333892822
verified with init bound!
Result: safe-incomplete in 0.1819 seconds

 %%%%%%%%%%%%%%%%%%%%%%%%%%%%%%%%%%% idx: 148, vnnlib ID: 148 %%%%%%%%%%%%%%%%%%%%%%%%%%%%%%%%%%%
Using onnx models/emnist_fc.onnx
Using vnnlib specs/sample_11208_o.vnnlib
784 inputs and 26 outputs in vnnlib
Loading onnx /home/master2/Desktop/saehee/XAI/Assignment_04/emnist_abcrown/models/emnist_fc.onnx with quirks {}
Finished onnx model loading in 0.0027 seconds
Finished vnnlib processing in 0.000352 seconds
Attack parameters: initialization=uniform, steps=100, restarts=5, alpha=0.002500012516975403, GAMA=False
PGD attack margin (first 2 examples and 10 specs):
 tensor([[ 5.07863951,  8.59427071, 11.15611935,  5.60210323, 12.23852444,
         23.41679382,  9.80720520, 19.07938385, 17.65305710, 11.29415607]])
Total number of violation:  0
Processing batch 1/1...
PGD attack margin (first 2 examples and 10 specs):
 tensor([[ 4.44509268,  7.75426340, 10.63299847,  5.15689421, 11.50931168,
         22.53089333,  9.07817268, 18.07739449, 16.99081612, 10.67566013]])
Total number of violation:  0
Attack finished in 0.1294 seconds.
PGD attack failed
verified_status unknown
verified_success False
Model: BoundedModule(
  (/0): BoundInput(name=/0, inputs=[], perturbed=True)
  (/7): BoundParams(name=/7, inputs=[], perturbed=False)
  (/8): BoundParams(name=/8, inputs=[], perturbed=False)
  (/9): BoundParams(name=/9, inputs=[], perturbed=False)
  (/10): BoundParams(name=/10, inputs=[], perturbed=False)
  (/11): BoundParams(name=/11, inputs=[], perturbed=False)
  (/12): BoundParams(name=/12, inputs=[], perturbed=False)
  (/13): BoundFlatten(name=/13, inputs=[/0], perturbed=True)
  (/input): BoundLinear(name=/input, inputs=[/13, /7, /8], perturbed=True)
  (/15): BoundRelu(name=/15, inputs=[/input], perturbed=True)
  (/input-3): BoundLinear(name=/input-3, inputs=[/15, /9, /10], perturbed=True)
  (/17): BoundRelu(name=/17, inputs=[/input-3], perturbed=True)
  (/18): BoundLinear(name=/18, inputs=[/17, /11, /12], perturbed=True)
)
Original output in the first batch: tensor([[  5.92248821,   2.44436884,  -0.07357705,   5.39463186,  -1.18187404,
         -12.39944935,   1.19820309,  -8.11392975,  -6.69766045,  -0.29773563,
         -19.31880188,  -7.06309032,  -9.33683205,  -2.29712296,  11.03367043,
          -7.10068989,   1.73574126, -11.61257458,   0.52326512, -10.38706684,
           3.01323652,  -5.36910200,  -6.43434429, -13.74432373,  -4.54303360,
          -8.94389153]])
Split layers:
Nonlinear functions:
   BoundRelu(name=/15, inputs=[/input], perturbed=True)
   BoundRelu(name=/17, inputs=[/input-3], perturbed=True)
build batch [1/1]
initial crown bounds (first 10 items): [4.317289352416992, 7.584835052490234, 10.506974220275879, 5.07891321182251, 11.40054702758789, 22.405527114868164, 8.943812370300293, 17.860191345214844, 16.88763999938965, 10.559309959411621]
Global lower bound: 4.317289352416992
verified with init bound!
Result: safe-incomplete in 0.1812 seconds

 %%%%%%%%%%%%%%%%%%%%%%%%%%%%%%%%%%% idx: 149, vnnlib ID: 149 %%%%%%%%%%%%%%%%%%%%%%%%%%%%%%%%%%%
Using onnx models/emnist_fc.onnx
Using vnnlib specs/sample_11209_o.vnnlib
784 inputs and 26 outputs in vnnlib
Loading onnx /home/master2/Desktop/saehee/XAI/Assignment_04/emnist_abcrown/models/emnist_fc.onnx with quirks {}
Finished onnx model loading in 0.0026 seconds
Finished vnnlib processing in 0.000336 seconds
Attack parameters: initialization=uniform, steps=100, restarts=5, alpha=0.0025000013411045074, GAMA=False
PGD attack margin (first 2 examples and 10 specs):
 tensor([[11.99261856, 11.09608459,  6.94461679,  6.65224457, 17.41741180,
         17.64658737, 12.99813747, 19.60416412, 17.01756287, 15.21447945]])
Total number of violation:  0
Processing batch 1/1...
PGD attack margin (first 2 examples and 10 specs):
 tensor([[11.10121155, 10.12121677,  6.40887737,  6.03364658, 16.40724373,
         16.53364754, 12.19420147, 18.23777008, 16.16707611, 14.45051003]])
Total number of violation:  0
Attack finished in 0.1067 seconds.
PGD attack failed
verified_status unknown
verified_success False
Model: BoundedModule(
  (/0): BoundInput(name=/0, inputs=[], perturbed=True)
  (/7): BoundParams(name=/7, inputs=[], perturbed=False)
  (/8): BoundParams(name=/8, inputs=[], perturbed=False)
  (/9): BoundParams(name=/9, inputs=[], perturbed=False)
  (/10): BoundParams(name=/10, inputs=[], perturbed=False)
  (/11): BoundParams(name=/11, inputs=[], perturbed=False)
  (/12): BoundParams(name=/12, inputs=[], perturbed=False)
  (/13): BoundFlatten(name=/13, inputs=[/0], perturbed=True)
  (/input): BoundLinear(name=/input, inputs=[/13, /7, /8], perturbed=True)
  (/15): BoundRelu(name=/15, inputs=[/input], perturbed=True)
  (/input-3): BoundLinear(name=/input-3, inputs=[/15, /9, /10], perturbed=True)
  (/17): BoundRelu(name=/17, inputs=[/input-3], perturbed=True)
  (/18): BoundLinear(name=/18, inputs=[/17, /11, /12], perturbed=True)
)
Original output in the first batch: tensor([[ -0.81858218,   0.11586574,   4.20466805,   4.53712273,  -6.19881058,
          -6.37321615,  -1.80279565,  -8.35192966,  -5.83671236,  -4.00345755,
         -11.38507938,  -3.64285302,  -8.47864532,  -3.18912649,  11.12266541,
          -1.23500657,   1.55621040,  -5.55611753,  -6.41907120,  -5.28317642,
          -1.03502285,  -4.41425991,  -8.45024872, -18.21651077,  -5.29848099,
         -12.99576664]])
Split layers:
Nonlinear functions:
   BoundRelu(name=/15, inputs=[/input], perturbed=True)
   BoundRelu(name=/17, inputs=[/input-3], perturbed=True)
build batch [1/1]
initial crown bounds (first 10 items): [11.012442588806152, 9.871369361877441, 6.2305145263671875, 5.871959209442139, 16.21034812927246, 16.359010696411133, 11.99416732788086, 17.92618179321289, 15.922805786132812, 14.14671516418457]
Global lower bound: 5.871959209442139
verified with init bound!
Result: safe-incomplete in 0.1582 seconds

 %%%%%%%%%%%%%%%%%%%%%%%%%%%%%%%%%%% idx: 150, vnnlib ID: 150 %%%%%%%%%%%%%%%%%%%%%%%%%%%%%%%%%%%
Using onnx models/emnist_fc.onnx
Using vnnlib specs/sample_12000_p.vnnlib
Precompiled vnnlib file found at /home/master2/Desktop/saehee/XAI/Assignment_04/emnist_abcrown/specs/sample_12000_p.vnnlib.compiled
Loading onnx /home/master2/Desktop/saehee/XAI/Assignment_04/emnist_abcrown/models/emnist_fc.onnx with quirks {}
Finished onnx model loading in 0.0031 seconds
Finished vnnlib processing in 0.000329 seconds
Attack parameters: initialization=uniform, steps=100, restarts=5, alpha=0.002500012516975403, GAMA=False
PGD attack margin (first 2 examples and 10 specs):
 tensor([[24.95641136, 12.84609985, 20.34232140,  9.06007576, 14.06241131,
         10.73266983, 28.45821190, 30.70741653, 23.19117546, 26.83773422]])
Total number of violation:  0
Processing batch 1/1...
PGD attack margin (first 2 examples and 10 specs):
 tensor([[23.82774353, 11.94374466, 19.41050529,  8.09175014, 13.08776760,
         10.08873653, 27.63786697, 29.48999786, 22.08680534, 25.74274063]])
Total number of violation:  0
Attack finished in 0.1046 seconds.
PGD attack failed
verified_status unknown
verified_success False
Model: BoundedModule(
  (/0): BoundInput(name=/0, inputs=[], perturbed=True)
  (/7): BoundParams(name=/7, inputs=[], perturbed=False)
  (/8): BoundParams(name=/8, inputs=[], perturbed=False)
  (/9): BoundParams(name=/9, inputs=[], perturbed=False)
  (/10): BoundParams(name=/10, inputs=[], perturbed=False)
  (/11): BoundParams(name=/11, inputs=[], perturbed=False)
  (/12): BoundParams(name=/12, inputs=[], perturbed=False)
  (/13): BoundFlatten(name=/13, inputs=[/0], perturbed=True)
  (/input): BoundLinear(name=/input, inputs=[/13, /7, /8], perturbed=True)
  (/15): BoundRelu(name=/15, inputs=[/input], perturbed=True)
  (/input-3): BoundLinear(name=/input-3, inputs=[/15, /9, /10], perturbed=True)
  (/17): BoundRelu(name=/17, inputs=[/input-3], perturbed=True)
  (/18): BoundLinear(name=/18, inputs=[/17, /11, /12], perturbed=True)
)
Original output in the first batch: tensor([[ -9.68898392,   2.41929865,  -5.14880419,   6.12919331,   1.26449811,
           4.46248913, -13.21539021, -15.45938396,  -7.98191071, -11.69719315,
         -12.71519756,  -2.85713792, -15.23236561,  -7.48786402,  -1.68747663,
          15.20286274,  -8.48730087,  11.20343876,  -9.23625851,  -6.65760660,
          -8.03904819,  -1.01582181,  -8.43859482, -19.89979553, -12.51123619,
          -9.37557793]])
Split layers:
Nonlinear functions:
   BoundRelu(name=/15, inputs=[/input], perturbed=True)
   BoundRelu(name=/17, inputs=[/input-3], perturbed=True)
build batch [1/1]
initial crown bounds (first 10 items): [23.64207649230957, 11.80552864074707, 19.367074966430664, 7.976960182189941, 13.043424606323242, 10.025568008422852, 27.539400100708008, 29.309463500976562, 21.989459991455078, 25.603445053100586]
Global lower bound: 3.1746976375579834
verified with init bound!
Result: safe-incomplete in 0.1353 seconds

 %%%%%%%%%%%%%%%%%%%%%%%%%%%%%%%%%%% idx: 151, vnnlib ID: 151 %%%%%%%%%%%%%%%%%%%%%%%%%%%%%%%%%%%
Using onnx models/emnist_fc.onnx
Using vnnlib specs/sample_12001_p.vnnlib
784 inputs and 26 outputs in vnnlib
Loading onnx /home/master2/Desktop/saehee/XAI/Assignment_04/emnist_abcrown/models/emnist_fc.onnx with quirks {}
Finished onnx model loading in 0.0026 seconds
Finished vnnlib processing in 0.000378 seconds
Attack parameters: initialization=uniform, steps=100, restarts=5, alpha=0.0025000013411045074, GAMA=False
PGD attack margin (first 2 examples and 10 specs):
 tensor([[11.66681290, 15.83758450, 19.99715614, 18.77404404, 19.38474655,
          9.40090084, 18.63446426, 21.79761696, 27.34465790, 26.49334526]])
Total number of violation:  0
Processing batch 1/1...
PGD attack margin (first 2 examples and 10 specs):
 tensor([[10.38373184, 13.96084595, 18.74726868, 17.40628433, 18.17963982,
          8.68253326, 17.36018372, 20.45741463, 26.13948822, 25.14741707]])
Total number of violation:  0
Attack finished in 0.1191 seconds.
PGD attack failed
verified_status unknown
verified_success False
Model: BoundedModule(
  (/0): BoundInput(name=/0, inputs=[], perturbed=True)
  (/7): BoundParams(name=/7, inputs=[], perturbed=False)
  (/8): BoundParams(name=/8, inputs=[], perturbed=False)
  (/9): BoundParams(name=/9, inputs=[], perturbed=False)
  (/10): BoundParams(name=/10, inputs=[], perturbed=False)
  (/11): BoundParams(name=/11, inputs=[], perturbed=False)
  (/12): BoundParams(name=/12, inputs=[], perturbed=False)
  (/13): BoundFlatten(name=/13, inputs=[/0], perturbed=True)
  (/input): BoundLinear(name=/input, inputs=[/13, /7, /8], perturbed=True)
  (/15): BoundRelu(name=/15, inputs=[/input], perturbed=True)
  (/input-3): BoundLinear(name=/input-3, inputs=[/15, /9, /10], perturbed=True)
  (/17): BoundRelu(name=/17, inputs=[/input-3], perturbed=True)
  (/18): BoundLinear(name=/18, inputs=[/17, /11, /12], perturbed=True)
)
Original output in the first batch: tensor([[  4.13568878,   0.13539460,  -4.14430141,  -2.80611539,  -3.47331262,
           6.41607046,  -2.78126216,  -5.98104191, -11.47011948, -10.57043839,
         -11.50291634, -10.23425579,  -6.38911390,  -5.99705935,   0.31457615,
          15.79622841,   0.46371368,   2.21194482,  -7.65066099,  -2.72043586,
         -13.16697216,  -9.30390453, -10.91597843, -18.63736725,  -6.22916985,
          -6.68207502]])
Split layers:
Nonlinear functions:
   BoundRelu(name=/15, inputs=[/input], perturbed=True)
   BoundRelu(name=/17, inputs=[/input-3], perturbed=True)
build batch [1/1]
initial crown bounds (first 10 items): [10.167513847351074, 13.503152847290039, 18.371065139770508, 17.12765884399414, 17.88951301574707, 8.2601900100708, 17.070945739746094, 20.143590927124023, 25.846088409423828, 24.718713760375977]
Global lower bound: 8.2601900100708
verified with init bound!
Result: safe-incomplete in 0.1704 seconds

 %%%%%%%%%%%%%%%%%%%%%%%%%%%%%%%%%%% idx: 152, vnnlib ID: 152 %%%%%%%%%%%%%%%%%%%%%%%%%%%%%%%%%%%
Using onnx models/emnist_fc.onnx
Using vnnlib specs/sample_12002_p.vnnlib
784 inputs and 26 outputs in vnnlib
Loading onnx /home/master2/Desktop/saehee/XAI/Assignment_04/emnist_abcrown/models/emnist_fc.onnx with quirks {}
Finished onnx model loading in 0.0028 seconds
Finished vnnlib processing in 0.000392 seconds
Attack parameters: initialization=uniform, steps=100, restarts=5, alpha=0.0025000013411045074, GAMA=False
PGD attack margin (first 2 examples and 10 specs):
 tensor([[12.14501190, 11.83696747,  8.94853878, 26.35396957,  3.95703459,
         -1.38760757,  7.67190742, 24.67030144, 26.08463669, 20.35644722]])
Total number of violation:  1
Clean input adversarial, attack skipped.

Checking and Saving Counterexample in check_and_save_cex

verified_status unsafe-pgd
verified_success True
Result: unsafe-pgd in 0.0320 seconds

 %%%%%%%%%%%%%%%%%%%%%%%%%%%%%%%%%%% idx: 153, vnnlib ID: 153 %%%%%%%%%%%%%%%%%%%%%%%%%%%%%%%%%%%
Using onnx models/emnist_fc.onnx
Using vnnlib specs/sample_12003_p.vnnlib
784 inputs and 26 outputs in vnnlib
Loading onnx /home/master2/Desktop/saehee/XAI/Assignment_04/emnist_abcrown/models/emnist_fc.onnx with quirks {}
Finished onnx model loading in 0.0032 seconds
Finished vnnlib processing in 0.000399 seconds
Attack parameters: initialization=uniform, steps=100, restarts=5, alpha=0.0025000013411045074, GAMA=False
PGD attack margin (first 2 examples and 10 specs):
 tensor([[19.57357025, 21.60070038, 24.47853088, 23.40383530, 18.28752327,
         10.41131401, 15.00201225, 16.57157898, 17.61467361, 26.24829865]])
Total number of violation:  0
Processing batch 1/1...
PGD attack margin (first 2 examples and 10 specs):
 tensor([[18.36801147, 20.37249756, 23.49483109, 22.37825394, 17.43026924,
          9.68429089, 14.15076351, 15.25555038, 16.44555092, 25.02623367]])
Total number of violation:  0
Attack finished in 0.1218 seconds.
PGD attack failed
verified_status unknown
verified_success False
Model: BoundedModule(
  (/0): BoundInput(name=/0, inputs=[], perturbed=True)
  (/7): BoundParams(name=/7, inputs=[], perturbed=False)
  (/8): BoundParams(name=/8, inputs=[], perturbed=False)
  (/9): BoundParams(name=/9, inputs=[], perturbed=False)
  (/10): BoundParams(name=/10, inputs=[], perturbed=False)
  (/11): BoundParams(name=/11, inputs=[], perturbed=False)
  (/12): BoundParams(name=/12, inputs=[], perturbed=False)
  (/13): BoundFlatten(name=/13, inputs=[/0], perturbed=True)
  (/input): BoundLinear(name=/input, inputs=[/13, /7, /8], perturbed=True)
  (/15): BoundRelu(name=/15, inputs=[/input], perturbed=True)
  (/input-3): BoundLinear(name=/input-3, inputs=[/15, /9, /10], perturbed=True)
  (/17): BoundRelu(name=/17, inputs=[/input-3], perturbed=True)
  (/18): BoundLinear(name=/18, inputs=[/17, /11, /12], perturbed=True)
)
Original output in the first batch: tensor([[ -7.92102432,  -9.92607307, -12.92646885, -11.72757912,  -6.64546776,
           1.09143221,  -3.37251806,  -4.87488556,  -5.99983454, -14.63800716,
          -4.12247372,  -1.19340408, -10.36190987,  -2.11178064, -11.65313530,
          11.51020718,  -1.73172033,   5.02939224,  -9.81356049,  -3.12592936,
         -13.53920269,  -1.62288451,  -5.57198286,  -9.86345768,  -1.44489861,
         -12.25289726]])
Split layers:
Nonlinear functions:
   BoundRelu(name=/15, inputs=[/input], perturbed=True)
   BoundRelu(name=/17, inputs=[/input-3], perturbed=True)
build batch [1/1]
initial crown bounds (first 10 items): [18.2113037109375, 20.260089874267578, 23.444429397583008, 22.191801071166992, 17.361656188964844, 9.619046211242676, 14.044547080993652, 15.149225234985352, 16.37686538696289, 24.956314086914062]
Global lower bound: 5.483584403991699
verified with init bound!
Result: safe-incomplete in 0.2328 seconds

 %%%%%%%%%%%%%%%%%%%%%%%%%%%%%%%%%%% idx: 154, vnnlib ID: 154 %%%%%%%%%%%%%%%%%%%%%%%%%%%%%%%%%%%
Using onnx models/emnist_fc.onnx
Using vnnlib specs/sample_12004_p.vnnlib
784 inputs and 26 outputs in vnnlib
Loading onnx /home/master2/Desktop/saehee/XAI/Assignment_04/emnist_abcrown/models/emnist_fc.onnx with quirks {}
Finished onnx model loading in 0.0029 seconds
Finished vnnlib processing in 0.000354 seconds
Attack parameters: initialization=uniform, steps=100, restarts=5, alpha=0.0025000013411045074, GAMA=False
PGD attack margin (first 2 examples and 10 specs):
 tensor([[12.58293533, 13.12482738, 15.40689850, 19.47802353, 14.91582108,
          5.88931179, 14.35315132, 12.82579994, 15.92412186, 18.85087585]])
Total number of violation:  0
Processing batch 1/1...
PGD attack margin (first 2 examples and 10 specs):
 tensor([[11.35884762, 11.58080769, 14.34827995, 18.06581879, 13.67072773,
          5.16621256, 13.40223885, 11.50872612, 14.74130440, 17.60332108]])
Total number of violation:  0
Attack finished in 0.1070 seconds.
PGD attack failed
verified_status unknown
verified_success False
Model: BoundedModule(
  (/0): BoundInput(name=/0, inputs=[], perturbed=True)
  (/7): BoundParams(name=/7, inputs=[], perturbed=False)
  (/8): BoundParams(name=/8, inputs=[], perturbed=False)
  (/9): BoundParams(name=/9, inputs=[], perturbed=False)
  (/10): BoundParams(name=/10, inputs=[], perturbed=False)
  (/11): BoundParams(name=/11, inputs=[], perturbed=False)
  (/12): BoundParams(name=/12, inputs=[], perturbed=False)
  (/13): BoundFlatten(name=/13, inputs=[/0], perturbed=True)
  (/input): BoundLinear(name=/input, inputs=[/13, /7, /8], perturbed=True)
  (/15): BoundRelu(name=/15, inputs=[/input], perturbed=True)
  (/input-3): BoundLinear(name=/input-3, inputs=[/15, /9, /10], perturbed=True)
  (/17): BoundRelu(name=/17, inputs=[/input-3], perturbed=True)
  (/18): BoundLinear(name=/18, inputs=[/17, /11, /12], perturbed=True)
)
Original output in the first batch: tensor([[-2.08345509e+00, -2.49853754e+00, -4.82623100e+00, -8.76546288e+00,
         -4.34024191e+00,  4.57808542e+00, -3.83041620e+00, -2.26659870e+00,
         -5.32447481e+00, -8.25991440e+00, -5.72043133e+00, -5.56383705e+00,
         -6.86799955e+00, -5.76329851e+00, -3.65178251e+00,  1.04241552e+01,
         -7.67645985e-03,  3.64955246e-01, -8.74113369e+00, -4.66903895e-01,
         -1.08012228e+01, -4.06380558e+00, -1.01428699e+01, -1.50404882e+01,
         -3.46567941e+00, -1.03728485e+01]])
Split layers:
Nonlinear functions:
   BoundRelu(name=/15, inputs=[/input], perturbed=True)
   BoundRelu(name=/17, inputs=[/input-3], perturbed=True)
build batch [1/1]
initial crown bounds (first 10 items): [11.156399726867676, 11.407185554504395, 14.112857818603516, 17.85151481628418, 13.434629440307617, 4.900331020355225, 13.127117156982422, 11.355252265930176, 14.555542945861816, 17.380903244018555]
Global lower bound: 4.900331020355225
verified with init bound!
Result: safe-incomplete in 0.1612 seconds

 %%%%%%%%%%%%%%%%%%%%%%%%%%%%%%%%%%% idx: 155, vnnlib ID: 155 %%%%%%%%%%%%%%%%%%%%%%%%%%%%%%%%%%%
Using onnx models/emnist_fc.onnx
Using vnnlib specs/sample_12005_p.vnnlib
784 inputs and 26 outputs in vnnlib
Loading onnx /home/master2/Desktop/saehee/XAI/Assignment_04/emnist_abcrown/models/emnist_fc.onnx with quirks {}
Finished onnx model loading in 0.0027 seconds
Finished vnnlib processing in 0.000338 seconds
Attack parameters: initialization=uniform, steps=100, restarts=5, alpha=0.002500012516975403, GAMA=False
PGD attack margin (first 2 examples and 10 specs):
 tensor([[20.42347145, 20.56283951, 28.84326172, 27.04089355, 26.91922569,
         15.97180176, 24.77536964, 34.97653961, 38.13861084, 37.90745926]])
Total number of violation:  0
Processing batch 1/1...
PGD attack margin (first 2 examples and 10 specs):
 tensor([[19.41969490, 19.13045120, 27.75748825, 25.94405556, 25.81447029,
         15.19981766, 23.69040298, 33.92809296, 37.09453964, 36.74174500]])
Total number of violation:  0
Attack finished in 0.1128 seconds.
PGD attack failed
verified_status unknown
verified_success False
Model: BoundedModule(
  (/0): BoundInput(name=/0, inputs=[], perturbed=True)
  (/7): BoundParams(name=/7, inputs=[], perturbed=False)
  (/8): BoundParams(name=/8, inputs=[], perturbed=False)
  (/9): BoundParams(name=/9, inputs=[], perturbed=False)
  (/10): BoundParams(name=/10, inputs=[], perturbed=False)
  (/11): BoundParams(name=/11, inputs=[], perturbed=False)
  (/12): BoundParams(name=/12, inputs=[], perturbed=False)
  (/13): BoundFlatten(name=/13, inputs=[/0], perturbed=True)
  (/input): BoundLinear(name=/input, inputs=[/13, /7, /8], perturbed=True)
  (/15): BoundRelu(name=/15, inputs=[/input], perturbed=True)
  (/input-3): BoundLinear(name=/input-3, inputs=[/15, /9, /10], perturbed=True)
  (/17): BoundRelu(name=/17, inputs=[/input-3], perturbed=True)
  (/18): BoundLinear(name=/18, inputs=[/17, /11, /12], perturbed=True)
)
Original output in the first batch: tensor([[  2.20041561,   2.20114756,  -6.12525463,  -4.32540035,  -4.16986132,
           6.68141699,  -2.04105997, -12.37511921, -15.45351696, -15.15827942,
         -14.95022106, -10.96627617, -11.68136883, -10.90795135,   0.84016132,
          22.62246704,   0.49737123,   2.93344212,  -8.41332626,  -7.50608778,
         -13.62222767,  -8.30889511, -14.22646427, -21.61007881,  -6.75769234,
         -12.54795456]])
Split layers:
Nonlinear functions:
   BoundRelu(name=/15, inputs=[/input], perturbed=True)
   BoundRelu(name=/17, inputs=[/input-3], perturbed=True)
build batch [1/1]
initial crown bounds (first 10 items): [19.21824836730957, 18.873815536499023, 27.503379821777344, 25.70142936706543, 25.535621643066406, 14.972555160522461, 23.44614601135254, 33.685707092285156, 36.81611633300781, 36.459571838378906]
Global lower bound: 14.972555160522461
verified with init bound!
Result: safe-incomplete in 0.1671 seconds

 %%%%%%%%%%%%%%%%%%%%%%%%%%%%%%%%%%% idx: 156, vnnlib ID: 156 %%%%%%%%%%%%%%%%%%%%%%%%%%%%%%%%%%%
Using onnx models/emnist_fc.onnx
Using vnnlib specs/sample_12006_p.vnnlib
784 inputs and 26 outputs in vnnlib
Loading onnx /home/master2/Desktop/saehee/XAI/Assignment_04/emnist_abcrown/models/emnist_fc.onnx with quirks {}
Finished onnx model loading in 0.0029 seconds
Finished vnnlib processing in 0.000380 seconds
Attack parameters: initialization=uniform, steps=100, restarts=5, alpha=0.002500012516975403, GAMA=False
PGD attack margin (first 2 examples and 10 specs):
 tensor([[15.81229496, 20.99395370, 18.75816345, 19.93311310, 16.83985138,
          8.47418404, 14.69651604, 17.40758133, 16.93160820, 22.40568542]])
Total number of violation:  0
Processing batch 1/1...
PGD attack margin (first 2 examples and 10 specs):
 tensor([[14.48015881, 19.55589676, 17.69914818, 18.73893929, 15.65049362,
          7.65674686, 13.72027588, 16.06717110, 15.68403530, 21.27450943]])
Total number of violation:  0
Attack finished in 0.1210 seconds.
PGD attack failed
verified_status unknown
verified_success False
Model: BoundedModule(
  (/0): BoundInput(name=/0, inputs=[], perturbed=True)
  (/7): BoundParams(name=/7, inputs=[], perturbed=False)
  (/8): BoundParams(name=/8, inputs=[], perturbed=False)
  (/9): BoundParams(name=/9, inputs=[], perturbed=False)
  (/10): BoundParams(name=/10, inputs=[], perturbed=False)
  (/11): BoundParams(name=/11, inputs=[], perturbed=False)
  (/12): BoundParams(name=/12, inputs=[], perturbed=False)
  (/13): BoundFlatten(name=/13, inputs=[/0], perturbed=True)
  (/input): BoundLinear(name=/input, inputs=[/13, /7, /8], perturbed=True)
  (/15): BoundRelu(name=/15, inputs=[/input], perturbed=True)
  (/input-3): BoundLinear(name=/input-3, inputs=[/15, /9, /10], perturbed=True)
  (/17): BoundRelu(name=/17, inputs=[/input-3], perturbed=True)
  (/18): BoundLinear(name=/18, inputs=[/17, /11, /12], perturbed=True)
)
Original output in the first batch: tensor([[ -5.05354357, -10.11154747,  -8.02817917,  -9.09471226,  -5.98351288,
           2.24315763,  -3.97126102,  -6.61468792,  -6.14255857, -11.64403915,
          -6.27499342,  -2.67028356,  -5.65719080,  -3.96974182,  -6.15858078,
          10.64305782,  -1.27800322,  -0.72274262,  -6.03077888,  -2.68426776,
          -5.57966137,  -1.37777472,  -3.99408221,  -8.80916977,   1.51114798,
          -8.29570770]])
Split layers:
Nonlinear functions:
   BoundRelu(name=/15, inputs=[/input], perturbed=True)
   BoundRelu(name=/17, inputs=[/input-3], perturbed=True)
build batch [1/1]
initial crown bounds (first 10 items): [14.215036392211914, 19.169208526611328, 17.33516502380371, 18.347049713134766, 15.39034652709961, 7.1671142578125, 13.43729305267334, 15.75879192352295, 15.352837562561035, 20.748306274414062]
Global lower bound: 7.1671142578125
verified with init bound!
Result: safe-incomplete in 0.1751 seconds

 %%%%%%%%%%%%%%%%%%%%%%%%%%%%%%%%%%% idx: 157, vnnlib ID: 157 %%%%%%%%%%%%%%%%%%%%%%%%%%%%%%%%%%%
Using onnx models/emnist_fc.onnx
Using vnnlib specs/sample_12007_p.vnnlib
784 inputs and 26 outputs in vnnlib
Loading onnx /home/master2/Desktop/saehee/XAI/Assignment_04/emnist_abcrown/models/emnist_fc.onnx with quirks {}
Finished onnx model loading in 0.0027 seconds
Finished vnnlib processing in 0.000351 seconds
Attack parameters: initialization=uniform, steps=100, restarts=5, alpha=0.0025000013411045074, GAMA=False
PGD attack margin (first 2 examples and 10 specs):
 tensor([[20.57742691, 14.86495972, 20.70977020, 19.89740562, 17.59481239,
          8.96781921, 16.05094910, 19.71334839, 21.77587891, 24.41978455]])
Total number of violation:  0
Processing batch 1/1...
PGD attack margin (first 2 examples and 10 specs):
 tensor([[19.45971680, 13.28250694, 19.62670708, 18.55641174, 16.25955009,
          8.10503960, 15.10643768, 18.41399765, 20.60588837, 23.17465210]])
Total number of violation:  0
Attack finished in 0.1188 seconds.
PGD attack failed
verified_status unknown
verified_success False
Model: BoundedModule(
  (/0): BoundInput(name=/0, inputs=[], perturbed=True)
  (/7): BoundParams(name=/7, inputs=[], perturbed=False)
  (/8): BoundParams(name=/8, inputs=[], perturbed=False)
  (/9): BoundParams(name=/9, inputs=[], perturbed=False)
  (/10): BoundParams(name=/10, inputs=[], perturbed=False)
  (/11): BoundParams(name=/11, inputs=[], perturbed=False)
  (/12): BoundParams(name=/12, inputs=[], perturbed=False)
  (/13): BoundFlatten(name=/13, inputs=[/0], perturbed=True)
  (/input): BoundLinear(name=/input, inputs=[/13, /7, /8], perturbed=True)
  (/15): BoundRelu(name=/15, inputs=[/input], perturbed=True)
  (/input-3): BoundLinear(name=/input-3, inputs=[/15, /9, /10], perturbed=True)
  (/17): BoundRelu(name=/17, inputs=[/input-3], perturbed=True)
  (/18): BoundLinear(name=/18, inputs=[/17, /11, /12], perturbed=True)
)
Original output in the first batch: tensor([[ -7.49644232,  -1.56842756,  -7.65249205,  -6.71659708,  -4.43163633,
           4.08113718,  -3.00499296,  -6.67036581,  -8.81980228, -11.36785316,
          -4.26863813,  -7.45731354,  -4.76455545,  -6.35482693,  -5.89984846,
          12.98605633,  -0.46500024,   0.23730724,  -4.41148329,  -1.90074980,
          -9.27229786,  -7.74833012,  -6.75367689,  -8.54344177,   0.75895983,
         -12.78521061]])
Split layers:
Nonlinear functions:
   BoundRelu(name=/15, inputs=[/input], perturbed=True)
   BoundRelu(name=/17, inputs=[/input-3], perturbed=True)
build batch [1/1]
initial crown bounds (first 10 items): [19.127195358276367, 12.913232803344727, 19.31325912475586, 18.217960357666016, 15.880757331848145, 7.871148109436035, 14.791732788085938, 18.127182006835938, 20.229936599731445, 22.830596923828125]
Global lower bound: 7.871148109436035
verified with init bound!
Result: safe-incomplete in 0.1696 seconds

 %%%%%%%%%%%%%%%%%%%%%%%%%%%%%%%%%%% idx: 158, vnnlib ID: 158 %%%%%%%%%%%%%%%%%%%%%%%%%%%%%%%%%%%
Using onnx models/emnist_fc.onnx
Using vnnlib specs/sample_12008_p.vnnlib
784 inputs and 26 outputs in vnnlib
Loading onnx /home/master2/Desktop/saehee/XAI/Assignment_04/emnist_abcrown/models/emnist_fc.onnx with quirks {}
Finished onnx model loading in 0.0032 seconds
Finished vnnlib processing in 0.000386 seconds
Attack parameters: initialization=uniform, steps=100, restarts=5, alpha=0.0025000013411045074, GAMA=False
PGD attack margin (first 2 examples and 10 specs):
 tensor([[12.13980484, 18.56752396, 17.58292580, 21.84473991, 13.28782177,
          5.70833111,  9.78663540, 16.01552200, 20.88449478, 24.30055237]])
Total number of violation:  0
Processing batch 1/1...
PGD attack margin (first 2 examples and 10 specs):
 tensor([[10.56774902, 16.50561142, 16.31756783, 20.01626778, 12.03774548,
          4.65527105,  8.48614311, 14.28587723, 19.57109070, 22.73534012]])
Total number of violation:  0
Attack finished in 0.1280 seconds.
PGD attack failed
verified_status unknown
verified_success False
Model: BoundedModule(
  (/0): BoundInput(name=/0, inputs=[], perturbed=True)
  (/7): BoundParams(name=/7, inputs=[], perturbed=False)
  (/8): BoundParams(name=/8, inputs=[], perturbed=False)
  (/9): BoundParams(name=/9, inputs=[], perturbed=False)
  (/10): BoundParams(name=/10, inputs=[], perturbed=False)
  (/11): BoundParams(name=/11, inputs=[], perturbed=False)
  (/12): BoundParams(name=/12, inputs=[], perturbed=False)
  (/13): BoundFlatten(name=/13, inputs=[/0], perturbed=True)
  (/input): BoundLinear(name=/input, inputs=[/13, /7, /8], perturbed=True)
  (/15): BoundRelu(name=/15, inputs=[/input], perturbed=True)
  (/input-3): BoundLinear(name=/input-3, inputs=[/15, /9, /10], perturbed=True)
  (/17): BoundRelu(name=/17, inputs=[/input-3], perturbed=True)
  (/18): BoundLinear(name=/18, inputs=[/17, /11, /12], perturbed=True)
)
Original output in the first batch: tensor([[ -1.03796172,  -7.35099792,  -6.51113844, -10.70106411,  -2.15340519,
           5.31502295,   1.27398801,  -4.87967539,  -9.78635120, -13.19881725,
          -9.66623020,  -5.17740917,  -9.67695713,  -9.93225193,  -7.67200422,
          11.01207542,   1.87025046,  -1.91676497,  -6.11731958,  -0.41875586,
         -11.04872608, -12.62504292,  -9.83698845, -12.60000229,  -0.51006788,
          -3.20753217]])
Split layers:
Nonlinear functions:
   BoundRelu(name=/15, inputs=[/input], perturbed=True)
   BoundRelu(name=/17, inputs=[/input-3], perturbed=True)
build batch [1/1]
initial crown bounds (first 10 items): [10.30186653137207, 16.062408447265625, 16.059579849243164, 19.6961727142334, 11.644174575805664, 4.205714702606201, 8.2030611038208, 13.919496536254883, 19.23924446105957, 22.298648834228516]
Global lower bound: 4.205714702606201
verified with init bound!
Result: safe-incomplete in 0.2420 seconds

 %%%%%%%%%%%%%%%%%%%%%%%%%%%%%%%%%%% idx: 159, vnnlib ID: 159 %%%%%%%%%%%%%%%%%%%%%%%%%%%%%%%%%%%
Using onnx models/emnist_fc.onnx
Using vnnlib specs/sample_12009_p.vnnlib
784 inputs and 26 outputs in vnnlib
Loading onnx /home/master2/Desktop/saehee/XAI/Assignment_04/emnist_abcrown/models/emnist_fc.onnx with quirks {}
Finished onnx model loading in 0.0034 seconds
Finished vnnlib processing in 0.000338 seconds
Attack parameters: initialization=uniform, steps=100, restarts=5, alpha=0.0025000013411045074, GAMA=False
PGD attack margin (first 2 examples and 10 specs):
 tensor([[18.91745949, 14.78306389, 18.84698486, 12.44059944, 19.89163208,
         12.94191360, 23.07006454, 26.15029907, 25.63603973, 28.55535126]])
Total number of violation:  0
Processing batch 1/1...
PGD attack margin (first 2 examples and 10 specs):
 tensor([[17.56294823, 13.24275017, 17.88303375, 11.72473526, 18.64910889,
         12.02877235, 21.87763596, 24.98057556, 24.88661003, 27.63608551]])
Total number of violation:  0
Attack finished in 0.1293 seconds.
PGD attack failed
verified_status unknown
verified_success False
Model: BoundedModule(
  (/0): BoundInput(name=/0, inputs=[], perturbed=True)
  (/7): BoundParams(name=/7, inputs=[], perturbed=False)
  (/8): BoundParams(name=/8, inputs=[], perturbed=False)
  (/9): BoundParams(name=/9, inputs=[], perturbed=False)
  (/10): BoundParams(name=/10, inputs=[], perturbed=False)
  (/11): BoundParams(name=/11, inputs=[], perturbed=False)
  (/12): BoundParams(name=/12, inputs=[], perturbed=False)
  (/13): BoundFlatten(name=/13, inputs=[/0], perturbed=True)
  (/input): BoundLinear(name=/input, inputs=[/13, /7, /8], perturbed=True)
  (/15): BoundRelu(name=/15, inputs=[/input], perturbed=True)
  (/input-3): BoundLinear(name=/input-3, inputs=[/15, /9, /10], perturbed=True)
  (/17): BoundRelu(name=/17, inputs=[/input-3], perturbed=True)
  (/18): BoundLinear(name=/18, inputs=[/17, /11, /12], perturbed=True)
)
Original output in the first batch: tensor([[ -2.04572034,   2.19112349,  -2.10897350,   4.33721352,  -2.97366738,
           3.82419229,  -6.25651836,  -9.23330212,  -8.90788364, -11.77584076,
         -16.01180458,  -2.24032211, -10.01044178,  -8.60453606,   1.94075918,
          16.72268105,  -3.14357233,   0.56584197,  -5.49858522,  -6.36442757,
          -7.31714916,  -9.75202084,  -7.41032219, -15.64334679,  -7.53058195,
          -7.55596542]])
Split layers:
Nonlinear functions:
   BoundRelu(name=/15, inputs=[/input], perturbed=True)
   BoundRelu(name=/17, inputs=[/input-3], perturbed=True)
build batch [1/1]
initial crown bounds (first 10 items): [17.51835823059082, 13.161943435668945, 17.80704116821289, 11.67776870727539, 18.54208755493164, 11.962861061096191, 21.786300659179688, 24.94723129272461, 24.842443466186523, 27.56720733642578]
Global lower bound: 11.67776870727539
verified with init bound!
Result: safe-incomplete in 0.1872 seconds

 %%%%%%%%%%%%%%%%%%%%%%%%%%%%%%%%%%% idx: 160, vnnlib ID: 160 %%%%%%%%%%%%%%%%%%%%%%%%%%%%%%%%%%%
Using onnx models/emnist_fc.onnx
Using vnnlib specs/sample_12800_q.vnnlib
Precompiled vnnlib file found at /home/master2/Desktop/saehee/XAI/Assignment_04/emnist_abcrown/specs/sample_12800_q.vnnlib.compiled
Loading onnx /home/master2/Desktop/saehee/XAI/Assignment_04/emnist_abcrown/models/emnist_fc.onnx with quirks {}
Finished onnx model loading in 0.0027 seconds
Finished vnnlib processing in 0.000323 seconds
Attack parameters: initialization=uniform, steps=100, restarts=5, alpha=0.0025000013411045074, GAMA=False
PGD attack margin (first 2 examples and 10 specs):
 tensor([[ 6.49945641, 16.44100952, 18.80967712, 14.36734962, 19.57512856,
         24.33675003,  6.01352406, 28.61040115, 23.32481384, 19.99639130]])
Total number of violation:  0
Processing batch 1/1...
PGD attack margin (first 2 examples and 10 specs):
 tensor([[ 5.81150246, 15.68455887, 18.18660927, 13.51120567, 18.97620201,
         23.52096558,  5.49103069, 27.70893097, 22.36642647, 19.00393867]])
Total number of violation:  0
Attack finished in 0.1247 seconds.
PGD attack failed
verified_status unknown
verified_success False
Model: BoundedModule(
  (/0): BoundInput(name=/0, inputs=[], perturbed=True)
  (/7): BoundParams(name=/7, inputs=[], perturbed=False)
  (/8): BoundParams(name=/8, inputs=[], perturbed=False)
  (/9): BoundParams(name=/9, inputs=[], perturbed=False)
  (/10): BoundParams(name=/10, inputs=[], perturbed=False)
  (/11): BoundParams(name=/11, inputs=[], perturbed=False)
  (/12): BoundParams(name=/12, inputs=[], perturbed=False)
  (/13): BoundFlatten(name=/13, inputs=[/0], perturbed=True)
  (/input): BoundLinear(name=/input, inputs=[/13, /7, /8], perturbed=True)
  (/15): BoundRelu(name=/15, inputs=[/input], perturbed=True)
  (/input-3): BoundLinear(name=/input-3, inputs=[/15, /9, /10], perturbed=True)
  (/17): BoundRelu(name=/17, inputs=[/input-3], perturbed=True)
  (/18): BoundLinear(name=/18, inputs=[/17, /11, /12], perturbed=True)
)
Original output in the first batch: tensor([[  7.85763264,  -2.00222993,  -4.44743633,   0.03600663,  -5.22483587,
          -9.95139790,   8.39732361, -14.28400517,  -8.88705349,  -5.56282568,
         -14.39444542,  -9.20160961, -10.33207607,  -7.18147564,  -2.02856755,
          -6.00183105,  14.35535812,  -3.24601650,  -5.31178474, -11.08014393,
          -6.38933468, -15.92895317,  -6.55258417, -11.21809578,  -5.50345182,
          -2.10093522]])
Split layers:
Nonlinear functions:
   BoundRelu(name=/15, inputs=[/input], perturbed=True)
   BoundRelu(name=/17, inputs=[/input-3], perturbed=True)
build batch [1/1]
initial crown bounds (first 10 items): [5.738070964813232, 15.559138298034668, 17.966785430908203, 13.369283676147461, 18.82442855834961, 23.42356300354004, 5.435708999633789, 27.6176815032959, 22.24843978881836, 18.901687622070312]
Global lower bound: 5.435708999633789
verified with init bound!
Result: safe-incomplete in 0.1547 seconds

 %%%%%%%%%%%%%%%%%%%%%%%%%%%%%%%%%%% idx: 161, vnnlib ID: 161 %%%%%%%%%%%%%%%%%%%%%%%%%%%%%%%%%%%
Using onnx models/emnist_fc.onnx
Using vnnlib specs/sample_12801_q.vnnlib
784 inputs and 26 outputs in vnnlib
Loading onnx /home/master2/Desktop/saehee/XAI/Assignment_04/emnist_abcrown/models/emnist_fc.onnx with quirks {}
Finished onnx model loading in 0.0028 seconds
Finished vnnlib processing in 0.000332 seconds
Attack parameters: initialization=uniform, steps=100, restarts=5, alpha=0.0025000013411045074, GAMA=False
PGD attack margin (first 2 examples and 10 specs):
 tensor([[16.76334381, 15.74585819, 16.88230515, 16.25207329, 14.45599651,
         19.66776085,  7.46864796, 27.65703583, 21.55245018, 19.50637817]])
Total number of violation:  0
Processing batch 1/1...
PGD attack margin (first 2 examples and 10 specs):
 tensor([[16.19457817, 15.00173187, 16.02378464, 15.57927132, 13.71504498,
         18.85502434,  7.06420612, 26.89506912, 20.75730515, 18.70221329]])
Total number of violation:  0
Attack finished in 0.1208 seconds.
PGD attack failed
verified_status unknown
verified_success False
Model: BoundedModule(
  (/0): BoundInput(name=/0, inputs=[], perturbed=True)
  (/7): BoundParams(name=/7, inputs=[], perturbed=False)
  (/8): BoundParams(name=/8, inputs=[], perturbed=False)
  (/9): BoundParams(name=/9, inputs=[], perturbed=False)
  (/10): BoundParams(name=/10, inputs=[], perturbed=False)
  (/11): BoundParams(name=/11, inputs=[], perturbed=False)
  (/12): BoundParams(name=/12, inputs=[], perturbed=False)
  (/13): BoundFlatten(name=/13, inputs=[/0], perturbed=True)
  (/input): BoundLinear(name=/input, inputs=[/13, /7, /8], perturbed=True)
  (/15): BoundRelu(name=/15, inputs=[/input], perturbed=True)
  (/input-3): BoundLinear(name=/input-3, inputs=[/15, /9, /10], perturbed=True)
  (/17): BoundRelu(name=/17, inputs=[/input-3], perturbed=True)
  (/18): BoundLinear(name=/18, inputs=[/17, /11, /12], perturbed=True)
)
Original output in the first batch: tensor([[ -1.86082661,  -0.75377858,  -1.94340098,  -1.34109497,   0.51079607,
          -4.80812311,   7.44390154, -12.80061340,  -6.62498569,  -4.59377623,
         -13.34667683,  -9.81463909, -14.17186928,  -8.57542515,  -0.79801828,
           0.36182603,  14.86016560,  -2.34991384,  -0.23387837,  -4.93896055,
         -11.25140190, -10.15567303,  -4.99809837, -12.16622448,  -7.49966860,
          -1.20733523]])
Split layers:
Nonlinear functions:
   BoundRelu(name=/15, inputs=[/input], perturbed=True)
   BoundRelu(name=/17, inputs=[/input-3], perturbed=True)
build batch [1/1]
initial crown bounds (first 10 items): [16.147336959838867, 14.909024238586426, 15.950912475585938, 15.47971248626709, 13.657771110534668, 18.775678634643555, 7.005031585693359, 26.824779510498047, 20.727161407470703, 18.674440383911133]
Global lower bound: 7.005031585693359
verified with init bound!
Result: safe-incomplete in 0.1730 seconds

 %%%%%%%%%%%%%%%%%%%%%%%%%%%%%%%%%%% idx: 162, vnnlib ID: 162 %%%%%%%%%%%%%%%%%%%%%%%%%%%%%%%%%%%
Using onnx models/emnist_fc.onnx
Using vnnlib specs/sample_12802_q.vnnlib
784 inputs and 26 outputs in vnnlib
Loading onnx /home/master2/Desktop/saehee/XAI/Assignment_04/emnist_abcrown/models/emnist_fc.onnx with quirks {}
Finished onnx model loading in 0.0027 seconds
Finished vnnlib processing in 0.000362 seconds
Attack parameters: initialization=uniform, steps=100, restarts=5, alpha=0.0025000013411045074, GAMA=False
PGD attack margin (first 2 examples and 10 specs):
 tensor([[-0.97301555,  5.57789898, -0.40761018,  5.11624575,  0.71539593,
          7.72984505, -0.38980865, 12.56586075,  7.75589943,  6.32871437]])
Total number of violation:  3
Clean input adversarial, attack skipped.

Checking and Saving Counterexample in check_and_save_cex

verified_status unsafe-pgd
verified_success True
Result: unsafe-pgd in 0.0331 seconds

 %%%%%%%%%%%%%%%%%%%%%%%%%%%%%%%%%%% idx: 163, vnnlib ID: 163 %%%%%%%%%%%%%%%%%%%%%%%%%%%%%%%%%%%
Using onnx models/emnist_fc.onnx
Using vnnlib specs/sample_12803_q.vnnlib
784 inputs and 26 outputs in vnnlib
Loading onnx /home/master2/Desktop/saehee/XAI/Assignment_04/emnist_abcrown/models/emnist_fc.onnx with quirks {}
Finished onnx model loading in 0.0032 seconds
Finished vnnlib processing in 0.000386 seconds
Attack parameters: initialization=uniform, steps=100, restarts=5, alpha=0.002500012516975403, GAMA=False
PGD attack margin (first 2 examples and 10 specs):
 tensor([[ 3.22122717, 15.70516014, 10.29507828, 11.33754539, 12.76541042,
         19.34194946,  4.23589802, 17.94028282, 16.13096619, 13.55564690]])
Total number of violation:  0
Processing batch 1/1...
PGD attack margin (first 2 examples and 10 specs):
 tensor([[ 2.40594959, 14.75408840,  9.33022594, 10.43321228, 11.80206108,
         18.46941376,  3.68296623, 17.04875374, 15.09625053, 12.40786457]])
Total number of violation:  0
Attack finished in 0.1223 seconds.
PGD attack failed
verified_status unknown
verified_success False
Model: BoundedModule(
  (/0): BoundInput(name=/0, inputs=[], perturbed=True)
  (/7): BoundParams(name=/7, inputs=[], perturbed=False)
  (/8): BoundParams(name=/8, inputs=[], perturbed=False)
  (/9): BoundParams(name=/9, inputs=[], perturbed=False)
  (/10): BoundParams(name=/10, inputs=[], perturbed=False)
  (/11): BoundParams(name=/11, inputs=[], perturbed=False)
  (/12): BoundParams(name=/12, inputs=[], perturbed=False)
  (/13): BoundFlatten(name=/13, inputs=[/0], perturbed=True)
  (/input): BoundLinear(name=/input, inputs=[/13, /7, /8], perturbed=True)
  (/15): BoundRelu(name=/15, inputs=[/input], perturbed=True)
  (/input-3): BoundLinear(name=/input-3, inputs=[/15, /9, /10], perturbed=True)
  (/17): BoundRelu(name=/17, inputs=[/input-3], perturbed=True)
  (/18): BoundLinear(name=/18, inputs=[/17, /11, /12], perturbed=True)
)
Original output in the first batch: tensor([[  6.38432789,  -6.01551867,  -0.59679985,  -1.66178703,  -3.11718726,
          -9.66433430,   5.40444756,  -8.32205772,  -6.47235584,  -3.85748911,
         -10.86675262,  -7.19483614,  -8.00054836,  -3.07950330,   2.80295372,
          -1.45208943,   9.60031128,  -8.09374428,  -2.74855161, -12.14945984,
          -2.01694441,  -5.81999779,  -0.55298883, -10.66170025,  -0.49500626,
          -7.14086103]])
Split layers:
Nonlinear functions:
   BoundRelu(name=/15, inputs=[/input], perturbed=True)
   BoundRelu(name=/17, inputs=[/input-3], perturbed=True)
build batch [1/1]
initial crown bounds (first 10 items): [2.249755620956421, 14.612034797668457, 9.171503067016602, 10.228123664855957, 11.654553413391113, 18.32147216796875, 3.599987030029297, 16.977596282958984, 14.949702262878418, 12.24315357208252]
Global lower bound: 2.249755620956421
verified with init bound!
Result: safe-incomplete in 0.2390 seconds

 %%%%%%%%%%%%%%%%%%%%%%%%%%%%%%%%%%% idx: 164, vnnlib ID: 164 %%%%%%%%%%%%%%%%%%%%%%%%%%%%%%%%%%%
Using onnx models/emnist_fc.onnx
Using vnnlib specs/sample_12804_q.vnnlib
784 inputs and 26 outputs in vnnlib
Loading onnx /home/master2/Desktop/saehee/XAI/Assignment_04/emnist_abcrown/models/emnist_fc.onnx with quirks {}
Finished onnx model loading in 0.0026 seconds
Finished vnnlib processing in 0.000357 seconds
Attack parameters: initialization=uniform, steps=100, restarts=5, alpha=0.0025000013411045074, GAMA=False
PGD attack margin (first 2 examples and 10 specs):
 tensor([[ 7.09007406, 18.52287483, 10.95304203, 21.57519341, 15.99976826,
          6.52236748,  0.43596077, 20.95139694, 18.60771561, 13.59387875]])
Total number of violation:  0
Processing batch 1/1...
PGD attack margin (first 2 examples and 10 specs):
 tensor([[ 6.62050629, 17.63658905, 10.05420589, 20.74632835, 15.25973511,
          5.46302986,  0.07116413, 20.11538124, 17.74128532, 12.73040199]])
Total number of violation:  0
Attack finished in 0.1217 seconds.
PGD attack failed
verified_status unknown
verified_success False
Model: BoundedModule(
  (/0): BoundInput(name=/0, inputs=[], perturbed=True)
  (/7): BoundParams(name=/7, inputs=[], perturbed=False)
  (/8): BoundParams(name=/8, inputs=[], perturbed=False)
  (/9): BoundParams(name=/9, inputs=[], perturbed=False)
  (/10): BoundParams(name=/10, inputs=[], perturbed=False)
  (/11): BoundParams(name=/11, inputs=[], perturbed=False)
  (/12): BoundParams(name=/12, inputs=[], perturbed=False)
  (/13): BoundFlatten(name=/13, inputs=[/0], perturbed=True)
  (/input): BoundLinear(name=/input, inputs=[/13, /7, /8], perturbed=True)
  (/15): BoundRelu(name=/15, inputs=[/input], perturbed=True)
  (/input-3): BoundLinear(name=/input-3, inputs=[/15, /9, /10], perturbed=True)
  (/17): BoundRelu(name=/17, inputs=[/input-3], perturbed=True)
  (/18): BoundLinear(name=/18, inputs=[/17, /11, /12], perturbed=True)
)
Original output in the first batch: tensor([[  2.48896313,  -8.92436981,  -1.33672190, -11.92958832,  -6.41922903,
           2.99542689,   9.16593075, -11.39157391,  -8.96574879,  -3.96413708,
         -17.10678291,  -7.80143452, -15.14533710,  -9.73233795,  -0.09043360,
          -3.95749784,   9.57558632,  -2.79896951,  -3.60064626,  -7.57565498,
          -7.66904116,  -9.88135147,  -7.55870390,  -7.17327690,  -2.13827348,
          -8.10447311]])
Split layers:
Nonlinear functions:
   BoundRelu(name=/15, inputs=[/input], perturbed=True)
   BoundRelu(name=/17, inputs=[/input-3], perturbed=True)
build batch [1/1]
initial crown bounds (first 10 items): [6.397898197174072, 17.4057559967041, 9.857850074768066, 20.57767677307129, 15.05982780456543, 5.180161476135254, -0.08598591387271881, 19.830459594726562, 17.562681198120117, 12.589903831481934]
Global lower bound: -0.08598591387271881
24 / 25 OR specs are verified.
Verified OR indices (first 10 items): [0, 1, 2, 3, 4, 5, 7, 8, 9, 10]
Verified OR lbs (first 10 items): [[6.397898197174072], [17.4057559967041], [9.857850074768066], [20.57767677307129], [15.05982780456543], [5.180161476135254], [19.830459594726562], [17.562681198120117], [12.589903831481934], [25.631038665771484]]
Unverified OR indices (first 10 items): [6]
Unverified OR lbs (first 10 items): [[-0.08598591387271881]]
###### Verifying property Instance 164 ######
Batch size: 1
First 10 spec matrices
C: tensor([[[ 0.,  0.,  0.,  0.,  0.,  0., -1.,  0.,  0.,  0.,  0.,  0.,  0.,  0.,
           0.,  0.,  1.,  0.,  0.,  0.,  0.,  0.,  0.,  0.,  0.,  0.]]])
RHS: tensor([[0.]])
OR spec sizes: tensor([1], dtype=torch.int32)
Remaining timeout: 29.766881227493286
Model prediction is: tensor([  2.48896313,  -8.92436981,  -1.33672190, -11.92958832,  -6.41922903,
          2.99542689,   9.16593075, -11.39157391,  -8.96574879,  -3.96413708,
        -17.10678291,  -7.80143452, -15.14533710,  -9.73233795,  -0.09043360,
         -3.95749784,   9.57558632,  -2.79896951,  -3.60064626,  -7.57565498,
         -7.66904116,  -9.88135147,  -7.55870390,  -7.17327690,  -2.13827348,
         -8.10447311])
Activation BaB batch 1/1 
build_with_refined_bounds batch [1/1]
layer /15 using sparse-features alpha with shape [17]; unstable size 17; total size 256 ([1, 256])
layer /15 start_node /18 using full alpha [2, 1, 1, 17] with unstable size None total_size 1 output_shape 1
layer /17 using sparse-features alpha with shape [9]; unstable size 9; total size 128 ([1, 128])
layer /17 start_node /18 using full alpha [2, 1, 1, 9] with unstable size None total_size 1 output_shape 1
Optimizable variables initialized.
all alpha initialized
directly get lb and ub from refined bounds
c shape: torch.Size([1, 1, 26])
lA shapes: [torch.Size([1, 1, 256]), torch.Size([1, 1, 128])]
(alpha-)CROWN with fixed intermediate bounds: tensor([[-0.08598591]]) tensor([[inf]])
Intermediate layers: /input,/input-3
Keeping alphas for these layers: ['/18']
Node /15 input 0: size torch.Size([256]) unstable 17
Node /17 input 0: size torch.Size([128]) unstable 9
-----------------
# of unstable neurons: 26
-----------------

BaB round 1
batch: 1
splitting decisions: 
split level 0: [/input-3, 55] 
split level 1: [/input-3, 45] 
split level 2: [/input, 47] 
split level 3: [/input, 144] 
split level 4: [/input-3, 23] 
best_l after optimization: -0.020351387560367584
beta sum per layer: [0.10398448258638382, 0.0]
alpha/beta optimization time: 0.05126500129699707
pruning_in_iteration open status: True
ratio of positive domain = 30 / 32 = 0.9375
pruning-in-iteration extra time: 0.0019216537475585938
Time: get_branching_decision.update_bounds 0.0078    pickout 0.0002    branching_decision 0.0000    decision 0.0000    set_bounds 0.0019    prepare 0.0005    transfer 0.0000    finalize 0.0001    func 0.0582    
Accumulated time: get_branching_decision.update_bounds 0.0078    bab_iteration 0.0000    pickout 0.0002    decision 0.0000    branching_decision 0.0000    set_bounds 0.0019    solve 0.0000    func 0.0582    prepare 0.0005    transfer 0.0000    finalize 0.0001    
max lb 9.999999747378752e-05 min lb -0.014436289668083191
Number of Verified Splits: 30 of 32
Current worst splitting domains lb-rhs (depth):
-0.01444 (5), -0.00892 (5), 
Current (lb-rhs): -0.014436289668083191
32 domains visited
Length of domains: 2
Cumulative time: 0.07284069061279297

BaB round 2
batch: 2
splitting decisions: 
split level 0: [/input, 189] [/input, 189] 
split level 1: [/input-3, 114] [/input-3, 114] 
split level 2: [/input, 33] [/input, 33] 
split level 3: [/input, 41] [/input, 41] 

all verified at 0th iter
best_l after optimization: 1.2250308990478516
beta sum per layer: [1.6637517213821411, 0.0]
alpha/beta optimization time: 0.0014972686767578125
pruning_in_iteration open status: False
ratio of positive domain = 32 / 32 = 1.0
pruning-in-iteration extra time: 1.1920928955078125e-05
Time: get_branching_decision.update_bounds 0.0078    pickout 0.0004    branching_decision 0.0000    decision 0.0000    set_bounds 0.0013    prepare 0.0005    transfer 0.0000    finalize 0.0000    func 0.0028    solve 0.0582    add 0.0002    bab_iteration 0.0607    
Accumulated time: get_branching_decision.update_bounds 0.0078    bab_iteration 0.0607    pickout 0.0006    decision 0.0001    branching_decision 0.0001    set_bounds 0.0033    solve 0.0582    func 0.0609    prepare 0.0009    transfer 0.0000    finalize 0.0001    add 0.0002    
max lb 0.054229408502578735 min lb 0.022452309727668762
Number of Verified Splits: 32 of 32
Current (lb-rhs): 1.0000000116860974e-07
64 domains visited
Length of domains: 0
Cumulative time: 0.07744669914245605

Result: safe in 0.3116 seconds

 %%%%%%%%%%%%%%%%%%%%%%%%%%%%%%%%%%% idx: 165, vnnlib ID: 165 %%%%%%%%%%%%%%%%%%%%%%%%%%%%%%%%%%%
Using onnx models/emnist_fc.onnx
Using vnnlib specs/sample_12805_q.vnnlib
784 inputs and 26 outputs in vnnlib
Loading onnx /home/master2/Desktop/saehee/XAI/Assignment_04/emnist_abcrown/models/emnist_fc.onnx with quirks {}
Finished onnx model loading in 0.0035 seconds
Finished vnnlib processing in 0.000385 seconds
Attack parameters: initialization=uniform, steps=100, restarts=5, alpha=0.0025000013411045074, GAMA=False
PGD attack margin (first 2 examples and 10 specs):
 tensor([[ 7.36797047, 15.78673935, 14.50007725, 14.50388527,  9.70240021,
         13.87509537,  5.39171600, 22.95964050, 21.04896164, 22.34798241]])
Total number of violation:  0
Processing batch 1/1...
PGD attack margin (first 2 examples and 10 specs):
 tensor([[ 6.97232771, 14.86509514, 13.97327042, 13.84590149,  9.09278393,
         13.14584064,  5.06627464, 22.27374458, 20.48698044, 21.65969086]])
Total number of violation:  0
Attack finished in 0.1288 seconds.
PGD attack failed
verified_status unknown
verified_success False
Model: BoundedModule(
  (/0): BoundInput(name=/0, inputs=[], perturbed=True)
  (/7): BoundParams(name=/7, inputs=[], perturbed=False)
  (/8): BoundParams(name=/8, inputs=[], perturbed=False)
  (/9): BoundParams(name=/9, inputs=[], perturbed=False)
  (/10): BoundParams(name=/10, inputs=[], perturbed=False)
  (/11): BoundParams(name=/11, inputs=[], perturbed=False)
  (/12): BoundParams(name=/12, inputs=[], perturbed=False)
  (/13): BoundFlatten(name=/13, inputs=[/0], perturbed=True)
  (/input): BoundLinear(name=/input, inputs=[/13, /7, /8], perturbed=True)
  (/15): BoundRelu(name=/15, inputs=[/input], perturbed=True)
  (/input-3): BoundLinear(name=/input-3, inputs=[/15, /9, /10], perturbed=True)
  (/17): BoundRelu(name=/17, inputs=[/input-3], perturbed=True)
  (/18): BoundLinear(name=/18, inputs=[/17, /11, /12], perturbed=True)
)
Original output in the first batch: tensor([[  3.46746206,  -4.88137054,  -3.67833614,  -3.69585228,   1.19318712,
          -3.10090232,   5.46659040, -12.15718555, -10.22583103, -11.52951622,
         -13.79219341,  -7.15672398, -14.11266422, -12.18211365,   1.80222571,
           3.35450959,  10.84622955,  -3.36903381,  -1.85448265, -10.03508377,
          -4.97960091,  -8.51903439,  -5.03014183, -11.79008293,  -3.08296943,
          -5.94316339]])
Split layers:
Nonlinear functions:
   BoundRelu(name=/15, inputs=[/input], perturbed=True)
   BoundRelu(name=/17, inputs=[/input-3], perturbed=True)
build batch [1/1]
initial crown bounds (first 10 items): [6.858872413635254, 14.747610092163086, 13.848559379577637, 13.708374977111816, 8.981322288513184, 12.937047004699707, 4.985387802124023, 22.1812801361084, 20.389183044433594, 21.535757064819336]
Global lower bound: 4.985387802124023
verified with init bound!
Result: safe-incomplete in 0.1797 seconds

 %%%%%%%%%%%%%%%%%%%%%%%%%%%%%%%%%%% idx: 166, vnnlib ID: 166 %%%%%%%%%%%%%%%%%%%%%%%%%%%%%%%%%%%
Using onnx models/emnist_fc.onnx
Using vnnlib specs/sample_12806_q.vnnlib
784 inputs and 26 outputs in vnnlib
Loading onnx /home/master2/Desktop/saehee/XAI/Assignment_04/emnist_abcrown/models/emnist_fc.onnx with quirks {}
Finished onnx model loading in 0.0026 seconds
Finished vnnlib processing in 0.000353 seconds
Attack parameters: initialization=uniform, steps=100, restarts=5, alpha=0.0025000013411045074, GAMA=False
PGD attack margin (first 2 examples and 10 specs):
 tensor([[11.82770157, 16.59566498,  9.56307220, 12.34129429, 13.72728920,
         11.57252789,  5.48724174, 19.45177841, 10.78898716, 14.75065994]])
Total number of violation:  0
Processing batch 1/1...
PGD attack margin (first 2 examples and 10 specs):
 tensor([[11.10242844, 15.46058655,  8.78971481, 11.25780201, 13.02657509,
         10.52608299,  5.02292824, 18.62221909,  9.69747448, 13.54511929]])
Total number of violation:  0
Attack finished in 0.1202 seconds.
PGD attack failed
verified_status unknown
verified_success False
Model: BoundedModule(
  (/0): BoundInput(name=/0, inputs=[], perturbed=True)
  (/7): BoundParams(name=/7, inputs=[], perturbed=False)
  (/8): BoundParams(name=/8, inputs=[], perturbed=False)
  (/9): BoundParams(name=/9, inputs=[], perturbed=False)
  (/10): BoundParams(name=/10, inputs=[], perturbed=False)
  (/11): BoundParams(name=/11, inputs=[], perturbed=False)
  (/12): BoundParams(name=/12, inputs=[], perturbed=False)
  (/13): BoundFlatten(name=/13, inputs=[/0], perturbed=True)
  (/input): BoundLinear(name=/input, inputs=[/13, /7, /8], perturbed=True)
  (/15): BoundRelu(name=/15, inputs=[/input], perturbed=True)
  (/input-3): BoundLinear(name=/input-3, inputs=[/15, /9, /10], perturbed=True)
  (/17): BoundRelu(name=/17, inputs=[/input-3], perturbed=True)
  (/18): BoundLinear(name=/18, inputs=[/17, /11, /12], perturbed=True)
)
Original output in the first batch: tensor([[ -3.34668875,  -8.02004242,  -1.15091407,  -3.79609466,  -5.32171965,
          -3.18688774,   3.00912046, -10.96651936,  -2.33109522,  -6.26951027,
         -14.48958969,  -3.09888983,  -9.80226231, -11.29835606,  -1.18240619,
           5.20291281,   8.46815491,  -5.69535303,  -8.69752789,  -0.01776777,
          -6.28336143,  -8.61151409,  -8.52516174,  -6.24703074,  -0.21735056,
          -0.81672788]])
Split layers:
Nonlinear functions:
   BoundRelu(name=/15, inputs=[/input], perturbed=True)
   BoundRelu(name=/17, inputs=[/input-3], perturbed=True)
build batch [1/1]
initial crown bounds (first 10 items): [10.688005447387695, 15.032038688659668, 8.305790901184082, 10.974088668823242, 12.505041122436523, 10.057583808898926, 4.682461738586426, 18.28277587890625, 9.215343475341797, 13.113626480102539]
Global lower bound: 2.041917085647583
verified with init bound!
Result: safe-incomplete in 0.1701 seconds

 %%%%%%%%%%%%%%%%%%%%%%%%%%%%%%%%%%% idx: 167, vnnlib ID: 167 %%%%%%%%%%%%%%%%%%%%%%%%%%%%%%%%%%%
Using onnx models/emnist_fc.onnx
Using vnnlib specs/sample_12807_q.vnnlib
784 inputs and 26 outputs in vnnlib
Loading onnx /home/master2/Desktop/saehee/XAI/Assignment_04/emnist_abcrown/models/emnist_fc.onnx with quirks {}
Finished onnx model loading in 0.0026 seconds
Finished vnnlib processing in 0.000340 seconds
Attack parameters: initialization=uniform, steps=100, restarts=5, alpha=0.0025000013411045074, GAMA=False
PGD attack margin (first 2 examples and 10 specs):
 tensor([[19.30480194, 24.19607544, 19.12982941, 22.60856628, 19.13679695,
         21.00469971, 11.10626507, 34.55947495, 28.57724762, 29.15377808]])
Total number of violation:  0
Processing batch 1/1...
PGD attack margin (first 2 examples and 10 specs):
 tensor([[18.87930489, 23.55428314, 18.48869896, 22.06050301, 18.47018623,
         20.28228188, 10.66878128, 33.84668350, 27.83922577, 28.33646011]])
Total number of violation:  0
Attack finished in 0.1200 seconds.
PGD attack failed
verified_status unknown
verified_success False
Model: BoundedModule(
  (/0): BoundInput(name=/0, inputs=[], perturbed=True)
  (/7): BoundParams(name=/7, inputs=[], perturbed=False)
  (/8): BoundParams(name=/8, inputs=[], perturbed=False)
  (/9): BoundParams(name=/9, inputs=[], perturbed=False)
  (/10): BoundParams(name=/10, inputs=[], perturbed=False)
  (/11): BoundParams(name=/11, inputs=[], perturbed=False)
  (/12): BoundParams(name=/12, inputs=[], perturbed=False)
  (/13): BoundFlatten(name=/13, inputs=[/0], perturbed=True)
  (/input): BoundLinear(name=/input, inputs=[/13, /7, /8], perturbed=True)
  (/15): BoundRelu(name=/15, inputs=[/input], perturbed=True)
  (/input-3): BoundLinear(name=/input-3, inputs=[/15, /9, /10], perturbed=True)
  (/17): BoundRelu(name=/17, inputs=[/input-3], perturbed=True)
  (/18): BoundLinear(name=/18, inputs=[/17, /11, /12], perturbed=True)
)
Original output in the first batch: tensor([[  0.05788577,  -4.78911161,   0.25330985,  -3.22437739,   0.27884504,
          -1.63909352,   8.26627254, -15.20179844,  -9.19885159,  -9.76976013,
          -8.47793770, -11.43199253, -16.31814957, -10.37247753,  -0.13884223,
           2.72084713,  19.39611816,  -0.86647540,   2.48982549, -13.27296448,
         -20.81194305, -18.65114594,  -6.03365088, -14.41182899, -11.35080814,
          -9.07553196]])
Split layers:
Nonlinear functions:
   BoundRelu(name=/15, inputs=[/input], perturbed=True)
   BoundRelu(name=/17, inputs=[/input-3], perturbed=True)
build batch [1/1]
initial crown bounds (first 10 items): [18.809309005737305, 23.452987670898438, 18.459775924682617, 21.93162727355957, 18.410799026489258, 20.17965316772461, 10.624419212341309, 33.70423126220703, 27.7733211517334, 28.257383346557617]
Global lower bound: 10.624419212341309
verified with init bound!
Result: safe-incomplete in 0.1716 seconds

 %%%%%%%%%%%%%%%%%%%%%%%%%%%%%%%%%%% idx: 168, vnnlib ID: 168 %%%%%%%%%%%%%%%%%%%%%%%%%%%%%%%%%%%
Using onnx models/emnist_fc.onnx
Using vnnlib specs/sample_12808_q.vnnlib
784 inputs and 26 outputs in vnnlib
Loading onnx /home/master2/Desktop/saehee/XAI/Assignment_04/emnist_abcrown/models/emnist_fc.onnx with quirks {}
Finished onnx model loading in 0.0028 seconds
Finished vnnlib processing in 0.000385 seconds
Attack parameters: initialization=uniform, steps=100, restarts=5, alpha=0.002500012516975403, GAMA=False
PGD attack margin (first 2 examples and 10 specs):
 tensor([[-1.52493954,  1.53739786, 10.61594582,  8.41917324,  6.78938532,
          9.28102398, -1.04244852,  9.82639313, 17.34335327, 11.60226631]])
Total number of violation:  2
Clean input adversarial, attack skipped.

Checking and Saving Counterexample in check_and_save_cex

verified_status unsafe-pgd
verified_success True
Result: unsafe-pgd in 0.0328 seconds

 %%%%%%%%%%%%%%%%%%%%%%%%%%%%%%%%%%% idx: 169, vnnlib ID: 169 %%%%%%%%%%%%%%%%%%%%%%%%%%%%%%%%%%%
Using onnx models/emnist_fc.onnx
Using vnnlib specs/sample_12809_q.vnnlib
784 inputs and 26 outputs in vnnlib
Loading onnx /home/master2/Desktop/saehee/XAI/Assignment_04/emnist_abcrown/models/emnist_fc.onnx with quirks {}
Finished onnx model loading in 0.0025 seconds
Finished vnnlib processing in 0.000337 seconds
Attack parameters: initialization=uniform, steps=100, restarts=5, alpha=0.002500012516975403, GAMA=False
PGD attack margin (first 2 examples and 10 specs):
 tensor([[12.72779369, 22.35636139, 12.42151546, 11.76362991, 24.83899117,
         24.82931137, 14.98281097, 32.68916321, 19.29821396, 21.28735352]])
Total number of violation:  0
Processing batch 1/1...
PGD attack margin (first 2 examples and 10 specs):
 tensor([[12.18639946, 21.44328117, 11.54632950, 10.83767319, 24.00949097,
         24.00341415, 14.37610626, 31.73482132, 18.41729736, 20.28668213]])
Total number of violation:  0
Attack finished in 0.1196 seconds.
PGD attack failed
verified_status unknown
verified_success False
Model: BoundedModule(
  (/0): BoundInput(name=/0, inputs=[], perturbed=True)
  (/7): BoundParams(name=/7, inputs=[], perturbed=False)
  (/8): BoundParams(name=/8, inputs=[], perturbed=False)
  (/9): BoundParams(name=/9, inputs=[], perturbed=False)
  (/10): BoundParams(name=/10, inputs=[], perturbed=False)
  (/11): BoundParams(name=/11, inputs=[], perturbed=False)
  (/12): BoundParams(name=/12, inputs=[], perturbed=False)
  (/13): BoundFlatten(name=/13, inputs=[/0], perturbed=True)
  (/input): BoundLinear(name=/input, inputs=[/13, /7, /8], perturbed=True)
  (/15): BoundRelu(name=/15, inputs=[/input], perturbed=True)
  (/input-3): BoundLinear(name=/input-3, inputs=[/15, /9, /10], perturbed=True)
  (/17): BoundRelu(name=/17, inputs=[/input-3], perturbed=True)
  (/18): BoundLinear(name=/18, inputs=[/17, /11, /12], perturbed=True)
)
Original output in the first batch: tensor([[  0.50533509,  -9.02207565,   0.76849139,   1.54175401, -11.56678677,
         -11.56448174,  -1.72589159, -19.42138481,  -6.10775661,  -8.06511593,
         -20.79570961,  -3.36639428, -21.40224838,  -3.48714542,   6.71731949,
          -0.99169409,  13.26519203, -11.37464428,  -6.73819876, -11.69378281,
          -2.74655294, -13.35962963,  -5.45232248, -17.21636009,  -3.12803578,
          -7.88693094]])
Split layers:
Nonlinear functions:
   BoundRelu(name=/15, inputs=[/input], perturbed=True)
   BoundRelu(name=/17, inputs=[/input-3], perturbed=True)
build batch [1/1]
initial crown bounds (first 10 items): [12.100287437438965, 21.341096878051758, 11.38685417175293, 10.6759672164917, 23.879276275634766, 23.83054542541504, 14.24325942993164, 31.528345108032227, 18.20592498779297, 20.014240264892578]
Global lower bound: 5.5258564949035645
verified with init bound!
Result: safe-incomplete in 0.1738 seconds

 %%%%%%%%%%%%%%%%%%%%%%%%%%%%%%%%%%% idx: 170, vnnlib ID: 170 %%%%%%%%%%%%%%%%%%%%%%%%%%%%%%%%%%%
Using onnx models/emnist_fc.onnx
Using vnnlib specs/sample_13600_r.vnnlib
Precompiled vnnlib file found at /home/master2/Desktop/saehee/XAI/Assignment_04/emnist_abcrown/specs/sample_13600_r.vnnlib.compiled
Loading onnx /home/master2/Desktop/saehee/XAI/Assignment_04/emnist_abcrown/models/emnist_fc.onnx with quirks {}
Finished onnx model loading in 0.0038 seconds
Finished vnnlib processing in 0.000620 seconds
Attack parameters: initialization=uniform, steps=100, restarts=5, alpha=0.002500012516975403, GAMA=False
PGD attack margin (first 2 examples and 10 specs):
 tensor([[34.22900772, 23.18708229, 20.92019653, 21.30801392, 23.50126076,
         17.06543922, 28.19165421, 27.88073730, 24.58069992, 28.44687080]])
Total number of violation:  0
Processing batch 1/1...
PGD attack margin (first 2 examples and 10 specs):
 tensor([[33.29830170, 22.11192322, 20.15774155, 20.60556030, 22.60310745,
         16.47024918, 27.48603439, 26.86626625, 23.98429108, 27.78267670]])
Total number of violation:  0
Attack finished in 0.1214 seconds.
PGD attack failed
verified_status unknown
verified_success False
Model: BoundedModule(
  (/0): BoundInput(name=/0, inputs=[], perturbed=True)
  (/7): BoundParams(name=/7, inputs=[], perturbed=False)
  (/8): BoundParams(name=/8, inputs=[], perturbed=False)
  (/9): BoundParams(name=/9, inputs=[], perturbed=False)
  (/10): BoundParams(name=/10, inputs=[], perturbed=False)
  (/11): BoundParams(name=/11, inputs=[], perturbed=False)
  (/12): BoundParams(name=/12, inputs=[], perturbed=False)
  (/13): BoundFlatten(name=/13, inputs=[/0], perturbed=True)
  (/input): BoundLinear(name=/input, inputs=[/13, /7, /8], perturbed=True)
  (/15): BoundRelu(name=/15, inputs=[/input], perturbed=True)
  (/input-3): BoundLinear(name=/input-3, inputs=[/15, /9, /10], perturbed=True)
  (/17): BoundRelu(name=/17, inputs=[/input-3], perturbed=True)
  (/18): BoundLinear(name=/18, inputs=[/17, /11, /12], perturbed=True)
)
Original output in the first batch: tensor([[-17.02579689,  -5.86813307,  -3.71512175,  -4.08850193,  -6.29128551,
           0.08064712, -10.96579838, -10.65504456,  -7.42071724, -11.32902431,
          -4.18388748,  -3.81419158, -11.91649342,   2.87619877, -10.82582855,
           2.99605584,  -8.85102844,  17.18291855,  -5.61091948,  -5.09459972,
         -11.21884441,   2.34210706,  -8.55929089,  -8.99414444,  -5.61434078,
         -19.14325523]])
Split layers:
Nonlinear functions:
   BoundRelu(name=/15, inputs=[/input], perturbed=True)
   BoundRelu(name=/17, inputs=[/input-3], perturbed=True)
build batch [1/1]
initial crown bounds (first 10 items): [33.2049674987793, 21.98622703552246, 20.064109802246094, 20.55530548095703, 22.4708194732666, 16.420534133911133, 27.341751098632812, 26.763662338256836, 23.892133712768555, 27.653884887695312]
Global lower bound: 13.222310066223145
verified with init bound!
Result: safe-incomplete in 0.1578 seconds

 %%%%%%%%%%%%%%%%%%%%%%%%%%%%%%%%%%% idx: 171, vnnlib ID: 171 %%%%%%%%%%%%%%%%%%%%%%%%%%%%%%%%%%%
Using onnx models/emnist_fc.onnx
Using vnnlib specs/sample_13601_r.vnnlib
784 inputs and 26 outputs in vnnlib
Loading onnx /home/master2/Desktop/saehee/XAI/Assignment_04/emnist_abcrown/models/emnist_fc.onnx with quirks {}
Finished onnx model loading in 0.0029 seconds
Finished vnnlib processing in 0.000386 seconds
Attack parameters: initialization=uniform, steps=100, restarts=5, alpha=0.0025000013411045074, GAMA=False
PGD attack margin (first 2 examples and 10 specs):
 tensor([[25.81484985, 18.66699028, 24.07584572, 24.36724854, 20.23007965,
         16.63419342, 18.80871964, 13.97139168, 17.12644958, 21.09342575]])
Total number of violation:  0
Processing batch 1/1...
PGD attack margin (first 2 examples and 10 specs):
 tensor([[24.80169296, 17.39018631, 23.44976044, 23.58797836, 19.35440063,
         15.73845100, 17.88492966, 12.94295502, 16.64221382, 20.31742096]])
Total number of violation:  0
Attack finished in 0.1185 seconds.
PGD attack failed
verified_status unknown
verified_success False
Model: BoundedModule(
  (/0): BoundInput(name=/0, inputs=[], perturbed=True)
  (/7): BoundParams(name=/7, inputs=[], perturbed=False)
  (/8): BoundParams(name=/8, inputs=[], perturbed=False)
  (/9): BoundParams(name=/9, inputs=[], perturbed=False)
  (/10): BoundParams(name=/10, inputs=[], perturbed=False)
  (/11): BoundParams(name=/11, inputs=[], perturbed=False)
  (/12): BoundParams(name=/12, inputs=[], perturbed=False)
  (/13): BoundFlatten(name=/13, inputs=[/0], perturbed=True)
  (/input): BoundLinear(name=/input, inputs=[/13, /7, /8], perturbed=True)
  (/15): BoundRelu(name=/15, inputs=[/input], perturbed=True)
  (/input-3): BoundLinear(name=/input-3, inputs=[/15, /9, /10], perturbed=True)
  (/17): BoundRelu(name=/17, inputs=[/input-3], perturbed=True)
  (/18): BoundLinear(name=/18, inputs=[/17, /11, /12], perturbed=True)
)
Original output in the first batch: tensor([[-12.21868896,  -4.98671341, -10.48198795, -10.78594875,  -6.59247112,
          -3.03635931,  -5.17849350,  -0.39710641,  -3.55752015,  -7.45537901,
           1.59340954,  -5.15150976, -16.04711342,  -1.49279642, -16.34392738,
          -1.27283120,  -5.88918781,  13.61242008,  -7.79252195,   1.08083498,
         -13.18951511,   2.05509567, -12.58707237,  -4.03874397,   1.30871153,
          -8.73746681]])
Split layers:
Nonlinear functions:
   BoundRelu(name=/15, inputs=[/input], perturbed=True)
   BoundRelu(name=/17, inputs=[/input-3], perturbed=True)
build batch [1/1]
initial crown bounds (first 10 items): [24.63983726501465, 17.232065200805664, 23.33603286743164, 23.405622482299805, 19.260284423828125, 15.557042121887207, 17.784217834472656, 12.790912628173828, 16.536693572998047, 20.21004295349121]
Global lower bound: 10.367589950561523
verified with init bound!
Result: safe-incomplete in 0.2327 seconds

 %%%%%%%%%%%%%%%%%%%%%%%%%%%%%%%%%%% idx: 172, vnnlib ID: 172 %%%%%%%%%%%%%%%%%%%%%%%%%%%%%%%%%%%
Using onnx models/emnist_fc.onnx
Using vnnlib specs/sample_13602_r.vnnlib
784 inputs and 26 outputs in vnnlib
Loading onnx /home/master2/Desktop/saehee/XAI/Assignment_04/emnist_abcrown/models/emnist_fc.onnx with quirks {}
Finished onnx model loading in 0.0028 seconds
Finished vnnlib processing in 0.000373 seconds
Attack parameters: initialization=uniform, steps=100, restarts=5, alpha=0.002500012516975403, GAMA=False
PGD attack margin (first 2 examples and 10 specs):
 tensor([[19.57742500, 17.65394020, 10.53973389, 13.35543537, 14.11274910,
          8.14013577, 14.22614670, 15.17112350,  6.11662912,  9.39624310]])
Total number of violation:  0
Processing batch 1/1...
PGD attack margin (first 2 examples and 10 specs):
 tensor([[18.31261826, 16.42469215,  9.95675278, 12.32289124, 13.31036377,
          7.66382742, 13.22750282, 14.17380333,  5.39024544,  8.60294628]])
Total number of violation:  0
Attack finished in 0.1293 seconds.
PGD attack failed
verified_status unknown
verified_success False
Model: BoundedModule(
  (/0): BoundInput(name=/0, inputs=[], perturbed=True)
  (/7): BoundParams(name=/7, inputs=[], perturbed=False)
  (/8): BoundParams(name=/8, inputs=[], perturbed=False)
  (/9): BoundParams(name=/9, inputs=[], perturbed=False)
  (/10): BoundParams(name=/10, inputs=[], perturbed=False)
  (/11): BoundParams(name=/11, inputs=[], perturbed=False)
  (/12): BoundParams(name=/12, inputs=[], perturbed=False)
  (/13): BoundFlatten(name=/13, inputs=[/0], perturbed=True)
  (/input): BoundLinear(name=/input, inputs=[/13, /7, /8], perturbed=True)
  (/15): BoundRelu(name=/15, inputs=[/input], perturbed=True)
  (/input-3): BoundLinear(name=/input-3, inputs=[/15, /9, /10], perturbed=True)
  (/17): BoundRelu(name=/17, inputs=[/input-3], perturbed=True)
  (/18): BoundLinear(name=/18, inputs=[/17, /11, /12], perturbed=True)
)
Original output in the first batch: tensor([[-11.85192108,  -9.92148209,  -2.82121801,  -5.55527163,  -6.39449787,
          -0.47585046,  -6.44349289,  -7.40186596,   1.64367700,  -1.66650128,
          -2.35472560,  -2.55075812, -12.82776642,  -4.92574692,  -4.74880362,
           0.18366072,  -2.68829846,   7.75527096,  -4.93055868,   4.39299202,
          -8.84459591,  -2.59155273, -12.22097969,  -2.47127843,  -0.45819944,
          -6.62562561]])
Split layers:
Nonlinear functions:
   BoundRelu(name=/15, inputs=[/input], perturbed=True)
   BoundRelu(name=/17, inputs=[/input-3], perturbed=True)
build batch [1/1]
initial crown bounds (first 10 items): [18.015605926513672, 16.16366958618164, 9.714997291564941, 12.096431732177734, 13.126321792602539, 7.3350749015808105, 13.038657188415527, 13.963605880737305, 5.136138916015625, 8.296683311462402]
Global lower bound: 2.4300599098205566
verified with init bound!
Result: safe-incomplete in 0.1805 seconds

 %%%%%%%%%%%%%%%%%%%%%%%%%%%%%%%%%%% idx: 173, vnnlib ID: 173 %%%%%%%%%%%%%%%%%%%%%%%%%%%%%%%%%%%
Using onnx models/emnist_fc.onnx
Using vnnlib specs/sample_13603_r.vnnlib
784 inputs and 26 outputs in vnnlib
Loading onnx /home/master2/Desktop/saehee/XAI/Assignment_04/emnist_abcrown/models/emnist_fc.onnx with quirks {}
Finished onnx model loading in 0.0031 seconds
Finished vnnlib processing in 0.000341 seconds
Attack parameters: initialization=uniform, steps=100, restarts=5, alpha=0.0025000013411045074, GAMA=False
PGD attack margin (first 2 examples and 10 specs):
 tensor([[23.76095581, 20.80765533, 18.61246300, 23.16047096, 21.42642403,
         11.24428749, 17.97994232, 19.19733810, 14.01195908, 18.37899780]])
Total number of violation:  0
Processing batch 1/1...
PGD attack margin (first 2 examples and 10 specs):
 tensor([[22.87524605, 19.96843338, 18.03847504, 22.38687515, 20.66701508,
         10.57719040, 17.38462448, 18.46529961, 13.44692135, 17.64940834]])
Total number of violation:  0
Attack finished in 0.1225 seconds.
PGD attack failed
verified_status unknown
verified_success False
Model: BoundedModule(
  (/0): BoundInput(name=/0, inputs=[], perturbed=True)
  (/7): BoundParams(name=/7, inputs=[], perturbed=False)
  (/8): BoundParams(name=/8, inputs=[], perturbed=False)
  (/9): BoundParams(name=/9, inputs=[], perturbed=False)
  (/10): BoundParams(name=/10, inputs=[], perturbed=False)
  (/11): BoundParams(name=/11, inputs=[], perturbed=False)
  (/12): BoundParams(name=/12, inputs=[], perturbed=False)
  (/13): BoundFlatten(name=/13, inputs=[/0], perturbed=True)
  (/input): BoundLinear(name=/input, inputs=[/13, /7, /8], perturbed=True)
  (/15): BoundRelu(name=/15, inputs=[/input], perturbed=True)
  (/input-3): BoundLinear(name=/input-3, inputs=[/15, /9, /10], perturbed=True)
  (/17): BoundRelu(name=/17, inputs=[/input-3], perturbed=True)
  (/18): BoundLinear(name=/18, inputs=[/17, /11, /12], perturbed=True)
)
Original output in the first batch: tensor([[-11.73429203,  -8.69905853,  -6.48523712, -11.02489758,  -9.26890278,
           0.85834265,  -5.94304228,  -7.17197895,  -1.94117463,  -6.33366108,
          -3.08934641,  -3.38781190, -12.36671448,  -1.18684673,  -9.46233082,
          -0.19689363,  -2.97834206,  12.12228298,  -0.39427471,  -2.14476514,
         -14.53878307,   2.03976583,  -8.28196430,  -0.31208757,  -0.31414169,
         -15.74052048]])
Split layers:
Nonlinear functions:
   BoundRelu(name=/15, inputs=[/input], perturbed=True)
   BoundRelu(name=/17, inputs=[/input-3], perturbed=True)
build batch [1/1]
initial crown bounds (first 10 items): [22.74919891357422, 19.745100021362305, 17.811220169067383, 22.171405792236328, 20.41269874572754, 10.395136833190918, 17.22710418701172, 18.35964584350586, 13.309016227722168, 17.433382034301758]
Global lower bound: 9.408748626708984
verified with init bound!
Result: safe-incomplete in 0.1745 seconds

 %%%%%%%%%%%%%%%%%%%%%%%%%%%%%%%%%%% idx: 174, vnnlib ID: 174 %%%%%%%%%%%%%%%%%%%%%%%%%%%%%%%%%%%
Using onnx models/emnist_fc.onnx
Using vnnlib specs/sample_13604_r.vnnlib
784 inputs and 26 outputs in vnnlib
Loading onnx /home/master2/Desktop/saehee/XAI/Assignment_04/emnist_abcrown/models/emnist_fc.onnx with quirks {}
Finished onnx model loading in 0.0029 seconds
Finished vnnlib processing in 0.000344 seconds
Attack parameters: initialization=uniform, steps=100, restarts=5, alpha=0.0025000013411045074, GAMA=False
PGD attack margin (first 2 examples and 10 specs):
 tensor([[24.12431717, 18.55333328, 12.47281837, 17.20193481, 13.28731251,
          7.08364010, 16.20705414, 24.36353111, 14.47698975, 10.48095798]])
Total number of violation:  0
Processing batch 1/1...
PGD attack margin (first 2 examples and 10 specs):
 tensor([[22.54846191, 17.03725815, 11.88415718, 16.29134369, 12.16798878,
          6.25029039, 15.19623566, 23.07843399, 13.79403877,  9.65322018]])
Total number of violation:  0
Attack finished in 0.1200 seconds.
PGD attack failed
verified_status unknown
verified_success False
Model: BoundedModule(
  (/0): BoundInput(name=/0, inputs=[], perturbed=True)
  (/7): BoundParams(name=/7, inputs=[], perturbed=False)
  (/8): BoundParams(name=/8, inputs=[], perturbed=False)
  (/9): BoundParams(name=/9, inputs=[], perturbed=False)
  (/10): BoundParams(name=/10, inputs=[], perturbed=False)
  (/11): BoundParams(name=/11, inputs=[], perturbed=False)
  (/12): BoundParams(name=/12, inputs=[], perturbed=False)
  (/13): BoundFlatten(name=/13, inputs=[/0], perturbed=True)
  (/input): BoundLinear(name=/input, inputs=[/13, /7, /8], perturbed=True)
  (/15): BoundRelu(name=/15, inputs=[/input], perturbed=True)
  (/input-3): BoundLinear(name=/input-3, inputs=[/15, /9, /10], perturbed=True)
  (/17): BoundRelu(name=/17, inputs=[/input-3], perturbed=True)
  (/18): BoundLinear(name=/18, inputs=[/17, /11, /12], perturbed=True)
)
Original output in the first batch: tensor([[-13.89784622,  -8.30983829,  -2.42467356,  -7.09843731,  -3.12976336,
           2.95547533,  -6.04058599, -14.25560284,  -4.51508760,  -0.49966460,
          -4.71388292,  -5.94913387, -12.94966888,  -5.55531693,  -6.67765903,
           0.67638302,  -6.63472939,  10.04507732,  -4.86310196,   8.34637547,
         -14.09926796,  -9.48834515, -11.18885231, -10.79701996,  -2.97230649,
         -10.08222771]])
Split layers:
Nonlinear functions:
   BoundRelu(name=/15, inputs=[/input], perturbed=True)
   BoundRelu(name=/17, inputs=[/input-3], perturbed=True)
build batch [1/1]
initial crown bounds (first 10 items): [22.409948348999023, 16.948091506958008, 11.783029556274414, 16.131391525268555, 12.033548355102539, 6.178842067718506, 15.103193283081055, 22.930686950683594, 13.64818000793457, 9.558483123779297]
Global lower bound: 0.7599453926086426
verified with init bound!
Result: safe-incomplete in 0.1714 seconds

 %%%%%%%%%%%%%%%%%%%%%%%%%%%%%%%%%%% idx: 175, vnnlib ID: 175 %%%%%%%%%%%%%%%%%%%%%%%%%%%%%%%%%%%
Using onnx models/emnist_fc.onnx
Using vnnlib specs/sample_13605_r.vnnlib
784 inputs and 26 outputs in vnnlib
Loading onnx /home/master2/Desktop/saehee/XAI/Assignment_04/emnist_abcrown/models/emnist_fc.onnx with quirks {}
Finished onnx model loading in 0.0030 seconds
Finished vnnlib processing in 0.000379 seconds
Attack parameters: initialization=uniform, steps=100, restarts=5, alpha=0.0025000013411045074, GAMA=False
PGD attack margin (first 2 examples and 10 specs):
 tensor([[17.30318642, 18.60581207,  9.94674873, 14.03218079, 10.18873787,
          7.01272774, 15.63993931, 20.71765137, 13.72434616, 16.59523201]])
Total number of violation:  0
Processing batch 1/1...
PGD attack margin (first 2 examples and 10 specs):
 tensor([[16.17147064, 17.42963791,  9.19012260, 13.16577339,  9.13586044,
          6.32971478, 14.88791275, 19.79152298, 13.19516373, 15.71791458]])
Total number of violation:  0
Attack finished in 0.1220 seconds.
PGD attack failed
verified_status unknown
verified_success False
Model: BoundedModule(
  (/0): BoundInput(name=/0, inputs=[], perturbed=True)
  (/7): BoundParams(name=/7, inputs=[], perturbed=False)
  (/8): BoundParams(name=/8, inputs=[], perturbed=False)
  (/9): BoundParams(name=/9, inputs=[], perturbed=False)
  (/10): BoundParams(name=/10, inputs=[], perturbed=False)
  (/11): BoundParams(name=/11, inputs=[], perturbed=False)
  (/12): BoundParams(name=/12, inputs=[], perturbed=False)
  (/13): BoundFlatten(name=/13, inputs=[/0], perturbed=True)
  (/input): BoundLinear(name=/input, inputs=[/13, /7, /8], perturbed=True)
  (/15): BoundRelu(name=/15, inputs=[/input], perturbed=True)
  (/input-3): BoundLinear(name=/input-3, inputs=[/15, /9, /10], perturbed=True)
  (/17): BoundRelu(name=/17, inputs=[/input-3], perturbed=True)
  (/18): BoundLinear(name=/18, inputs=[/17, /11, /12], perturbed=True)
)
Original output in the first batch: tensor([[ -7.50193501,  -8.77939606,  -0.19558156,  -4.22519779,  -0.36075398,
           2.70660019,  -5.87142944, -11.01938152,  -4.05999184,  -6.90780783,
          -2.24620152,  -2.55431128, -13.88481617,   1.64012098,  -2.58624911,
           2.44054294,  -5.63400221,   9.71340179,  -2.26429534,  -1.27180922,
         -11.59938240,  -3.83416557,  -9.78835392,  -5.08122969,  -6.93898582,
         -11.29806709]])
Split layers:
Nonlinear functions:
   BoundRelu(name=/15, inputs=[/input], perturbed=True)
   BoundRelu(name=/17, inputs=[/input-3], perturbed=True)
build batch [1/1]
initial crown bounds (first 10 items): [15.942422866821289, 17.30661392211914, 9.01883602142334, 13.041586875915527, 9.047002792358398, 6.197046279907227, 14.698119163513184, 19.653226852416992, 13.058634757995605, 15.594768524169922]
Global lower bound: 6.197046279907227
verified with init bound!
Result: safe-incomplete in 0.1751 seconds

 %%%%%%%%%%%%%%%%%%%%%%%%%%%%%%%%%%% idx: 176, vnnlib ID: 176 %%%%%%%%%%%%%%%%%%%%%%%%%%%%%%%%%%%
Using onnx models/emnist_fc.onnx
Using vnnlib specs/sample_13606_r.vnnlib
784 inputs and 26 outputs in vnnlib
Loading onnx /home/master2/Desktop/saehee/XAI/Assignment_04/emnist_abcrown/models/emnist_fc.onnx with quirks {}
Finished onnx model loading in 0.0030 seconds
Finished vnnlib processing in 0.000383 seconds
Attack parameters: initialization=uniform, steps=100, restarts=5, alpha=0.002500012516975403, GAMA=False
PGD attack margin (first 2 examples and 10 specs):
 tensor([[ 2.19259381,  9.20923805,  7.41793394, -0.18614042, 10.69974041,
         20.27709389,  9.62767792,  4.95644188,  5.55639124, 11.48616123]])
Total number of violation:  4
Clean input adversarial, attack skipped.

Checking and Saving Counterexample in check_and_save_cex

verified_status unsafe-pgd
verified_success True
Result: unsafe-pgd in 0.0956 seconds

 %%%%%%%%%%%%%%%%%%%%%%%%%%%%%%%%%%% idx: 177, vnnlib ID: 177 %%%%%%%%%%%%%%%%%%%%%%%%%%%%%%%%%%%
Using onnx models/emnist_fc.onnx
Using vnnlib specs/sample_13607_r.vnnlib
784 inputs and 26 outputs in vnnlib
Loading onnx /home/master2/Desktop/saehee/XAI/Assignment_04/emnist_abcrown/models/emnist_fc.onnx with quirks {}
Finished onnx model loading in 0.0026 seconds
Finished vnnlib processing in 0.000315 seconds
Attack parameters: initialization=uniform, steps=100, restarts=5, alpha=0.002500012516975403, GAMA=False
PGD attack margin (first 2 examples and 10 specs):
 tensor([[23.53955460, 21.85182762, 25.00352478, 31.18002892, 24.71662521,
         15.46948338, 18.79463005, 16.68859482, 21.36931610, 21.18418121]])
Total number of violation:  0
Processing batch 1/1...
PGD attack margin (first 2 examples and 10 specs):
 tensor([[22.52098656, 20.59217644, 24.26388931, 30.33273506, 23.92415237,
         14.30554008, 17.95133209, 15.47986507, 20.88006973, 20.35649109]])
Total number of violation:  0
Attack finished in 0.1329 seconds.
PGD attack failed
verified_status unknown
verified_success False
Model: BoundedModule(
  (/0): BoundInput(name=/0, inputs=[], perturbed=True)
  (/7): BoundParams(name=/7, inputs=[], perturbed=False)
  (/8): BoundParams(name=/8, inputs=[], perturbed=False)
  (/9): BoundParams(name=/9, inputs=[], perturbed=False)
  (/10): BoundParams(name=/10, inputs=[], perturbed=False)
  (/11): BoundParams(name=/11, inputs=[], perturbed=False)
  (/12): BoundParams(name=/12, inputs=[], perturbed=False)
  (/13): BoundFlatten(name=/13, inputs=[/0], perturbed=True)
  (/input): BoundLinear(name=/input, inputs=[/13, /7, /8], perturbed=True)
  (/15): BoundRelu(name=/15, inputs=[/input], perturbed=True)
  (/input-3): BoundLinear(name=/input-3, inputs=[/15, /9, /10], perturbed=True)
  (/17): BoundRelu(name=/17, inputs=[/input-3], perturbed=True)
  (/18): BoundLinear(name=/18, inputs=[/17, /11, /12], perturbed=True)
)
Original output in the first batch: tensor([[ -8.90894890,  -7.14211798, -10.26545811, -16.49183846,  -9.99849987,
          -0.75785625,  -4.12795877,  -2.11104941,  -6.69375277,  -6.43729591,
          -4.04263544,  -9.75289249, -14.07158661,  -2.32901049, -17.00924873,
           0.58204091,  -4.56169367,  14.69374657,  -7.81474447,   3.12301993,
         -16.72211838,  -1.61474013, -12.89016533,  -4.15711784,  -1.55594349,
          -6.08589792]])
Split layers:
Nonlinear functions:
   BoundRelu(name=/15, inputs=[/input], perturbed=True)
   BoundRelu(name=/17, inputs=[/input-3], perturbed=True)
build batch [1/1]
initial crown bounds (first 10 items): [22.314743041992188, 20.33507537841797, 24.163129806518555, 30.041481018066406, 23.731462478637695, 14.142122268676758, 17.746431350708008, 15.281773567199707, 20.69732093811035, 20.1274356842041]
Global lower bound: 10.467673301696777
verified with init bound!
Result: safe-incomplete in 0.1874 seconds

 %%%%%%%%%%%%%%%%%%%%%%%%%%%%%%%%%%% idx: 178, vnnlib ID: 178 %%%%%%%%%%%%%%%%%%%%%%%%%%%%%%%%%%%
Using onnx models/emnist_fc.onnx
Using vnnlib specs/sample_13608_r.vnnlib
784 inputs and 26 outputs in vnnlib
Loading onnx /home/master2/Desktop/saehee/XAI/Assignment_04/emnist_abcrown/models/emnist_fc.onnx with quirks {}
Finished onnx model loading in 0.0032 seconds
Finished vnnlib processing in 0.000339 seconds
Attack parameters: initialization=uniform, steps=100, restarts=5, alpha=0.0025000013411045074, GAMA=False
PGD attack margin (first 2 examples and 10 specs):
 tensor([[ 6.07933426,  9.57780838,  9.79966736, 10.60089302, -0.18852997,
          6.01504183,  9.30986881, 12.95760155, 13.96801853, 20.93879509]])
Total number of violation:  1
Clean input adversarial, attack skipped.

Checking and Saving Counterexample in check_and_save_cex

verified_status unsafe-pgd
verified_success True
Result: unsafe-pgd in 0.0358 seconds

 %%%%%%%%%%%%%%%%%%%%%%%%%%%%%%%%%%% idx: 179, vnnlib ID: 179 %%%%%%%%%%%%%%%%%%%%%%%%%%%%%%%%%%%
Using onnx models/emnist_fc.onnx
Using vnnlib specs/sample_13609_r.vnnlib
784 inputs and 26 outputs in vnnlib
Loading onnx /home/master2/Desktop/saehee/XAI/Assignment_04/emnist_abcrown/models/emnist_fc.onnx with quirks {}
Finished onnx model loading in 0.0025 seconds
Finished vnnlib processing in 0.000329 seconds
Attack parameters: initialization=uniform, steps=100, restarts=5, alpha=0.0025000013411045074, GAMA=False
PGD attack margin (first 2 examples and 10 specs):
 tensor([[13.36027908, 14.16127396, 21.34586716, 25.16531372, 10.23732567,
         15.25056839, 13.49916267, 26.47252464, 29.74947357, 35.75966644]])
Total number of violation:  0
Processing batch 1/1...
PGD attack margin (first 2 examples and 10 specs):
 tensor([[12.82320976, 13.42233944, 20.59188461, 24.51831627,  9.53423882,
         14.32480621, 12.90272713, 25.71304131, 28.97153664, 34.76641846]])
Total number of violation:  0
Attack finished in 0.1311 seconds.
PGD attack failed
verified_status unknown
verified_success False
Model: BoundedModule(
  (/0): BoundInput(name=/0, inputs=[], perturbed=True)
  (/7): BoundParams(name=/7, inputs=[], perturbed=False)
  (/8): BoundParams(name=/8, inputs=[], perturbed=False)
  (/9): BoundParams(name=/9, inputs=[], perturbed=False)
  (/10): BoundParams(name=/10, inputs=[], perturbed=False)
  (/11): BoundParams(name=/11, inputs=[], perturbed=False)
  (/12): BoundParams(name=/12, inputs=[], perturbed=False)
  (/13): BoundFlatten(name=/13, inputs=[/0], perturbed=True)
  (/input): BoundLinear(name=/input, inputs=[/13, /7, /8], perturbed=True)
  (/15): BoundRelu(name=/15, inputs=[/input], perturbed=True)
  (/input-3): BoundLinear(name=/input-3, inputs=[/15, /9, /10], perturbed=True)
  (/17): BoundRelu(name=/17, inputs=[/input-3], perturbed=True)
  (/18): BoundLinear(name=/18, inputs=[/17, /11, /12], perturbed=True)
)
Original output in the first batch: tensor([[  1.34270012,   0.59399104,  -6.64222288, -10.49067593,   4.50348997,
          -0.55524862,   1.26467299, -11.72899055, -14.98102188, -21.05792999,
           2.15418696,  -6.69657516,  -9.75354481, -10.13136482, -13.63665390,
           5.78227520,   1.48411322,  14.72788143,  -6.68224716,  -9.53257084,
         -13.84650803, -18.13849640, -15.45665550,  -1.19824970,  -8.26429176,
           1.06370652]])
Split layers:
Nonlinear functions:
   BoundRelu(name=/15, inputs=[/input], perturbed=True)
   BoundRelu(name=/17, inputs=[/input-3], perturbed=True)
build batch [1/1]
initial crown bounds (first 10 items): [12.759353637695312, 13.303747177124023, 20.447479248046875, 24.464611053466797, 9.454307556152344, 14.160842895507812, 12.818000793457031, 25.62590980529785, 28.898616790771484, 34.579185485839844]
Global lower bound: 8.28719425201416
verified with init bound!
Result: safe-incomplete in 0.1804 seconds

 %%%%%%%%%%%%%%%%%%%%%%%%%%%%%%%%%%% idx: 180, vnnlib ID: 180 %%%%%%%%%%%%%%%%%%%%%%%%%%%%%%%%%%%
Using onnx models/emnist_fc.onnx
Using vnnlib specs/sample_14400_s.vnnlib
Precompiled vnnlib file found at /home/master2/Desktop/saehee/XAI/Assignment_04/emnist_abcrown/specs/sample_14400_s.vnnlib.compiled
Loading onnx /home/master2/Desktop/saehee/XAI/Assignment_04/emnist_abcrown/models/emnist_fc.onnx with quirks {}
Finished onnx model loading in 0.0028 seconds
Finished vnnlib processing in 0.000344 seconds
Attack parameters: initialization=uniform, steps=100, restarts=5, alpha=0.0025000013411045074, GAMA=False
PGD attack margin (first 2 examples and 10 specs):
 tensor([[25.38956833, 14.30074692, 21.81074715, 29.19366074, 16.28499413,
         20.15660667,  8.52222443, 47.00792694, 23.95508385, 13.68242645]])
Total number of violation:  0
Processing batch 1/1...
PGD attack margin (first 2 examples and 10 specs):
 tensor([[24.42455101, 13.61033249, 21.04246521, 28.18813896, 15.39150429,
         19.53203773,  7.73868561, 45.81334305, 23.23776054, 12.94728279]])
Total number of violation:  0
Attack finished in 0.1286 seconds.
PGD attack failed
verified_status unknown
verified_success False
Model: BoundedModule(
  (/0): BoundInput(name=/0, inputs=[], perturbed=True)
  (/7): BoundParams(name=/7, inputs=[], perturbed=False)
  (/8): BoundParams(name=/8, inputs=[], perturbed=False)
  (/9): BoundParams(name=/9, inputs=[], perturbed=False)
  (/10): BoundParams(name=/10, inputs=[], perturbed=False)
  (/11): BoundParams(name=/11, inputs=[], perturbed=False)
  (/12): BoundParams(name=/12, inputs=[], perturbed=False)
  (/13): BoundFlatten(name=/13, inputs=[/0], perturbed=True)
  (/input): BoundLinear(name=/input, inputs=[/13, /7, /8], perturbed=True)
  (/15): BoundRelu(name=/15, inputs=[/input], perturbed=True)
  (/input-3): BoundLinear(name=/input-3, inputs=[/15, /9, /10], perturbed=True)
  (/17): BoundRelu(name=/17, inputs=[/input-3], perturbed=True)
  (/18): BoundLinear(name=/18, inputs=[/17, /11, /12], perturbed=True)
)
Original output in the first batch: tensor([[ -4.94832087,   6.14369059,  -1.40295780,  -8.76244068,   4.22049379,
           0.29554307,  11.95985031, -26.58012390,  -3.56551456,   6.75997305,
         -19.99894142,  -6.56807375, -36.24805450, -21.00101280,  -5.21514511,
         -32.12241364,   3.72996306, -20.63750267,  20.45175743,  -8.10670280,
         -19.01822662, -29.19047165,  -3.51763964,  -7.67272902,  -3.83010244,
          -2.31493068]])
Split layers:
Nonlinear functions:
   BoundRelu(name=/15, inputs=[/input], perturbed=True)
   BoundRelu(name=/17, inputs=[/input-3], perturbed=True)
build batch [1/1]
initial crown bounds (first 10 items): [24.270715713500977, 13.484724044799805, 20.956567764282227, 28.07342529296875, 15.30794906616211, 19.43598747253418, 7.66099214553833, 45.70008087158203, 23.143844604492188, 12.890609741210938]
Global lower bound: 7.66099214553833
verified with init bound!
Result: safe-incomplete in 0.1566 seconds

 %%%%%%%%%%%%%%%%%%%%%%%%%%%%%%%%%%% idx: 181, vnnlib ID: 181 %%%%%%%%%%%%%%%%%%%%%%%%%%%%%%%%%%%
Using onnx models/emnist_fc.onnx
Using vnnlib specs/sample_14401_s.vnnlib
784 inputs and 26 outputs in vnnlib
Loading onnx /home/master2/Desktop/saehee/XAI/Assignment_04/emnist_abcrown/models/emnist_fc.onnx with quirks {}
Finished onnx model loading in 0.0028 seconds
Finished vnnlib processing in 0.000344 seconds
Attack parameters: initialization=uniform, steps=100, restarts=5, alpha=0.002500012516975403, GAMA=False
PGD attack margin (first 2 examples and 10 specs):
 tensor([[16.61031914, 13.59968185, 11.97578144, 19.45794678,  9.53981304,
         13.93438148,  8.40126991, 27.56412125, 12.91518688,  7.08830261]])
Total number of violation:  0
Processing batch 1/1...
PGD attack margin (first 2 examples and 10 specs):
 tensor([[15.60723591, 12.95495129, 11.38638210, 18.57209587,  9.06843948,
         13.34638500,  7.74091530, 26.52755928, 12.18836784,  6.36476374]])
Total number of violation:  0
Attack finished in 0.1188 seconds.
PGD attack failed
verified_status unknown
verified_success False
Model: BoundedModule(
  (/0): BoundInput(name=/0, inputs=[], perturbed=True)
  (/7): BoundParams(name=/7, inputs=[], perturbed=False)
  (/8): BoundParams(name=/8, inputs=[], perturbed=False)
  (/9): BoundParams(name=/9, inputs=[], perturbed=False)
  (/10): BoundParams(name=/10, inputs=[], perturbed=False)
  (/11): BoundParams(name=/11, inputs=[], perturbed=False)
  (/12): BoundParams(name=/12, inputs=[], perturbed=False)
  (/13): BoundFlatten(name=/13, inputs=[/0], perturbed=True)
  (/input): BoundLinear(name=/input, inputs=[/13, /7, /8], perturbed=True)
  (/15): BoundRelu(name=/15, inputs=[/input], perturbed=True)
  (/input-3): BoundLinear(name=/input-3, inputs=[/15, /9, /10], perturbed=True)
  (/17): BoundRelu(name=/17, inputs=[/input-3], perturbed=True)
  (/18): BoundLinear(name=/18, inputs=[/17, /11, /12], perturbed=True)
)
Original output in the first batch: tensor([[ -4.71814871,  -1.71292746,  -0.10071194,  -7.54713297,   2.31819987,
          -2.06344366,   3.53333735, -15.73379230,  -0.99756491,   4.89030933,
         -10.55298042,  -6.64463615, -14.01329708,  -8.92299938,  -3.74253416,
         -10.77824020,   3.82892323,  -8.78074455,  11.90136814,  -4.16013336,
         -14.93979454, -12.66205311,  -2.20873475,  -3.61708641,  -4.86256933,
          -0.63034272]])
Split layers:
Nonlinear functions:
   BoundRelu(name=/15, inputs=[/input], perturbed=True)
   BoundRelu(name=/17, inputs=[/input-3], perturbed=True)
build batch [1/1]
initial crown bounds (first 10 items): [15.4182767868042, 12.805517196655273, 11.184022903442383, 18.456298828125, 8.878264427185059, 13.144674301147461, 7.59964656829834, 26.3343563079834, 11.98898696899414, 6.184295654296875]
Global lower bound: 6.184295654296875
verified with init bound!
Result: safe-incomplete in 0.1712 seconds

 %%%%%%%%%%%%%%%%%%%%%%%%%%%%%%%%%%% idx: 182, vnnlib ID: 182 %%%%%%%%%%%%%%%%%%%%%%%%%%%%%%%%%%%
Using onnx models/emnist_fc.onnx
Using vnnlib specs/sample_14402_s.vnnlib
784 inputs and 26 outputs in vnnlib
Loading onnx /home/master2/Desktop/saehee/XAI/Assignment_04/emnist_abcrown/models/emnist_fc.onnx with quirks {}
Finished onnx model loading in 0.0030 seconds
Finished vnnlib processing in 0.000379 seconds
Attack parameters: initialization=uniform, steps=100, restarts=5, alpha=0.0025000013411045074, GAMA=False
PGD attack margin (first 2 examples and 10 specs):
 tensor([[23.66772079, 13.11406612, 14.80461502, 21.30919456, 16.57247925,
         13.23801327,  5.75306606, 29.19277573, 18.33573151,  8.06765175]])
Total number of violation:  0
Processing batch 1/1...
PGD attack margin (first 2 examples and 10 specs):
 tensor([[22.34219170, 12.11884785, 13.90575123, 20.08675003, 15.53711891,
         12.19112682,  4.73882961, 27.79422760, 17.56430244,  7.39222145]])
Total number of violation:  0
Attack finished in 0.1181 seconds.
PGD attack failed
verified_status unknown
verified_success False
Model: BoundedModule(
  (/0): BoundInput(name=/0, inputs=[], perturbed=True)
  (/7): BoundParams(name=/7, inputs=[], perturbed=False)
  (/8): BoundParams(name=/8, inputs=[], perturbed=False)
  (/9): BoundParams(name=/9, inputs=[], perturbed=False)
  (/10): BoundParams(name=/10, inputs=[], perturbed=False)
  (/11): BoundParams(name=/11, inputs=[], perturbed=False)
  (/12): BoundParams(name=/12, inputs=[], perturbed=False)
  (/13): BoundFlatten(name=/13, inputs=[/0], perturbed=True)
  (/input): BoundLinear(name=/input, inputs=[/13, /7, /8], perturbed=True)
  (/15): BoundRelu(name=/15, inputs=[/input], perturbed=True)
  (/input-3): BoundLinear(name=/input-3, inputs=[/15, /9, /10], perturbed=True)
  (/17): BoundRelu(name=/17, inputs=[/input-3], perturbed=True)
  (/18): BoundLinear(name=/18, inputs=[/17, /11, /12], perturbed=True)
)
Original output in the first batch: tensor([[ -8.40167236,   2.14192796,   0.38236129,  -6.05890083,  -1.33724296,
           2.02656651,   9.53876209, -13.96291637,  -3.11851859,   7.19276857,
         -16.99732018,  -4.87317181, -19.90127182, -15.03520012,  -2.86130261,
         -12.98436832,   5.45798063, -11.34000969,  15.25372696,  -4.33881235,
         -18.91543961, -18.81254578,  -1.10831499, -10.50403690,  -3.07811260,
          -4.07075167]])
Split layers:
Nonlinear functions:
   BoundRelu(name=/15, inputs=[/input], perturbed=True)
   BoundRelu(name=/17, inputs=[/input-3], perturbed=True)
build batch [1/1]
initial crown bounds (first 10 items): [21.978469848632812, 11.843406677246094, 13.601683616638184, 19.74803352355957, 15.202972412109375, 11.863927841186523, 4.395989418029785, 27.412954330444336, 17.21515464782715, 7.155935764312744]
Global lower bound: 4.395989418029785
verified with init bound!
Result: safe-incomplete in 0.2349 seconds

 %%%%%%%%%%%%%%%%%%%%%%%%%%%%%%%%%%% idx: 183, vnnlib ID: 183 %%%%%%%%%%%%%%%%%%%%%%%%%%%%%%%%%%%
Using onnx models/emnist_fc.onnx
Using vnnlib specs/sample_14403_s.vnnlib
784 inputs and 26 outputs in vnnlib
Loading onnx /home/master2/Desktop/saehee/XAI/Assignment_04/emnist_abcrown/models/emnist_fc.onnx with quirks {}
Finished onnx model loading in 0.0028 seconds
Finished vnnlib processing in 0.000351 seconds
Attack parameters: initialization=uniform, steps=100, restarts=5, alpha=0.0025000013411045074, GAMA=False
PGD attack margin (first 2 examples and 10 specs):
 tensor([[23.89664078, 15.61685371, 18.81225586, 27.57353020, 14.14028358,
         19.76593590, 11.41019821, 38.94487000, 18.93772125, 17.16724205]])
Total number of violation:  0
Processing batch 1/1...
PGD attack margin (first 2 examples and 10 specs):
 tensor([[23.06472778, 14.86280441, 17.83739662, 26.55825233, 13.30762482,
         19.05237198, 10.82581329, 37.99607086, 17.87592888, 16.27696609]])
Total number of violation:  0
Attack finished in 0.1197 seconds.
PGD attack failed
verified_status unknown
verified_success False
Model: BoundedModule(
  (/0): BoundInput(name=/0, inputs=[], perturbed=True)
  (/7): BoundParams(name=/7, inputs=[], perturbed=False)
  (/8): BoundParams(name=/8, inputs=[], perturbed=False)
  (/9): BoundParams(name=/9, inputs=[], perturbed=False)
  (/10): BoundParams(name=/10, inputs=[], perturbed=False)
  (/11): BoundParams(name=/11, inputs=[], perturbed=False)
  (/12): BoundParams(name=/12, inputs=[], perturbed=False)
  (/13): BoundFlatten(name=/13, inputs=[/0], perturbed=True)
  (/input): BoundLinear(name=/input, inputs=[/13, /7, /8], perturbed=True)
  (/15): BoundRelu(name=/15, inputs=[/input], perturbed=True)
  (/input-3): BoundLinear(name=/input-3, inputs=[/15, /9, /10], perturbed=True)
  (/17): BoundRelu(name=/17, inputs=[/input-3], perturbed=True)
  (/18): BoundLinear(name=/18, inputs=[/17, /11, /12], perturbed=True)
)
Original output in the first batch: tensor([[ -4.92046165,   3.46449804,   0.13508093,  -8.54061413,   4.90920401,
          -0.67250645,   7.61081839, -19.91684341,   0.04652402,   1.80021548,
         -17.49618530,   0.20747173, -35.63520432, -20.46846008, -13.18187714,
         -22.70742798,  -1.18131924, -15.06481075,  19.06072998, -10.02973938,
         -18.46363831, -26.88617516,  -4.08548403,  -7.93078470,  -8.50649929,
          -1.91968024]])
Split layers:
Nonlinear functions:
   BoundRelu(name=/15, inputs=[/input], perturbed=True)
   BoundRelu(name=/17, inputs=[/input-3], perturbed=True)
build batch [1/1]
initial crown bounds (first 10 items): [22.938074111938477, 14.73591423034668, 17.674890518188477, 26.349483489990234, 13.155265808105469, 18.95065689086914, 10.693344116210938, 37.82780075073242, 17.692096710205078, 16.09593963623047]
Global lower bound: 10.693344116210938
verified with init bound!
Result: safe-incomplete in 0.1718 seconds

 %%%%%%%%%%%%%%%%%%%%%%%%%%%%%%%%%%% idx: 184, vnnlib ID: 184 %%%%%%%%%%%%%%%%%%%%%%%%%%%%%%%%%%%
Using onnx models/emnist_fc.onnx
Using vnnlib specs/sample_14404_s.vnnlib
784 inputs and 26 outputs in vnnlib
Loading onnx /home/master2/Desktop/saehee/XAI/Assignment_04/emnist_abcrown/models/emnist_fc.onnx with quirks {}
Finished onnx model loading in 0.0031 seconds
Finished vnnlib processing in 0.000334 seconds
Attack parameters: initialization=uniform, steps=100, restarts=5, alpha=0.002500012516975403, GAMA=False
PGD attack margin (first 2 examples and 10 specs):
 tensor([[26.57921028, 19.37378502, 24.91125488, 28.02162933, 18.92239189,
         20.48203087, 11.47185326, 40.59268188, 21.39979172, 11.43009949]])
Total number of violation:  0
Processing batch 1/1...
PGD attack margin (first 2 examples and 10 specs):
 tensor([[25.40062714, 18.46599960, 24.04532814, 26.79479218, 18.15370178,
         19.87037849, 10.79130745, 39.25740051, 20.56196594, 10.67142391]])
Total number of violation:  0
Attack finished in 0.1198 seconds.
PGD attack failed
verified_status unknown
verified_success False
Model: BoundedModule(
  (/0): BoundInput(name=/0, inputs=[], perturbed=True)
  (/7): BoundParams(name=/7, inputs=[], perturbed=False)
  (/8): BoundParams(name=/8, inputs=[], perturbed=False)
  (/9): BoundParams(name=/9, inputs=[], perturbed=False)
  (/10): BoundParams(name=/10, inputs=[], perturbed=False)
  (/11): BoundParams(name=/11, inputs=[], perturbed=False)
  (/12): BoundParams(name=/12, inputs=[], perturbed=False)
  (/13): BoundFlatten(name=/13, inputs=[/0], perturbed=True)
  (/input): BoundLinear(name=/input, inputs=[/13, /7, /8], perturbed=True)
  (/15): BoundRelu(name=/15, inputs=[/input], perturbed=True)
  (/input-3): BoundLinear(name=/input-3, inputs=[/15, /9, /10], perturbed=True)
  (/17): BoundRelu(name=/17, inputs=[/input-3], perturbed=True)
  (/18): BoundLinear(name=/18, inputs=[/17, /11, /12], perturbed=True)
)
Original output in the first batch: tensor([[ -7.13310337,   0.09274498,  -5.48269653,  -8.54549980,   0.51594675,
          -1.05996335,   7.98962736, -21.16614151,  -1.97643042,   7.97076941,
         -13.58248329,  -8.86781025, -23.76892090, -15.44490623,  -6.36580467,
         -18.59288216,   2.88385367, -15.29769802,  19.44770050,  -8.85784531,
         -21.65435028, -24.05197716,   7.19384384,  -8.30153751,  -3.14561248,
          -2.50920630]])
Split layers:
Nonlinear functions:
   BoundRelu(name=/15, inputs=[/input], perturbed=True)
   BoundRelu(name=/17, inputs=[/input-3], perturbed=True)
build batch [1/1]
initial crown bounds (first 10 items): [25.238500595092773, 18.256006240844727, 23.807477951049805, 26.623855590820312, 17.956560134887695, 19.73799705505371, 10.620255470275879, 39.04995346069336, 20.28068733215332, 10.452324867248535]
Global lower bound: 10.452324867248535
verified with init bound!
Result: safe-incomplete in 0.1703 seconds

 %%%%%%%%%%%%%%%%%%%%%%%%%%%%%%%%%%% idx: 185, vnnlib ID: 185 %%%%%%%%%%%%%%%%%%%%%%%%%%%%%%%%%%%
Using onnx models/emnist_fc.onnx
Using vnnlib specs/sample_14405_s.vnnlib
784 inputs and 26 outputs in vnnlib
Loading onnx /home/master2/Desktop/saehee/XAI/Assignment_04/emnist_abcrown/models/emnist_fc.onnx with quirks {}
Finished onnx model loading in 0.0029 seconds
Finished vnnlib processing in 0.000328 seconds
Attack parameters: initialization=uniform, steps=100, restarts=5, alpha=0.002500012516975403, GAMA=False
PGD attack margin (first 2 examples and 10 specs):
 tensor([[26.39608574, 22.20379829, 30.84919739, 36.10697174, 20.00478935,
         22.26598549, 11.22150612, 42.35531616, 24.36005402, 17.27667999]])
Total number of violation:  0
Processing batch 1/1...
PGD attack margin (first 2 examples and 10 specs):
 tensor([[25.57482529, 21.40546799, 30.09761810, 35.30222321, 19.34665298,
         21.73568344, 10.65798569, 41.31263733, 23.50367546, 16.50321388]])
Total number of violation:  0
Attack finished in 0.1129 seconds.
PGD attack failed
verified_status unknown
verified_success False
Model: BoundedModule(
  (/0): BoundInput(name=/0, inputs=[], perturbed=True)
  (/7): BoundParams(name=/7, inputs=[], perturbed=False)
  (/8): BoundParams(name=/8, inputs=[], perturbed=False)
  (/9): BoundParams(name=/9, inputs=[], perturbed=False)
  (/10): BoundParams(name=/10, inputs=[], perturbed=False)
  (/11): BoundParams(name=/11, inputs=[], perturbed=False)
  (/12): BoundParams(name=/12, inputs=[], perturbed=False)
  (/13): BoundFlatten(name=/13, inputs=[/0], perturbed=True)
  (/input): BoundLinear(name=/input, inputs=[/13, /7, /8], perturbed=True)
  (/15): BoundRelu(name=/15, inputs=[/input], perturbed=True)
  (/input-3): BoundLinear(name=/input-3, inputs=[/15, /9, /10], perturbed=True)
  (/17): BoundRelu(name=/17, inputs=[/input-3], perturbed=True)
  (/18): BoundLinear(name=/18, inputs=[/17, /11, /12], perturbed=True)
)
Original output in the first batch: tensor([[ -4.18526888,   0.11001065,  -8.66447639, -13.92679691,   2.26599336,
          -0.03429996,  11.04334450, -20.07446289,  -2.10000372,   4.95837545,
         -18.58736610, -10.66113663, -29.19023132, -15.42766380, -16.44834900,
         -20.62190819,   2.84845471, -15.44610119,  22.27037239, -12.67704296,
         -22.12941360, -24.80083084,   6.01634026,  -6.60145330,  -8.20552063,
          -3.32534242]])
Split layers:
Nonlinear functions:
   BoundRelu(name=/15, inputs=[/input], perturbed=True)
   BoundRelu(name=/17, inputs=[/input-3], perturbed=True)
build batch [1/1]
initial crown bounds (first 10 items): [25.47582244873047, 21.335878372192383, 30.058826446533203, 35.263492584228516, 19.284971237182617, 21.717283248901367, 10.598451614379883, 41.198848724365234, 23.455625534057617, 16.467823028564453]
Global lower bound: 10.598451614379883
verified with init bound!
Result: safe-incomplete in 0.1619 seconds

 %%%%%%%%%%%%%%%%%%%%%%%%%%%%%%%%%%% idx: 186, vnnlib ID: 186 %%%%%%%%%%%%%%%%%%%%%%%%%%%%%%%%%%%
Using onnx models/emnist_fc.onnx
Using vnnlib specs/sample_14406_s.vnnlib
784 inputs and 26 outputs in vnnlib
Loading onnx /home/master2/Desktop/saehee/XAI/Assignment_04/emnist_abcrown/models/emnist_fc.onnx with quirks {}
Finished onnx model loading in 0.0071 seconds
Finished vnnlib processing in 0.000364 seconds
Attack parameters: initialization=uniform, steps=100, restarts=5, alpha=0.0025000013411045074, GAMA=False
PGD attack margin (first 2 examples and 10 specs):
 tensor([[14.34225464, 12.32349110,  7.86984825, 13.61335373, 11.55150795,
         11.59390163,  5.84454441, 24.35352707,  7.48784828,  5.25280857]])
Total number of violation:  0
Processing batch 1/1...
PGD attack margin (first 2 examples and 10 specs):
 tensor([[13.03618717, 11.20588207,  7.25635576, 12.35508251, 10.71266842,
         10.85586262,  5.00749779, 23.10894012,  6.75257826,  4.51995945]])
Total number of violation:  0
Attack finished in 0.1380 seconds.
PGD attack failed
verified_status unknown
verified_success False
Model: BoundedModule(
  (/0): BoundInput(name=/0, inputs=[], perturbed=True)
  (/7): BoundParams(name=/7, inputs=[], perturbed=False)
  (/8): BoundParams(name=/8, inputs=[], perturbed=False)
  (/9): BoundParams(name=/9, inputs=[], perturbed=False)
  (/10): BoundParams(name=/10, inputs=[], perturbed=False)
  (/11): BoundParams(name=/11, inputs=[], perturbed=False)
  (/12): BoundParams(name=/12, inputs=[], perturbed=False)
  (/13): BoundFlatten(name=/13, inputs=[/0], perturbed=True)
  (/input): BoundLinear(name=/input, inputs=[/13, /7, /8], perturbed=True)
  (/15): BoundRelu(name=/15, inputs=[/input], perturbed=True)
  (/input-3): BoundLinear(name=/input-3, inputs=[/15, /9, /10], perturbed=True)
  (/17): BoundRelu(name=/17, inputs=[/input-3], perturbed=True)
  (/18): BoundLinear(name=/18, inputs=[/17, /11, /12], perturbed=True)
)
Original output in the first batch: tensor([[ -4.85093641,  -2.74053931,   1.52004194,  -4.05312967,  -1.96744776,
          -2.07038951,   3.63904810, -14.85261440,   1.96403623,   4.23860931,
          -8.26759148,  -3.90473127, -16.63499069, -12.78278065,  -3.68685412,
          -9.70929050,   1.79736662,  -9.44657421,   9.50554371,  -4.04024553,
          -9.93912888, -12.55725956,  -5.31264687,  -3.01377463,  -3.66070175,
          -1.73981917]])
Split layers:
Nonlinear functions:
   BoundRelu(name=/15, inputs=[/input], perturbed=True)
   BoundRelu(name=/17, inputs=[/input-3], perturbed=True)
build batch [1/1]
initial crown bounds (first 10 items): [12.852279663085938, 11.035243034362793, 7.135094165802002, 12.230545997619629, 10.557929039001465, 10.724969863891602, 4.875418186187744, 22.975784301757812, 6.568379878997803, 4.4013237953186035]
Global lower bound: 4.4013237953186035
verified with init bound!
Result: safe-incomplete in 0.1957 seconds

 %%%%%%%%%%%%%%%%%%%%%%%%%%%%%%%%%%% idx: 187, vnnlib ID: 187 %%%%%%%%%%%%%%%%%%%%%%%%%%%%%%%%%%%
Using onnx models/emnist_fc.onnx
Using vnnlib specs/sample_14407_s.vnnlib
784 inputs and 26 outputs in vnnlib
Loading onnx /home/master2/Desktop/saehee/XAI/Assignment_04/emnist_abcrown/models/emnist_fc.onnx with quirks {}
Finished onnx model loading in 0.0027 seconds
Finished vnnlib processing in 0.000345 seconds
Attack parameters: initialization=uniform, steps=100, restarts=5, alpha=0.002500012516975403, GAMA=False
PGD attack margin (first 2 examples and 10 specs):
 tensor([[10.88510323,  9.52898502, 11.14544678,  9.39215946, 18.22060966,
          9.83170223,  9.85393810, 10.54773998,  3.47397041, -3.43887997]])
Total number of violation:  1
Clean input adversarial, attack skipped.

Checking and Saving Counterexample in check_and_save_cex

verified_status unsafe-pgd
verified_success True
Result: unsafe-pgd in 0.0968 seconds

 %%%%%%%%%%%%%%%%%%%%%%%%%%%%%%%%%%% idx: 188, vnnlib ID: 188 %%%%%%%%%%%%%%%%%%%%%%%%%%%%%%%%%%%
Using onnx models/emnist_fc.onnx
Using vnnlib specs/sample_14408_s.vnnlib
784 inputs and 26 outputs in vnnlib
Loading onnx /home/master2/Desktop/saehee/XAI/Assignment_04/emnist_abcrown/models/emnist_fc.onnx with quirks {}
Finished onnx model loading in 0.0029 seconds
Finished vnnlib processing in 0.000336 seconds
Attack parameters: initialization=uniform, steps=100, restarts=5, alpha=0.0025000013411045074, GAMA=False
PGD attack margin (first 2 examples and 10 specs):
 tensor([[16.18605423, 16.35750961, 21.57317924, 17.80293465, 18.92171860,
         18.57021332,  5.44924450, 32.72951889, 21.34682846,  3.45762157]])
Total number of violation:  0
Processing batch 1/1...
PGD attack margin (first 2 examples and 10 specs):
 tensor([[15.30268574, 15.50317192, 20.63644218, 16.85343742, 18.18363762,
         17.84119225,  4.80549049, 31.56832695, 20.50978279,  2.63127899]])
Total number of violation:  0
Attack finished in 0.1137 seconds.
PGD attack failed
verified_status unknown
verified_success False
Model: BoundedModule(
  (/0): BoundInput(name=/0, inputs=[], perturbed=True)
  (/7): BoundParams(name=/7, inputs=[], perturbed=False)
  (/8): BoundParams(name=/8, inputs=[], perturbed=False)
  (/9): BoundParams(name=/9, inputs=[], perturbed=False)
  (/10): BoundParams(name=/10, inputs=[], perturbed=False)
  (/11): BoundParams(name=/11, inputs=[], perturbed=False)
  (/12): BoundParams(name=/12, inputs=[], perturbed=False)
  (/13): BoundFlatten(name=/13, inputs=[/0], perturbed=True)
  (/input): BoundLinear(name=/input, inputs=[/13, /7, /8], perturbed=True)
  (/15): BoundRelu(name=/15, inputs=[/input], perturbed=True)
  (/input-3): BoundLinear(name=/input-3, inputs=[/15, /9, /10], perturbed=True)
  (/17): BoundRelu(name=/17, inputs=[/input-3], perturbed=True)
  (/18): BoundLinear(name=/18, inputs=[/17, /11, /12], perturbed=True)
)
Original output in the first batch: tensor([[ -2.21638012,  -2.36534786,  -7.60507107,  -3.80702329,  -4.92823553,
          -4.59997845,   8.51610470, -18.75949097,  -7.40361500,  10.48630714,
         -23.09132385, -13.81102848, -19.74208450,  -8.30473137,  -3.82129240,
         -19.69565773,  -3.50304532, -15.06181812,  13.97934818,  -3.97402477,
         -21.16337204, -18.37108231,  -2.43853545, -11.37357521,  -1.96455359,
           2.38904977]])
Split layers:
Nonlinear functions:
   BoundRelu(name=/15, inputs=[/input], perturbed=True)
   BoundRelu(name=/17, inputs=[/input-3], perturbed=True)
build batch [1/1]
initial crown bounds (first 10 items): [15.13385009765625, 15.435554504394531, 20.467029571533203, 16.67695426940918, 18.044004440307617, 17.714773178100586, 4.707403182983398, 31.369203567504883, 20.35160255432129, 2.5045957565307617]
Global lower bound: 2.5045957565307617
verified with init bound!
Result: safe-incomplete in 0.1627 seconds

 %%%%%%%%%%%%%%%%%%%%%%%%%%%%%%%%%%% idx: 189, vnnlib ID: 189 %%%%%%%%%%%%%%%%%%%%%%%%%%%%%%%%%%%
Using onnx models/emnist_fc.onnx
Using vnnlib specs/sample_14409_s.vnnlib
784 inputs and 26 outputs in vnnlib
Loading onnx /home/master2/Desktop/saehee/XAI/Assignment_04/emnist_abcrown/models/emnist_fc.onnx with quirks {}
Finished onnx model loading in 0.0026 seconds
Finished vnnlib processing in 0.000363 seconds
Attack parameters: initialization=uniform, steps=100, restarts=5, alpha=0.002500012516975403, GAMA=False
PGD attack margin (first 2 examples and 10 specs):
 tensor([[14.52584457, 15.39842415, 15.67189217, 23.64462662,  8.97643852,
          3.88613129,  4.52095795, 22.79096603, 15.49294472, 10.01652241]])
Total number of violation:  0
Processing batch 1/1...
PGD attack margin (first 2 examples and 10 specs):
 tensor([[13.72773838, 14.71096611, 15.15081787, 22.85602951,  8.49323940,
          3.27927113,  4.00580502, 21.85429573, 14.87678337,  9.53024292]])
Total number of violation:  0
Attack finished in 0.1140 seconds.
PGD attack failed
verified_status unknown
verified_success False
Model: BoundedModule(
  (/0): BoundInput(name=/0, inputs=[], perturbed=True)
  (/7): BoundParams(name=/7, inputs=[], perturbed=False)
  (/8): BoundParams(name=/8, inputs=[], perturbed=False)
  (/9): BoundParams(name=/9, inputs=[], perturbed=False)
  (/10): BoundParams(name=/10, inputs=[], perturbed=False)
  (/11): BoundParams(name=/11, inputs=[], perturbed=False)
  (/12): BoundParams(name=/12, inputs=[], perturbed=False)
  (/13): BoundFlatten(name=/13, inputs=[/0], perturbed=True)
  (/input): BoundLinear(name=/input, inputs=[/13, /7, /8], perturbed=True)
  (/15): BoundRelu(name=/15, inputs=[/input], perturbed=True)
  (/input-3): BoundLinear(name=/input-3, inputs=[/15, /9, /10], perturbed=True)
  (/17): BoundRelu(name=/17, inputs=[/input-3], perturbed=True)
  (/18): BoundLinear(name=/18, inputs=[/17, /11, /12], perturbed=True)
)
Original output in the first batch: tensor([[ -3.80924988,  -4.62398195,  -4.95069933, -12.90525341,   1.81465030,
           6.86512995,   6.18878698, -12.07868099,  -4.71033764,   0.78227127,
          -7.41325617,  -4.71229172, -18.15053558, -15.65412331,  -8.36052799,
          -5.41939735,   3.10080481,  -4.19975233,  10.77991104,  -3.11675048,
         -18.79803467, -16.46578789,  -5.68398428,  -4.08796358,  -2.70541310,
          -4.10072565]])
Split layers:
Nonlinear functions:
   BoundRelu(name=/15, inputs=[/input], perturbed=True)
   BoundRelu(name=/17, inputs=[/input-3], perturbed=True)
build batch [1/1]
initial crown bounds (first 10 items): [13.669038772583008, 14.628378868103027, 15.031343460083008, 22.76849365234375, 8.402259826660156, 3.173506259918213, 3.8851499557495117, 21.708433151245117, 14.76756763458252, 9.443083763122559]
Global lower bound: 3.173506259918213
verified with init bound!
Result: safe-incomplete in 0.1665 seconds

 %%%%%%%%%%%%%%%%%%%%%%%%%%%%%%%%%%% idx: 190, vnnlib ID: 190 %%%%%%%%%%%%%%%%%%%%%%%%%%%%%%%%%%%
Using onnx models/emnist_fc.onnx
Using vnnlib specs/sample_15200_t.vnnlib
Precompiled vnnlib file found at /home/master2/Desktop/saehee/XAI/Assignment_04/emnist_abcrown/specs/sample_15200_t.vnnlib.compiled
Loading onnx /home/master2/Desktop/saehee/XAI/Assignment_04/emnist_abcrown/models/emnist_fc.onnx with quirks {}
Finished onnx model loading in 0.0028 seconds
Finished vnnlib processing in 0.000330 seconds
Attack parameters: initialization=uniform, steps=100, restarts=5, alpha=0.002500012516975403, GAMA=False
PGD attack margin (first 2 examples and 10 specs):
 tensor([[16.27340317, 26.39960098, 19.65858269, 23.30581284, 18.30651474,
          9.20834923, 15.07786846, 18.13772964, 19.70063782, 14.43963146]])
Total number of violation:  0
Processing batch 1/1...
PGD attack margin (first 2 examples and 10 specs):
 tensor([[15.09090996, 24.97415543, 18.81804848, 22.35478401, 17.32273293,
          8.41198921, 13.97727108, 16.96808052, 18.98482895, 13.83489704]])
Total number of violation:  0
Attack finished in 0.1109 seconds.
PGD attack failed
verified_status unknown
verified_success False
Model: BoundedModule(
  (/0): BoundInput(name=/0, inputs=[], perturbed=True)
  (/7): BoundParams(name=/7, inputs=[], perturbed=False)
  (/8): BoundParams(name=/8, inputs=[], perturbed=False)
  (/9): BoundParams(name=/9, inputs=[], perturbed=False)
  (/10): BoundParams(name=/10, inputs=[], perturbed=False)
  (/11): BoundParams(name=/11, inputs=[], perturbed=False)
  (/12): BoundParams(name=/12, inputs=[], perturbed=False)
  (/13): BoundFlatten(name=/13, inputs=[/0], perturbed=True)
  (/input): BoundLinear(name=/input, inputs=[/13, /7, /8], perturbed=True)
  (/15): BoundRelu(name=/15, inputs=[/input], perturbed=True)
  (/input-3): BoundLinear(name=/input-3, inputs=[/15, /9, /10], perturbed=True)
  (/17): BoundRelu(name=/17, inputs=[/input-3], perturbed=True)
  (/18): BoundLinear(name=/18, inputs=[/17, /11, /12], perturbed=True)
)
Original output in the first batch: tensor([[ -3.85783291, -13.97850323,  -7.26154184, -10.92052364,  -5.84916592,
           3.18770194,  -2.57967734,  -5.75700283,  -7.27360868,  -2.06297016,
         -13.78793812, -11.80099297,  -4.44131184,  -3.03990531,  -8.79380131,
           0.36788949,   1.62843668,   3.84391975, -10.66587162,  12.37667084,
         -22.25973320, -11.12967968, -15.00488281, -10.74950314,  -3.66213918,
          -5.73825741]])
Split layers:
Nonlinear functions:
   BoundRelu(name=/15, inputs=[/input], perturbed=True)
   BoundRelu(name=/17, inputs=[/input-3], perturbed=True)
build batch [1/1]
initial crown bounds (first 10 items): [14.98311710357666, 24.795591354370117, 18.733083724975586, 22.27687644958496, 17.195329666137695, 8.290968894958496, 13.839218139648438, 16.83357810974121, 18.905715942382812, 13.749898910522461]
Global lower bound: 7.617198467254639
verified with init bound!
Result: safe-incomplete in 0.1415 seconds

 %%%%%%%%%%%%%%%%%%%%%%%%%%%%%%%%%%% idx: 191, vnnlib ID: 191 %%%%%%%%%%%%%%%%%%%%%%%%%%%%%%%%%%%
Using onnx models/emnist_fc.onnx
Using vnnlib specs/sample_15201_t.vnnlib
784 inputs and 26 outputs in vnnlib
Loading onnx /home/master2/Desktop/saehee/XAI/Assignment_04/emnist_abcrown/models/emnist_fc.onnx with quirks {}
Finished onnx model loading in 0.0029 seconds
Finished vnnlib processing in 0.000349 seconds
Attack parameters: initialization=uniform, steps=100, restarts=5, alpha=0.0025000013411045074, GAMA=False
PGD attack margin (first 2 examples and 10 specs):
 tensor([[24.99327087, 25.56744194, 22.21809196, 33.74430847, 19.82778358,
         16.21997070, 20.79802704, 18.30724716, 18.45270920, 20.62686539]])
Total number of violation:  0
Processing batch 1/1...
PGD attack margin (first 2 examples and 10 specs):
 tensor([[23.99855804, 24.22147369, 21.57436371, 32.72090149, 19.12857246,
         15.50606918, 19.89575195, 17.40872574, 17.87642670, 19.85762215]])
Total number of violation:  0
Attack finished in 0.1103 seconds.
PGD attack failed
verified_status unknown
verified_success False
Model: BoundedModule(
  (/0): BoundInput(name=/0, inputs=[], perturbed=True)
  (/7): BoundParams(name=/7, inputs=[], perturbed=False)
  (/8): BoundParams(name=/8, inputs=[], perturbed=False)
  (/9): BoundParams(name=/9, inputs=[], perturbed=False)
  (/10): BoundParams(name=/10, inputs=[], perturbed=False)
  (/11): BoundParams(name=/11, inputs=[], perturbed=False)
  (/12): BoundParams(name=/12, inputs=[], perturbed=False)
  (/13): BoundFlatten(name=/13, inputs=[/0], perturbed=True)
  (/input): BoundLinear(name=/input, inputs=[/13, /7, /8], perturbed=True)
  (/15): BoundRelu(name=/15, inputs=[/input], perturbed=True)
  (/input-3): BoundLinear(name=/input-3, inputs=[/15, /9, /10], perturbed=True)
  (/17): BoundRelu(name=/17, inputs=[/input-3], perturbed=True)
  (/18): BoundLinear(name=/18, inputs=[/17, /11, /12], perturbed=True)
)
Original output in the first batch: tensor([[ -9.78511715, -10.24766827,  -6.86805296, -18.47505760,  -4.50556469,
          -0.87106109,  -5.52173948,  -3.11486816,  -3.15332890,  -5.29221058,
          -2.16931820,  -8.28902149, -12.66700459,  -9.13864517, -12.05512810,
          -9.36177158,  -3.21695352,  -1.34399080,  -8.78696823,  15.27917576,
         -13.75542641,  -7.95068502, -10.71612549,  -8.67203522,  -1.90736818,
          -0.97541690]])
Split layers:
Nonlinear functions:
   BoundRelu(name=/15, inputs=[/input], perturbed=True)
   BoundRelu(name=/17, inputs=[/input-3], perturbed=True)
build batch [1/1]
initial crown bounds (first 10 items): [23.67880630493164, 24.015562057495117, 21.39678382873535, 32.43454360961914, 18.95470428466797, 15.336029052734375, 19.63669776916504, 17.271900177001953, 17.67711067199707, 19.656688690185547]
Global lower bound: 15.161087036132812
verified with init bound!
Result: safe-incomplete in 0.1623 seconds

 %%%%%%%%%%%%%%%%%%%%%%%%%%%%%%%%%%% idx: 192, vnnlib ID: 192 %%%%%%%%%%%%%%%%%%%%%%%%%%%%%%%%%%%
Using onnx models/emnist_fc.onnx
Using vnnlib specs/sample_15202_t.vnnlib
784 inputs and 26 outputs in vnnlib
Loading onnx /home/master2/Desktop/saehee/XAI/Assignment_04/emnist_abcrown/models/emnist_fc.onnx with quirks {}
Finished onnx model loading in 0.0033 seconds
Finished vnnlib processing in 0.000337 seconds
Attack parameters: initialization=uniform, steps=100, restarts=5, alpha=0.0025000013411045074, GAMA=False
PGD attack margin (first 2 examples and 10 specs):
 tensor([[16.23575401, 14.18620682, 14.28267670, 15.18084145, 11.34540749,
          2.53780651, 10.44495964, 13.27662182,  5.42120790,  5.87732124]])
Total number of violation:  1
Clean input adversarial, attack skipped.

Checking and Saving Counterexample in check_and_save_cex

verified_status unsafe-pgd
verified_success True
Result: unsafe-pgd in 0.0314 seconds

 %%%%%%%%%%%%%%%%%%%%%%%%%%%%%%%%%%% idx: 193, vnnlib ID: 193 %%%%%%%%%%%%%%%%%%%%%%%%%%%%%%%%%%%
Using onnx models/emnist_fc.onnx
Using vnnlib specs/sample_15203_t.vnnlib
784 inputs and 26 outputs in vnnlib
Loading onnx /home/master2/Desktop/saehee/XAI/Assignment_04/emnist_abcrown/models/emnist_fc.onnx with quirks {}
Finished onnx model loading in 0.0026 seconds
Finished vnnlib processing in 0.000305 seconds
Attack parameters: initialization=uniform, steps=100, restarts=5, alpha=0.002500012516975403, GAMA=False
PGD attack margin (first 2 examples and 10 specs):
 tensor([[22.65433502, 31.84044266, 18.42740059, 20.79923248, 22.54610825,
         13.91321754, 19.40527153, 25.98622894, 13.30696678,  6.83361101]])
Total number of violation:  0
Processing batch 1/1...
PGD attack margin (first 2 examples and 10 specs):
 tensor([[21.37387848, 29.89384842, 17.45929718, 19.53557968, 21.32427597,
         13.11645794, 18.29925919, 24.63713264, 12.49450302,  6.07702303]])
Total number of violation:  0
Attack finished in 0.1150 seconds.
PGD attack failed
verified_status unknown
verified_success False
Model: BoundedModule(
  (/0): BoundInput(name=/0, inputs=[], perturbed=True)
  (/7): BoundParams(name=/7, inputs=[], perturbed=False)
  (/8): BoundParams(name=/8, inputs=[], perturbed=False)
  (/9): BoundParams(name=/9, inputs=[], perturbed=False)
  (/10): BoundParams(name=/10, inputs=[], perturbed=False)
  (/11): BoundParams(name=/11, inputs=[], perturbed=False)
  (/12): BoundParams(name=/12, inputs=[], perturbed=False)
  (/13): BoundFlatten(name=/13, inputs=[/0], perturbed=True)
  (/input): BoundLinear(name=/input, inputs=[/13, /7, /8], perturbed=True)
  (/15): BoundRelu(name=/15, inputs=[/input], perturbed=True)
  (/input-3): BoundLinear(name=/input-3, inputs=[/15, /9, /10], perturbed=True)
  (/17): BoundRelu(name=/17, inputs=[/input-3], perturbed=True)
  (/18): BoundLinear(name=/18, inputs=[/17, /11, /12], perturbed=True)
)
Original output in the first batch: tensor([[ -8.60403633, -17.64009094,  -4.37443876,  -6.75745010,  -8.39296627,
           0.10376687,  -5.35075140, -11.95743847,   0.67556429,   7.13055563,
         -13.62944317,  -5.38458300, -14.29761410,  -7.99213171,  -3.33668995,
          -1.94175684,  -2.13235617,   1.47498691,  -6.74892998,  13.95578384,
         -11.16399956,  -7.39467096, -15.84136963, -11.02102757,  -1.18539953,
          -4.53451014]])
Split layers:
Nonlinear functions:
   BoundRelu(name=/15, inputs=[/input], perturbed=True)
   BoundRelu(name=/17, inputs=[/input-3], perturbed=True)
build batch [1/1]
initial crown bounds (first 10 items): [21.04779624938965, 29.574922561645508, 17.25237274169922, 19.27833366394043, 21.130693435668945, 12.759400367736816, 18.025087356567383, 24.373380661010742, 12.240898132324219, 5.88008975982666]
Global lower bound: 5.88008975982666
verified with init bound!
Result: safe-incomplete in 0.1647 seconds

 %%%%%%%%%%%%%%%%%%%%%%%%%%%%%%%%%%% idx: 194, vnnlib ID: 194 %%%%%%%%%%%%%%%%%%%%%%%%%%%%%%%%%%%
Using onnx models/emnist_fc.onnx
Using vnnlib specs/sample_15204_t.vnnlib
784 inputs and 26 outputs in vnnlib
Loading onnx /home/master2/Desktop/saehee/XAI/Assignment_04/emnist_abcrown/models/emnist_fc.onnx with quirks {}
Finished onnx model loading in 0.0029 seconds
Finished vnnlib processing in 0.000391 seconds
Attack parameters: initialization=uniform, steps=100, restarts=5, alpha=0.002500012516975403, GAMA=False
PGD attack margin (first 2 examples and 10 specs):
 tensor([[27.45182037, 23.95695877, 19.08174515, 25.97785568, 16.54546165,
         11.57686806, 20.45257378, 23.64327621,  9.48794460,  7.56516743]])
Total number of violation:  0
Processing batch 1/1...
PGD attack margin (first 2 examples and 10 specs):
 tensor([[25.75144196, 21.92189407, 18.03758812, 24.58550262, 15.03400993,
         10.42323494, 19.05351257, 21.90319252,  8.67619991,  6.89423800]])
Total number of violation:  0
Attack finished in 0.1082 seconds.
PGD attack failed
verified_status unknown
verified_success False
Model: BoundedModule(
  (/0): BoundInput(name=/0, inputs=[], perturbed=True)
  (/7): BoundParams(name=/7, inputs=[], perturbed=False)
  (/8): BoundParams(name=/8, inputs=[], perturbed=False)
  (/9): BoundParams(name=/9, inputs=[], perturbed=False)
  (/10): BoundParams(name=/10, inputs=[], perturbed=False)
  (/11): BoundParams(name=/11, inputs=[], perturbed=False)
  (/12): BoundParams(name=/12, inputs=[], perturbed=False)
  (/13): BoundFlatten(name=/13, inputs=[/0], perturbed=True)
  (/input): BoundLinear(name=/input, inputs=[/13, /7, /8], perturbed=True)
  (/15): BoundRelu(name=/15, inputs=[/input], perturbed=True)
  (/input-3): BoundLinear(name=/input-3, inputs=[/15, /9, /10], perturbed=True)
  (/17): BoundRelu(name=/17, inputs=[/input-3], perturbed=True)
  (/18): BoundLinear(name=/18, inputs=[/17, /11, /12], perturbed=True)
)
Original output in the first batch: tensor([[-14.48983955, -10.83931541,  -6.10207510, -12.96792412,  -3.45768070,
           1.42764759,  -7.48595190, -10.70161152,   3.45067191,   5.39211988,
         -12.82274342,  -4.89119530, -19.68597412,  -9.18813801, -10.19559669,
          -6.34725714,  -5.81107235,   2.16250587,  -2.06662750,  12.90777969,
         -14.03338623,  -8.94755459, -13.61340714,  -3.99008822,   0.24400906,
          -5.67673254]])
Split layers:
Nonlinear functions:
   BoundRelu(name=/15, inputs=[/input], perturbed=True)
   BoundRelu(name=/17, inputs=[/input-3], perturbed=True)
build batch [1/1]
initial crown bounds (first 10 items): [25.579442977905273, 21.700403213500977, 17.908679962158203, 24.383529663085938, 14.848638534545898, 10.257051467895508, 18.859561920166016, 21.667490005493164, 8.511183738708496, 6.7676544189453125]
Global lower bound: 6.7676544189453125
verified with init bound!
Result: safe-incomplete in 0.2385 seconds

 %%%%%%%%%%%%%%%%%%%%%%%%%%%%%%%%%%% idx: 195, vnnlib ID: 195 %%%%%%%%%%%%%%%%%%%%%%%%%%%%%%%%%%%
Using onnx models/emnist_fc.onnx
Using vnnlib specs/sample_15205_t.vnnlib
784 inputs and 26 outputs in vnnlib
Loading onnx /home/master2/Desktop/saehee/XAI/Assignment_04/emnist_abcrown/models/emnist_fc.onnx with quirks {}
Finished onnx model loading in 0.0025 seconds
Finished vnnlib processing in 0.000328 seconds
Attack parameters: initialization=uniform, steps=100, restarts=5, alpha=0.002500012516975403, GAMA=False
PGD attack margin (first 2 examples and 10 specs):
 tensor([[37.10763550, 32.45750427, 31.22787857, 32.43470001, 23.86781883,
         16.74245453, 31.13222122, 32.93874359, 15.77379513, 13.52086639]])
Total number of violation:  0
Processing batch 1/1...
PGD attack margin (first 2 examples and 10 specs):
 tensor([[35.40684891, 30.60907555, 30.04373932, 30.85789108, 22.40733337,
         15.60079956, 29.75806427, 31.40224838, 14.98613644, 12.93394661]])
Total number of violation:  0
Attack finished in 0.1056 seconds.
PGD attack failed
verified_status unknown
verified_success False
Model: BoundedModule(
  (/0): BoundInput(name=/0, inputs=[], perturbed=True)
  (/7): BoundParams(name=/7, inputs=[], perturbed=False)
  (/8): BoundParams(name=/8, inputs=[], perturbed=False)
  (/9): BoundParams(name=/9, inputs=[], perturbed=False)
  (/10): BoundParams(name=/10, inputs=[], perturbed=False)
  (/11): BoundParams(name=/11, inputs=[], perturbed=False)
  (/12): BoundParams(name=/12, inputs=[], perturbed=False)
  (/13): BoundFlatten(name=/13, inputs=[/0], perturbed=True)
  (/input): BoundLinear(name=/input, inputs=[/13, /7, /8], perturbed=True)
  (/15): BoundRelu(name=/15, inputs=[/input], perturbed=True)
  (/input-3): BoundLinear(name=/input-3, inputs=[/15, /9, /10], perturbed=True)
  (/17): BoundRelu(name=/17, inputs=[/input-3], perturbed=True)
  (/18): BoundLinear(name=/18, inputs=[/17, /11, /12], perturbed=True)
)
Original output in the first batch: tensor([[-19.41225052, -14.72707558, -13.61955547, -14.76291656,  -6.15623283,
           0.83790243, -13.47276974, -15.25235558,   1.86848831,   4.08256292,
         -16.95532417,  -8.63077831, -26.28042984, -11.58870411, -10.08366966,
          -7.62327576,  -3.94866657,  -0.28381795,  -6.27276754,  17.57140923,
         -15.41580391, -10.65023613, -16.13463593,  -6.38699150,  -0.68398589,
          -5.51570034]])
Split layers:
Nonlinear functions:
   BoundRelu(name=/15, inputs=[/input], perturbed=True)
   BoundRelu(name=/17, inputs=[/input-3], perturbed=True)
build batch [1/1]
initial crown bounds (first 10 items): [35.25803756713867, 30.437808990478516, 29.960308074951172, 30.743940353393555, 22.25459098815918, 15.451998710632324, 29.641408920288086, 31.283634185791016, 14.869051933288574, 12.883768081665039]
Global lower bound: 12.883768081665039
verified with init bound!
Result: safe-incomplete in 0.1563 seconds

 %%%%%%%%%%%%%%%%%%%%%%%%%%%%%%%%%%% idx: 196, vnnlib ID: 196 %%%%%%%%%%%%%%%%%%%%%%%%%%%%%%%%%%%
Using onnx models/emnist_fc.onnx
Using vnnlib specs/sample_15206_t.vnnlib
784 inputs and 26 outputs in vnnlib
Loading onnx /home/master2/Desktop/saehee/XAI/Assignment_04/emnist_abcrown/models/emnist_fc.onnx with quirks {}
Finished onnx model loading in 0.0030 seconds
Finished vnnlib processing in 0.000347 seconds
Attack parameters: initialization=uniform, steps=100, restarts=5, alpha=0.0025000013411045074, GAMA=False
PGD attack margin (first 2 examples and 10 specs):
 tensor([[12.22877312, 10.53548145, 15.66620541, 12.83676529, 13.87925720,
          5.02627802, 14.89431286,  7.81486511, 10.90442276, 10.83341217]])
Total number of violation:  0
Processing batch 1/1...
PGD attack margin (first 2 examples and 10 specs):
 tensor([[11.14455986,  9.51328373, 14.92254639, 11.96566200, 13.01813889,
          4.04581022, 13.88459206,  6.87388611, 10.01158333, 10.03369904]])
Total number of violation:  0
Attack finished in 0.1046 seconds.
PGD attack failed
verified_status unknown
verified_success False
Model: BoundedModule(
  (/0): BoundInput(name=/0, inputs=[], perturbed=True)
  (/7): BoundParams(name=/7, inputs=[], perturbed=False)
  (/8): BoundParams(name=/8, inputs=[], perturbed=False)
  (/9): BoundParams(name=/9, inputs=[], perturbed=False)
  (/10): BoundParams(name=/10, inputs=[], perturbed=False)
  (/11): BoundParams(name=/11, inputs=[], perturbed=False)
  (/12): BoundParams(name=/12, inputs=[], perturbed=False)
  (/13): BoundFlatten(name=/13, inputs=[/0], perturbed=True)
  (/input): BoundLinear(name=/input, inputs=[/13, /7, /8], perturbed=True)
  (/15): BoundRelu(name=/15, inputs=[/input], perturbed=True)
  (/input-3): BoundLinear(name=/input-3, inputs=[/15, /9, /10], perturbed=True)
  (/17): BoundRelu(name=/17, inputs=[/input-3], perturbed=True)
  (/18): BoundLinear(name=/18, inputs=[/17, /11, /12], perturbed=True)
)
Original output in the first batch: tensor([[ -3.74617434,  -2.19295168,  -7.29637384,  -4.37780857,  -5.48430586,
           3.42914295,  -6.41888571,   0.59266329,  -2.45699430,  -2.37039208,
          -1.11587083,  -3.15673018, -10.64315319,  -6.91434669,  -8.36875439,
          -4.05227947,  -2.87165833,  -5.81624317,  -4.51517963,   8.36317825,
          -6.18924427,  -7.77557087,  -5.09138107,  -6.34375286,  -3.25256467,
          -8.41483021]])
Split layers:
Nonlinear functions:
   BoundRelu(name=/15, inputs=[/input], perturbed=True)
   BoundRelu(name=/17, inputs=[/input-3], perturbed=True)
build batch [1/1]
initial crown bounds (first 10 items): [10.802417755126953, 9.278453826904297, 14.776012420654297, 11.60660171508789, 12.779072761535645, 3.9047024250030518, 13.6630220413208, 6.615771770477295, 9.747590065002441, 9.782553672790527]
Global lower bound: 3.9047024250030518
verified with init bound!
Result: safe-incomplete in 0.1561 seconds

 %%%%%%%%%%%%%%%%%%%%%%%%%%%%%%%%%%% idx: 197, vnnlib ID: 197 %%%%%%%%%%%%%%%%%%%%%%%%%%%%%%%%%%%
Using onnx models/emnist_fc.onnx
Using vnnlib specs/sample_15207_t.vnnlib
784 inputs and 26 outputs in vnnlib
Loading onnx /home/master2/Desktop/saehee/XAI/Assignment_04/emnist_abcrown/models/emnist_fc.onnx with quirks {}
Finished onnx model loading in 0.0035 seconds
Finished vnnlib processing in 0.000374 seconds
Attack parameters: initialization=uniform, steps=100, restarts=5, alpha=0.002500012516975403, GAMA=False
PGD attack margin (first 2 examples and 10 specs):
 tensor([[20.89458656, 24.82157135, 14.28979683, 23.57248306, 17.16678429,
         14.87722206, 12.86457729, 18.33868599, 17.43192673, 14.44657421]])
Total number of violation:  0
Processing batch 1/1...
PGD attack margin (first 2 examples and 10 specs):
 tensor([[19.93784332, 23.82738876, 13.76292324, 22.75944138, 16.63622093,
         14.16970921, 12.12863350, 17.38838959, 16.68757629, 13.80854034]])
Total number of violation:  0
Attack finished in 0.1093 seconds.
PGD attack failed
verified_status unknown
verified_success False
Model: BoundedModule(
  (/0): BoundInput(name=/0, inputs=[], perturbed=True)
  (/7): BoundParams(name=/7, inputs=[], perturbed=False)
  (/8): BoundParams(name=/8, inputs=[], perturbed=False)
  (/9): BoundParams(name=/9, inputs=[], perturbed=False)
  (/10): BoundParams(name=/10, inputs=[], perturbed=False)
  (/11): BoundParams(name=/11, inputs=[], perturbed=False)
  (/12): BoundParams(name=/12, inputs=[], perturbed=False)
  (/13): BoundFlatten(name=/13, inputs=[/0], perturbed=True)
  (/input): BoundLinear(name=/input, inputs=[/13, /7, /8], perturbed=True)
  (/15): BoundRelu(name=/15, inputs=[/input], perturbed=True)
  (/input-3): BoundLinear(name=/input-3, inputs=[/15, /9, /10], perturbed=True)
  (/17): BoundRelu(name=/17, inputs=[/input-3], perturbed=True)
  (/18): BoundLinear(name=/18, inputs=[/17, /11, /12], perturbed=True)
)
Original output in the first batch: tensor([[ -6.93486023, -10.89702702,  -0.30804431,  -9.62720776,  -3.23465276,
          -0.90860021,   1.12514186,  -4.36382866,  -3.37376165,  -0.49069268,
          -0.97091895,  -5.80364704, -24.25706100, -14.30146790, -13.45605850,
         -12.55258465,  -1.33352542,  -1.44606411, -12.00788403,  13.97761726,
         -13.27971935, -13.34197521, -11.42861271,  -4.17145538,  -5.60256004,
           5.08377981]])
Split layers:
Nonlinear functions:
   BoundRelu(name=/15, inputs=[/input], perturbed=True)
   BoundRelu(name=/17, inputs=[/input-3], perturbed=True)
build batch [1/1]
initial crown bounds (first 10 items): [19.85517120361328, 23.717683792114258, 13.696203231811523, 22.71341323852539, 16.46208953857422, 14.076638221740723, 12.068017959594727, 17.29149055480957, 16.600980758666992, 13.724320411682129]
Global lower bound: 7.908756256103516
verified with init bound!
Result: safe-incomplete in 0.1720 seconds

 %%%%%%%%%%%%%%%%%%%%%%%%%%%%%%%%%%% idx: 198, vnnlib ID: 198 %%%%%%%%%%%%%%%%%%%%%%%%%%%%%%%%%%%
Using onnx models/emnist_fc.onnx
Using vnnlib specs/sample_15208_t.vnnlib
784 inputs and 26 outputs in vnnlib
Loading onnx /home/master2/Desktop/saehee/XAI/Assignment_04/emnist_abcrown/models/emnist_fc.onnx with quirks {}
Finished onnx model loading in 0.0025 seconds
Finished vnnlib processing in 0.000331 seconds
Attack parameters: initialization=uniform, steps=100, restarts=5, alpha=0.0025000013411045074, GAMA=False
PGD attack margin (first 2 examples and 10 specs):
 tensor([[13.50824738, 19.07884789, 19.59460831, 27.62304306, 17.08896065,
          8.12258530, 15.28979301, 10.51629257, 16.04328156, 14.45441914]])
Total number of violation:  0
Processing batch 1/1...
PGD attack margin (first 2 examples and 10 specs):
 tensor([[12.43152428, 17.70565605, 18.81324768, 26.49207115, 16.25015640,
          7.36358786, 14.46359634,  9.60161972, 15.40940094, 13.73638344]])
Total number of violation:  0
Attack finished in 0.1076 seconds.
PGD attack failed
verified_status unknown
verified_success False
Model: BoundedModule(
  (/0): BoundInput(name=/0, inputs=[], perturbed=True)
  (/7): BoundParams(name=/7, inputs=[], perturbed=False)
  (/8): BoundParams(name=/8, inputs=[], perturbed=False)
  (/9): BoundParams(name=/9, inputs=[], perturbed=False)
  (/10): BoundParams(name=/10, inputs=[], perturbed=False)
  (/11): BoundParams(name=/11, inputs=[], perturbed=False)
  (/12): BoundParams(name=/12, inputs=[], perturbed=False)
  (/13): BoundFlatten(name=/13, inputs=[/0], perturbed=True)
  (/input): BoundLinear(name=/input, inputs=[/13, /7, /8], perturbed=True)
  (/15): BoundRelu(name=/15, inputs=[/input], perturbed=True)
  (/input-3): BoundLinear(name=/input-3, inputs=[/15, /9, /10], perturbed=True)
  (/17): BoundRelu(name=/17, inputs=[/input-3], perturbed=True)
  (/18): BoundLinear(name=/18, inputs=[/17, /11, /12], perturbed=True)
)
Original output in the first batch: tensor([[ -2.50919580,  -8.01059151,  -8.53615093, -16.55267715,  -6.05911589,
           2.81152606,  -4.32830477,   0.48613989,  -5.03678608,  -3.47287464,
          -4.30050898,  -6.60575438,  -4.20867682,  -6.68695879, -10.06961441,
          -3.15371156,  -2.93019533,  -0.58042115,  -7.28831959,  10.94892120,
         -12.92380142,  -8.36538982,  -6.44348097,  -9.01825905,  -0.71732920,
          -6.04665041]])
Split layers:
Nonlinear functions:
   BoundRelu(name=/15, inputs=[/input], perturbed=True)
   BoundRelu(name=/17, inputs=[/input-3], perturbed=True)
build batch [1/1]
initial crown bounds (first 10 items): [12.254237174987793, 17.525320053100586, 18.653518676757812, 26.2435245513916, 16.064613342285156, 7.223091125488281, 14.288664817810059, 9.3964262008667, 15.275834083557129, 13.579267501831055]
Global lower bound: 7.223091125488281
verified with init bound!
Result: safe-incomplete in 0.1588 seconds

 %%%%%%%%%%%%%%%%%%%%%%%%%%%%%%%%%%% idx: 199, vnnlib ID: 199 %%%%%%%%%%%%%%%%%%%%%%%%%%%%%%%%%%%
Using onnx models/emnist_fc.onnx
Using vnnlib specs/sample_15209_t.vnnlib
784 inputs and 26 outputs in vnnlib
Loading onnx /home/master2/Desktop/saehee/XAI/Assignment_04/emnist_abcrown/models/emnist_fc.onnx with quirks {}
Finished onnx model loading in 0.0029 seconds
Finished vnnlib processing in 0.000405 seconds
Attack parameters: initialization=uniform, steps=100, restarts=5, alpha=0.002500012516975403, GAMA=False
PGD attack margin (first 2 examples and 10 specs):
 tensor([[ 1.02221146e+01, -6.32721186e-01,  2.41356277e+00,  6.14662743e+00,
          2.97008610e+00,  2.94364977e+00,  9.21527290e+00,  6.37922001e+00,
          5.68437576e-03,  2.23113799e+00]])
Total number of violation:  2
Clean input adversarial, attack skipped.

Checking and Saving Counterexample in check_and_save_cex

verified_status unsafe-pgd
verified_success True
Result: unsafe-pgd in 0.0950 seconds

 %%%%%%%%%%%%%%%%%%%%%%%%%%%%%%%%%%% idx: 200, vnnlib ID: 200 %%%%%%%%%%%%%%%%%%%%%%%%%%%%%%%%%%%
Using onnx models/emnist_fc.onnx
Using vnnlib specs/sample_16000_u.vnnlib
Precompiled vnnlib file found at /home/master2/Desktop/saehee/XAI/Assignment_04/emnist_abcrown/specs/sample_16000_u.vnnlib.compiled
Loading onnx /home/master2/Desktop/saehee/XAI/Assignment_04/emnist_abcrown/models/emnist_fc.onnx with quirks {}
Finished onnx model loading in 0.0027 seconds
Finished vnnlib processing in 0.000318 seconds
Attack parameters: initialization=uniform, steps=100, restarts=5, alpha=0.0025000013411045074, GAMA=False
PGD attack margin (first 2 examples and 10 specs):
 tensor([[22.34259987, 13.73270035, 17.98135948, 14.40133953, 19.75576019,
         31.86678696, 17.59096909, 17.30519867, 14.35204983, 10.31880856]])
Total number of violation:  0
Processing batch 1/1...
PGD attack margin (first 2 examples and 10 specs):
 tensor([[21.62988663, 13.09076023, 17.39409256, 13.99815655, 19.12871170,
         31.07654953, 16.98661995, 16.35570335, 13.87553406,  9.79257679]])
Total number of violation:  0
Attack finished in 0.1065 seconds.
PGD attack failed
verified_status unknown
verified_success False
Model: BoundedModule(
  (/0): BoundInput(name=/0, inputs=[], perturbed=True)
  (/7): BoundParams(name=/7, inputs=[], perturbed=False)
  (/8): BoundParams(name=/8, inputs=[], perturbed=False)
  (/9): BoundParams(name=/9, inputs=[], perturbed=False)
  (/10): BoundParams(name=/10, inputs=[], perturbed=False)
  (/11): BoundParams(name=/11, inputs=[], perturbed=False)
  (/12): BoundParams(name=/12, inputs=[], perturbed=False)
  (/13): BoundFlatten(name=/13, inputs=[/0], perturbed=True)
  (/input): BoundLinear(name=/input, inputs=[/13, /7, /8], perturbed=True)
  (/15): BoundRelu(name=/15, inputs=[/input], perturbed=True)
  (/input-3): BoundLinear(name=/input-3, inputs=[/15, /9, /10], perturbed=True)
  (/17): BoundRelu(name=/17, inputs=[/input-3], perturbed=True)
  (/18): BoundLinear(name=/18, inputs=[/17, /11, /12], perturbed=True)
)
Original output in the first batch: tensor([[ -9.92128277,  -1.25174451,  -5.53374624,  -1.98668599,  -7.37349510,
         -19.49110794,  -5.15571928,  -4.86768246,  -1.94881868,   2.12657285,
          -8.12735939,  -0.76491308,  -8.81540966,  -2.03187895,  -5.52908134,
         -13.17005444,  -4.84846735, -10.84058475, -10.75126743,  -1.35077202,
          12.40048695,   9.04300976,   1.44544327,  -9.48264885,   0.40483302,
         -10.58615303]])
Split layers:
Nonlinear functions:
   BoundRelu(name=/15, inputs=[/input], perturbed=True)
   BoundRelu(name=/17, inputs=[/input-3], perturbed=True)
build batch [1/1]
initial crown bounds (first 10 items): [21.56661033630371, 12.979656219482422, 17.24453353881836, 13.916136741638184, 18.970630645751953, 30.948745727539062, 16.93255615234375, 16.303268432617188, 13.754647254943848, 9.680087089538574]
Global lower bound: 2.9851019382476807
verified with init bound!
Result: safe-incomplete in 0.1370 seconds

 %%%%%%%%%%%%%%%%%%%%%%%%%%%%%%%%%%% idx: 201, vnnlib ID: 201 %%%%%%%%%%%%%%%%%%%%%%%%%%%%%%%%%%%
Using onnx models/emnist_fc.onnx
Using vnnlib specs/sample_16001_u.vnnlib
784 inputs and 26 outputs in vnnlib
Loading onnx /home/master2/Desktop/saehee/XAI/Assignment_04/emnist_abcrown/models/emnist_fc.onnx with quirks {}
Finished onnx model loading in 0.0070 seconds
Finished vnnlib processing in 0.000389 seconds
Attack parameters: initialization=uniform, steps=100, restarts=5, alpha=0.0025000013411045074, GAMA=False
PGD attack margin (first 2 examples and 10 specs):
 tensor([[ 5.75838614, 14.07094860, 12.82041073, 12.39169979, 13.66697884,
         25.85126877, 12.70606899, 12.07212162, 14.10260773, 15.55246449]])
Total number of violation:  0
Processing batch 1/1...
PGD attack margin (first 2 examples and 10 specs):
 tensor([[ 4.63428259, 13.28779984, 11.72641563, 11.65010548, 12.56065369,
         24.62408257, 11.80475521, 11.52908516, 13.04596329, 14.40896511]])
Total number of violation:  0
Attack finished in 0.1065 seconds.
PGD attack failed
verified_status unknown
verified_success False
Model: BoundedModule(
  (/0): BoundInput(name=/0, inputs=[], perturbed=True)
  (/7): BoundParams(name=/7, inputs=[], perturbed=False)
  (/8): BoundParams(name=/8, inputs=[], perturbed=False)
  (/9): BoundParams(name=/9, inputs=[], perturbed=False)
  (/10): BoundParams(name=/10, inputs=[], perturbed=False)
  (/11): BoundParams(name=/11, inputs=[], perturbed=False)
  (/12): BoundParams(name=/12, inputs=[], perturbed=False)
  (/13): BoundFlatten(name=/13, inputs=[/0], perturbed=True)
  (/input): BoundLinear(name=/input, inputs=[/13, /7, /8], perturbed=True)
  (/15): BoundRelu(name=/15, inputs=[/input], perturbed=True)
  (/input-3): BoundLinear(name=/input-3, inputs=[/15, /9, /10], perturbed=True)
  (/17): BoundRelu(name=/17, inputs=[/input-3], perturbed=True)
  (/18): BoundLinear(name=/18, inputs=[/17, /11, /12], perturbed=True)
)
Original output in the first batch: tensor([[  3.12614489,  -5.15367174,  -3.99787951,  -3.52139688,  -4.89005136,
         -16.94012260,  -3.81364584,  -3.18124509,  -5.23425484,  -6.59649611,
          -6.53809214,   0.44798493,  -7.03286552,   0.17904979,  -8.63110733,
         -10.12154198,  -2.69344616,  -6.88935471,  -8.83412457, -13.01289368,
           8.84795570,  -1.13648760,  -3.23672223,  -6.67033720,   3.09157348,
          -7.04063177]])
Split layers:
Nonlinear functions:
   BoundRelu(name=/15, inputs=[/input], perturbed=True)
   BoundRelu(name=/17, inputs=[/input-3], perturbed=True)
build batch [1/1]
initial crown bounds (first 10 items): [4.511176109313965, 13.166550636291504, 11.598124504089355, 11.434112548828125, 12.411178588867188, 24.406341552734375, 11.698142051696777, 11.4099760055542, 12.924443244934082, 14.287507057189941]
Global lower bound: 4.511176109313965
verified with init bound!
Result: safe-incomplete in 0.1638 seconds

 %%%%%%%%%%%%%%%%%%%%%%%%%%%%%%%%%%% idx: 202, vnnlib ID: 202 %%%%%%%%%%%%%%%%%%%%%%%%%%%%%%%%%%%
Using onnx models/emnist_fc.onnx
Using vnnlib specs/sample_16002_u.vnnlib
784 inputs and 26 outputs in vnnlib
Loading onnx /home/master2/Desktop/saehee/XAI/Assignment_04/emnist_abcrown/models/emnist_fc.onnx with quirks {}
Finished onnx model loading in 0.0030 seconds
Finished vnnlib processing in 0.000356 seconds
Attack parameters: initialization=uniform, steps=100, restarts=5, alpha=0.0025000013411045074, GAMA=False
PGD attack margin (first 2 examples and 10 specs):
 tensor([[12.51816177,  9.25057983, 10.10637665,  8.68087578, 12.57362843,
         23.66087341, 10.25299454, 12.87349129, 11.42519474,  9.96650410]])
Total number of violation:  0
Processing batch 1/1...
PGD attack margin (first 2 examples and 10 specs):
 tensor([[11.76296139,  8.43437099,  9.32517433,  8.20174694, 11.72053337,
         22.70511627,  9.45036983, 12.20087242, 10.86192894,  9.15780640]])
Total number of violation:  0
Attack finished in 0.1146 seconds.
PGD attack failed
verified_status unknown
verified_success False
Model: BoundedModule(
  (/0): BoundInput(name=/0, inputs=[], perturbed=True)
  (/7): BoundParams(name=/7, inputs=[], perturbed=False)
  (/8): BoundParams(name=/8, inputs=[], perturbed=False)
  (/9): BoundParams(name=/9, inputs=[], perturbed=False)
  (/10): BoundParams(name=/10, inputs=[], perturbed=False)
  (/11): BoundParams(name=/11, inputs=[], perturbed=False)
  (/12): BoundParams(name=/12, inputs=[], perturbed=False)
  (/13): BoundFlatten(name=/13, inputs=[/0], perturbed=True)
  (/input): BoundLinear(name=/input, inputs=[/13, /7, /8], perturbed=True)
  (/15): BoundRelu(name=/15, inputs=[/input], perturbed=True)
  (/input-3): BoundLinear(name=/input-3, inputs=[/15, /9, /10], perturbed=True)
  (/17): BoundRelu(name=/17, inputs=[/input-3], perturbed=True)
  (/18): BoundLinear(name=/18, inputs=[/17, /11, /12], perturbed=True)
)
Original output in the first batch: tensor([[ -5.05298662,  -1.78324795,  -2.67999411,  -1.25845861,  -5.13478231,
         -16.21934128,  -2.76963568,  -5.44418907,  -3.97342730,  -2.42833662,
          -5.62947989,   0.11960539,  -8.94989300,  -4.32298565,  -3.87797308,
         -10.13172245,   1.02264965,  -7.89204264,  -6.62839460,  -5.46796227,
           7.42916393,   1.78452229,  -1.85973823,  -8.70488262,  -1.64068711,
          -8.43307972]])
Split layers:
Nonlinear functions:
   BoundRelu(name=/15, inputs=[/input], perturbed=True)
   BoundRelu(name=/17, inputs=[/input-3], perturbed=True)
build batch [1/1]
initial crown bounds (first 10 items): [11.511297225952148, 8.194847106933594, 9.077624320983887, 7.913619518280029, 11.42764663696289, 22.320194244384766, 9.190110206604004, 11.936135292053223, 10.645271301269531, 8.966928482055664]
Global lower bound: 5.070004463195801
verified with init bound!
Result: safe-incomplete in 0.1680 seconds

 %%%%%%%%%%%%%%%%%%%%%%%%%%%%%%%%%%% idx: 203, vnnlib ID: 203 %%%%%%%%%%%%%%%%%%%%%%%%%%%%%%%%%%%
Using onnx models/emnist_fc.onnx
Using vnnlib specs/sample_16003_u.vnnlib
784 inputs and 26 outputs in vnnlib
Loading onnx /home/master2/Desktop/saehee/XAI/Assignment_04/emnist_abcrown/models/emnist_fc.onnx with quirks {}
Finished onnx model loading in 0.0030 seconds
Finished vnnlib processing in 0.000332 seconds
Attack parameters: initialization=uniform, steps=100, restarts=5, alpha=0.0025000013411045074, GAMA=False
PGD attack margin (first 2 examples and 10 specs):
 tensor([[12.21844864, 14.21946526,  9.76132965, 10.88698101, 18.30649948,
         22.37225914, 12.13829517, 15.59647846, 15.67988014, 11.48870277]])
Total number of violation:  0
Processing batch 1/1...
PGD attack margin (first 2 examples and 10 specs):
 tensor([[11.04152298, 13.11186123,  8.63436604, 10.08783245, 17.29387093,
         21.02940369, 10.94575310, 14.52398396, 14.95581532, 10.71709347]])
Total number of violation:  0
Attack finished in 0.1112 seconds.
PGD attack failed
verified_status unknown
verified_success False
Model: BoundedModule(
  (/0): BoundInput(name=/0, inputs=[], perturbed=True)
  (/7): BoundParams(name=/7, inputs=[], perturbed=False)
  (/8): BoundParams(name=/8, inputs=[], perturbed=False)
  (/9): BoundParams(name=/9, inputs=[], perturbed=False)
  (/10): BoundParams(name=/10, inputs=[], perturbed=False)
  (/11): BoundParams(name=/11, inputs=[], perturbed=False)
  (/12): BoundParams(name=/12, inputs=[], perturbed=False)
  (/13): BoundFlatten(name=/13, inputs=[/0], perturbed=True)
  (/input): BoundLinear(name=/input, inputs=[/13, /7, /8], perturbed=True)
  (/15): BoundRelu(name=/15, inputs=[/input], perturbed=True)
  (/input-3): BoundLinear(name=/input-3, inputs=[/15, /9, /10], perturbed=True)
  (/17): BoundRelu(name=/17, inputs=[/input-3], perturbed=True)
  (/18): BoundLinear(name=/18, inputs=[/17, /11, /12], perturbed=True)
)
Original output in the first batch: tensor([[-1.37850058e+00, -3.30407810e+00,  9.77970243e-01,  1.48779750e-02,
         -7.51602745e+00, -1.15479126e+01, -1.29013085e+00, -4.76595211e+00,
         -4.96959496e+00, -7.10335791e-01, -1.48294601e+01,  4.19775486e-01,
         -1.41277485e+01, -8.65975320e-01,  6.47858262e-01, -7.09019184e+00,
         -2.12452507e+00, -9.14847755e+00, -5.00306606e+00, -9.81448746e+00,
          1.07719011e+01,  3.68040115e-01,  3.90999019e-01, -1.74049988e+01,
         -1.61477029e+00, -8.19851398e+00]])
Split layers:
Nonlinear functions:
   BoundRelu(name=/15, inputs=[/input], perturbed=True)
   BoundRelu(name=/17, inputs=[/input-3], perturbed=True)
build batch [1/1]
initial crown bounds (first 10 items): [10.785942077636719, 12.775557518005371, 8.39192008972168, 9.821351051330566, 17.05088996887207, 20.712749481201172, 10.658801078796387, 14.185400009155273, 14.766188621520996, 10.53603458404541]
Global lower bound: 8.39192008972168
verified with init bound!
Result: safe-incomplete in 0.1635 seconds

 %%%%%%%%%%%%%%%%%%%%%%%%%%%%%%%%%%% idx: 204, vnnlib ID: 204 %%%%%%%%%%%%%%%%%%%%%%%%%%%%%%%%%%%
Using onnx models/emnist_fc.onnx
Using vnnlib specs/sample_16004_u.vnnlib
784 inputs and 26 outputs in vnnlib
Loading onnx /home/master2/Desktop/saehee/XAI/Assignment_04/emnist_abcrown/models/emnist_fc.onnx with quirks {}
Finished onnx model loading in 0.0026 seconds
Finished vnnlib processing in 0.000363 seconds
Attack parameters: initialization=uniform, steps=100, restarts=5, alpha=0.0025000013411045074, GAMA=False
PGD attack margin (first 2 examples and 10 specs):
 tensor([[11.13665962, 15.14026833, 23.36438560, 17.90719223, 19.19824219,
         25.00473404, 17.09828568, 10.19922543, 20.75583649, 21.35274124]])
Total number of violation:  0
Processing batch 1/1...
PGD attack margin (first 2 examples and 10 specs):
 tensor([[10.37287140, 14.28984547, 22.56440544, 17.30973244, 18.27364540,
         23.78800011, 16.23936081,  9.46977997, 20.16192245, 20.62512589]])
Total number of violation:  0
Attack finished in 0.1266 seconds.
PGD attack failed
verified_status unknown
verified_success False
Model: BoundedModule(
  (/0): BoundInput(name=/0, inputs=[], perturbed=True)
  (/7): BoundParams(name=/7, inputs=[], perturbed=False)
  (/8): BoundParams(name=/8, inputs=[], perturbed=False)
  (/9): BoundParams(name=/9, inputs=[], perturbed=False)
  (/10): BoundParams(name=/10, inputs=[], perturbed=False)
  (/11): BoundParams(name=/11, inputs=[], perturbed=False)
  (/12): BoundParams(name=/12, inputs=[], perturbed=False)
  (/13): BoundFlatten(name=/13, inputs=[/0], perturbed=True)
  (/input): BoundLinear(name=/input, inputs=[/13, /7, /8], perturbed=True)
  (/15): BoundRelu(name=/15, inputs=[/input], perturbed=True)
  (/input-3): BoundLinear(name=/input-3, inputs=[/15, /9, /10], perturbed=True)
  (/17): BoundRelu(name=/17, inputs=[/input-3], perturbed=True)
  (/18): BoundLinear(name=/18, inputs=[/17, /11, /12], perturbed=True)
)
Original output in the first batch: tensor([[  1.29808486,  -2.66674995, -10.93100548,  -5.48978233,  -6.71810627,
         -12.52486134,  -4.61451387,   2.23677540,  -8.37507820,  -8.92058659,
           0.77651972,  -1.58790386,  -3.50474381,  -2.71085429, -15.92490005,
         -15.86263275,  -4.43254423,  -2.77214098,  -6.51597929, -15.87426472,
          12.39929295,  -0.40631944,  -1.64011157,  -6.30772209,  -0.02382131,
         -15.22509766]])
Split layers:
Nonlinear functions:
   BoundRelu(name=/15, inputs=[/input], perturbed=True)
   BoundRelu(name=/17, inputs=[/input-3], perturbed=True)
build batch [1/1]
initial crown bounds (first 10 items): [10.341487884521484, 14.206281661987305, 22.44707679748535, 17.272235870361328, 18.152925491333008, 23.647512435913086, 16.198291778564453, 9.382555961608887, 20.038415908813477, 20.491119384765625]
Global lower bound: 9.382555961608887
verified with init bound!
Result: safe-incomplete in 0.1764 seconds

 %%%%%%%%%%%%%%%%%%%%%%%%%%%%%%%%%%% idx: 205, vnnlib ID: 205 %%%%%%%%%%%%%%%%%%%%%%%%%%%%%%%%%%%
Using onnx models/emnist_fc.onnx
Using vnnlib specs/sample_16005_u.vnnlib
784 inputs and 26 outputs in vnnlib
Loading onnx /home/master2/Desktop/saehee/XAI/Assignment_04/emnist_abcrown/models/emnist_fc.onnx with quirks {}
Finished onnx model loading in 0.0027 seconds
Finished vnnlib processing in 0.000355 seconds
Attack parameters: initialization=uniform, steps=100, restarts=5, alpha=0.002500012516975403, GAMA=False
PGD attack margin (first 2 examples and 10 specs):
 tensor([[16.01040649, 14.06505108, 21.14532471,  9.61463165, 26.65715981,
         33.79929733, 15.25178719,  8.13119888, 15.62145042, 15.05830288]])
Total number of violation:  0
Processing batch 1/1...
PGD attack margin (first 2 examples and 10 specs):
 tensor([[15.36591148, 13.38841724, 20.43610001,  8.84143829, 25.98722458,
         32.87667084, 14.53685570,  7.49707174, 14.88325310, 14.31608486]])
Total number of violation:  0
Attack finished in 0.1207 seconds.
PGD attack failed
verified_status unknown
verified_success False
Model: BoundedModule(
  (/0): BoundInput(name=/0, inputs=[], perturbed=True)
  (/7): BoundParams(name=/7, inputs=[], perturbed=False)
  (/8): BoundParams(name=/8, inputs=[], perturbed=False)
  (/9): BoundParams(name=/9, inputs=[], perturbed=False)
  (/10): BoundParams(name=/10, inputs=[], perturbed=False)
  (/11): BoundParams(name=/11, inputs=[], perturbed=False)
  (/12): BoundParams(name=/12, inputs=[], perturbed=False)
  (/13): BoundFlatten(name=/13, inputs=[/0], perturbed=True)
  (/input): BoundLinear(name=/input, inputs=[/13, /7, /8], perturbed=True)
  (/15): BoundRelu(name=/15, inputs=[/input], perturbed=True)
  (/input-3): BoundLinear(name=/input-3, inputs=[/15, /9, /10], perturbed=True)
  (/17): BoundRelu(name=/17, inputs=[/input-3], perturbed=True)
  (/18): BoundLinear(name=/18, inputs=[/17, /11, /12], perturbed=True)
)
Original output in the first batch: tensor([[ -6.40080023,  -4.48116159, -11.59952450,  -0.11636513, -17.10403824,
         -24.29016685,  -5.65016508,   1.41951764,  -6.05414295,  -5.48387003,
           2.97521734,  -2.25972438,  -7.09249401,   0.81294960, -21.47385406,
         -17.66262054,  -3.95343113,  -5.60221529, -16.98264694,  -6.29024458,
           9.56205559,  -5.53974342,  -3.97541070,  -0.90910572,  -1.25116754,
          -3.40575910]])
Split layers:
Nonlinear functions:
   BoundRelu(name=/15, inputs=[/input], perturbed=True)
   BoundRelu(name=/17, inputs=[/input-3], perturbed=True)
build batch [1/1]
initial crown bounds (first 10 items): [15.21984577178955, 13.315631866455078, 20.361417770385742, 8.695821762084961, 25.905797958374023, 32.76313781738281, 14.465085983276367, 7.392554759979248, 14.72927188873291, 14.199430465698242]
Global lower bound: 5.772778034210205
verified with init bound!
Result: safe-incomplete in 0.2337 seconds

 %%%%%%%%%%%%%%%%%%%%%%%%%%%%%%%%%%% idx: 206, vnnlib ID: 206 %%%%%%%%%%%%%%%%%%%%%%%%%%%%%%%%%%%
Using onnx models/emnist_fc.onnx
Using vnnlib specs/sample_16006_u.vnnlib
784 inputs and 26 outputs in vnnlib
Loading onnx /home/master2/Desktop/saehee/XAI/Assignment_04/emnist_abcrown/models/emnist_fc.onnx with quirks {}
Finished onnx model loading in 0.0028 seconds
Finished vnnlib processing in 0.000369 seconds
Attack parameters: initialization=uniform, steps=100, restarts=5, alpha=0.002500012516975403, GAMA=False
PGD attack margin (first 2 examples and 10 specs):
 tensor([[11.12459087, 13.77762699, 13.03076935, 15.64933109, 12.67315197,
         35.95391464, 15.45139217, 18.99278641, 18.86055374, 18.65631866]])
Total number of violation:  0
Processing batch 1/1...
PGD attack margin (first 2 examples and 10 specs):
 tensor([[10.08590031, 13.04549694, 12.23280811, 15.05040169, 11.66402054,
         34.95008850, 14.66920853, 18.36476517, 18.10627365, 17.80748940]])
Total number of violation:  0
Attack finished in 0.1131 seconds.
PGD attack failed
verified_status unknown
verified_success False
Model: BoundedModule(
  (/0): BoundInput(name=/0, inputs=[], perturbed=True)
  (/7): BoundParams(name=/7, inputs=[], perturbed=False)
  (/8): BoundParams(name=/8, inputs=[], perturbed=False)
  (/9): BoundParams(name=/9, inputs=[], perturbed=False)
  (/10): BoundParams(name=/10, inputs=[], perturbed=False)
  (/11): BoundParams(name=/11, inputs=[], perturbed=False)
  (/12): BoundParams(name=/12, inputs=[], perturbed=False)
  (/13): BoundFlatten(name=/13, inputs=[/0], perturbed=True)
  (/input): BoundLinear(name=/input, inputs=[/13, /7, /8], perturbed=True)
  (/15): BoundRelu(name=/15, inputs=[/input], perturbed=True)
  (/input-3): BoundLinear(name=/input-3, inputs=[/15, /9, /10], perturbed=True)
  (/17): BoundRelu(name=/17, inputs=[/input-3], perturbed=True)
  (/18): BoundLinear(name=/18, inputs=[/17, /11, /12], perturbed=True)
)
Original output in the first batch: tensor([[  1.07711887,  -1.51906133,  -0.83899915,  -3.48033738,  -0.49174729,
         -23.83544540,  -3.23042774,  -6.82506371,  -6.70328236,  -6.49240112,
          -0.25129721,   0.73215991, -10.32506847,  -6.11476374,  -7.42302608,
         -10.33018589,  -5.22017479,  -3.04182386, -13.20827389,  -9.58243179,
          12.17600822,  -0.92363757,  -4.78918409, -11.15307617,  -1.50192118,
          -3.33952498]])
Split layers:
Nonlinear functions:
   BoundRelu(name=/15, inputs=[/input], perturbed=True)
   BoundRelu(name=/17, inputs=[/input-3], perturbed=True)
build batch [1/1]
initial crown bounds (first 10 items): [9.907859802246094, 12.85888957977295, 12.076970100402832, 14.913520812988281, 11.523322105407715, 34.74754333496094, 14.470864295959473, 18.22103500366211, 17.895381927490234, 17.604183197021484]
Global lower bound: 9.907859802246094
verified with init bound!
Result: safe-incomplete in 0.1637 seconds

 %%%%%%%%%%%%%%%%%%%%%%%%%%%%%%%%%%% idx: 207, vnnlib ID: 207 %%%%%%%%%%%%%%%%%%%%%%%%%%%%%%%%%%%
Using onnx models/emnist_fc.onnx
Using vnnlib specs/sample_16007_u.vnnlib
784 inputs and 26 outputs in vnnlib
Loading onnx /home/master2/Desktop/saehee/XAI/Assignment_04/emnist_abcrown/models/emnist_fc.onnx with quirks {}
Finished onnx model loading in 0.0027 seconds
Finished vnnlib processing in 0.000370 seconds
Attack parameters: initialization=uniform, steps=100, restarts=5, alpha=0.0025000013411045074, GAMA=False
PGD attack margin (first 2 examples and 10 specs):
 tensor([[ 7.86590528, 17.34181404, 16.25573921, 13.93246460, 14.43171883,
         27.62736511, 14.65498543,  5.48675156,  8.44223690, 14.64954185]])
Total number of violation:  0
Processing batch 1/1...
PGD attack margin (first 2 examples and 10 specs):
 tensor([[ 7.22488260, 16.62544060, 15.75661469, 13.35115242, 13.69443893,
         26.55702209, 14.05442429,  4.88554955,  7.76660919, 14.01968765]])
Total number of violation:  0
Attack finished in 0.1244 seconds.
PGD attack failed
verified_status unknown
verified_success False
Model: BoundedModule(
  (/0): BoundInput(name=/0, inputs=[], perturbed=True)
  (/7): BoundParams(name=/7, inputs=[], perturbed=False)
  (/8): BoundParams(name=/8, inputs=[], perturbed=False)
  (/9): BoundParams(name=/9, inputs=[], perturbed=False)
  (/10): BoundParams(name=/10, inputs=[], perturbed=False)
  (/11): BoundParams(name=/11, inputs=[], perturbed=False)
  (/12): BoundParams(name=/12, inputs=[], perturbed=False)
  (/13): BoundFlatten(name=/13, inputs=[/0], perturbed=True)
  (/input): BoundLinear(name=/input, inputs=[/13, /7, /8], perturbed=True)
  (/15): BoundRelu(name=/15, inputs=[/input], perturbed=True)
  (/input-3): BoundLinear(name=/input-3, inputs=[/15, /9, /10], perturbed=True)
  (/17): BoundRelu(name=/17, inputs=[/input-3], perturbed=True)
  (/18): BoundLinear(name=/18, inputs=[/17, /11, /12], perturbed=True)
)
Original output in the first batch: tensor([[ -0.12070453,  -9.68288422,  -8.64585018,  -6.21563053,  -6.79227018,
         -19.85961533,  -7.00093937,   2.21356153,  -0.75631666,  -7.04503393,
          -4.57586336,  -0.60701656,  -0.29676560,   0.09215873, -16.32217026,
         -19.07546043,  -6.33227730,  -3.99811149,  -9.98688984, -11.00251961,
           7.69469547,  -2.03792667,   2.90079641,  -6.08156395,  -0.77694839,
          -9.60583401]])
Split layers:
Nonlinear functions:
   BoundRelu(name=/15, inputs=[/input], perturbed=True)
   BoundRelu(name=/17, inputs=[/input-3], perturbed=True)
build batch [1/1]
initial crown bounds (first 10 items): [7.100649833679199, 16.378938674926758, 15.584728240966797, 13.202908515930176, 13.54389476776123, 26.349172592163086, 13.942541122436523, 4.737043380737305, 7.679086208343506, 13.855145454406738]
Global lower bound: 3.53411865234375
verified with init bound!
Result: safe-incomplete in 0.1764 seconds

 %%%%%%%%%%%%%%%%%%%%%%%%%%%%%%%%%%% idx: 208, vnnlib ID: 208 %%%%%%%%%%%%%%%%%%%%%%%%%%%%%%%%%%%
Using onnx models/emnist_fc.onnx
Using vnnlib specs/sample_16008_u.vnnlib
784 inputs and 26 outputs in vnnlib
Loading onnx /home/master2/Desktop/saehee/XAI/Assignment_04/emnist_abcrown/models/emnist_fc.onnx with quirks {}
Finished onnx model loading in 0.0028 seconds
Finished vnnlib processing in 0.000350 seconds
Attack parameters: initialization=uniform, steps=100, restarts=5, alpha=0.002500012516975403, GAMA=False
PGD attack margin (first 2 examples and 10 specs):
 tensor([[20.35177612, 26.28410912, 31.82999611, 16.25273514, 36.80979919,
         46.43782806, 20.68004036, 20.00170517, 27.17910004, 14.94290257]])
Total number of violation:  0
Processing batch 1/1...
PGD attack margin (first 2 examples and 10 specs):
 tensor([[19.64256477, 25.50325966, 31.07291412, 15.70169258, 35.92881012,
         45.61870575, 19.96028519, 19.36224556, 26.58398056, 14.22581482]])
Total number of violation:  0
Attack finished in 0.1218 seconds.
PGD attack failed
verified_status unknown
verified_success False
Model: BoundedModule(
  (/0): BoundInput(name=/0, inputs=[], perturbed=True)
  (/7): BoundParams(name=/7, inputs=[], perturbed=False)
  (/8): BoundParams(name=/8, inputs=[], perturbed=False)
  (/9): BoundParams(name=/9, inputs=[], perturbed=False)
  (/10): BoundParams(name=/10, inputs=[], perturbed=False)
  (/11): BoundParams(name=/11, inputs=[], perturbed=False)
  (/12): BoundParams(name=/12, inputs=[], perturbed=False)
  (/13): BoundFlatten(name=/13, inputs=[/0], perturbed=True)
  (/input): BoundLinear(name=/input, inputs=[/13, /7, /8], perturbed=True)
  (/15): BoundRelu(name=/15, inputs=[/input], perturbed=True)
  (/input-3): BoundLinear(name=/input-3, inputs=[/15, /9, /10], perturbed=True)
  (/17): BoundRelu(name=/17, inputs=[/input-3], perturbed=True)
  (/18): BoundLinear(name=/18, inputs=[/17, /11, /12], perturbed=True)
)
Original output in the first batch: tensor([[ -1.07810438,  -6.99568319, -12.64443588,   3.05601335, -17.54451942,
         -27.19525337,  -1.43066764,  -0.72796583,  -7.97172117,   4.30779743,
         -27.76519585,  -2.44685102, -21.95943069,   1.07953572,   1.41410553,
         -12.48953247,  -0.79095054, -20.49678802,  -8.25772572, -20.51556778,
          19.26882172,  10.18940830,   6.28474283, -16.95156479,   4.64910316,
         -14.74008656]])
Split layers:
Nonlinear functions:
   BoundRelu(name=/15, inputs=[/input], perturbed=True)
   BoundRelu(name=/17, inputs=[/input-3], perturbed=True)
build batch [1/1]
initial crown bounds (first 10 items): [19.50945281982422, 25.365110397338867, 30.942365646362305, 15.613264083862305, 35.7612190246582, 45.38609313964844, 19.764413833618164, 19.266983032226562, 26.489458084106445, 14.063067436218262]
Global lower bound: 8.6945161819458
verified with init bound!
Result: safe-incomplete in 0.1724 seconds

 %%%%%%%%%%%%%%%%%%%%%%%%%%%%%%%%%%% idx: 209, vnnlib ID: 209 %%%%%%%%%%%%%%%%%%%%%%%%%%%%%%%%%%%
Using onnx models/emnist_fc.onnx
Using vnnlib specs/sample_16009_u.vnnlib
784 inputs and 26 outputs in vnnlib
Loading onnx /home/master2/Desktop/saehee/XAI/Assignment_04/emnist_abcrown/models/emnist_fc.onnx with quirks {}
Finished onnx model loading in 0.0026 seconds
Finished vnnlib processing in 0.000350 seconds
Attack parameters: initialization=uniform, steps=100, restarts=5, alpha=0.0025000013411045074, GAMA=False
PGD attack margin (first 2 examples and 10 specs):
 tensor([[17.20769882, 19.53791046, 14.52503777, 18.59745407, 16.58843994,
         30.13627243, 16.92926407, 17.67756844, 19.00149918, 16.51961899]])
Total number of violation:  0
Processing batch 1/1...
PGD attack margin (first 2 examples and 10 specs):
 tensor([[16.35884094, 18.75274849, 13.61689472, 17.70977020, 15.66042137,
         29.02095795, 16.25743103, 16.68459892, 18.42323875, 15.79175568]])
Total number of violation:  0
Attack finished in 0.1186 seconds.
PGD attack failed
verified_status unknown
verified_success False
Model: BoundedModule(
  (/0): BoundInput(name=/0, inputs=[], perturbed=True)
  (/7): BoundParams(name=/7, inputs=[], perturbed=False)
  (/8): BoundParams(name=/8, inputs=[], perturbed=False)
  (/9): BoundParams(name=/9, inputs=[], perturbed=False)
  (/10): BoundParams(name=/10, inputs=[], perturbed=False)
  (/11): BoundParams(name=/11, inputs=[], perturbed=False)
  (/12): BoundParams(name=/12, inputs=[], perturbed=False)
  (/13): BoundFlatten(name=/13, inputs=[/0], perturbed=True)
  (/input): BoundLinear(name=/input, inputs=[/13, /7, /8], perturbed=True)
  (/15): BoundRelu(name=/15, inputs=[/input], perturbed=True)
  (/input-3): BoundLinear(name=/input-3, inputs=[/15, /9, /10], perturbed=True)
  (/17): BoundRelu(name=/17, inputs=[/input-3], perturbed=True)
  (/18): BoundLinear(name=/18, inputs=[/17, /11, /12], perturbed=True)
)
Original output in the first batch: tensor([[ -4.00492525,  -6.25612402,  -1.36328614,  -5.30300045,  -3.34224415,
         -16.89070702,  -3.73878694,  -4.49421501,  -5.87104368,  -3.31304336,
          -9.79028511,  -1.25084376, -10.41237736,  -1.11001420,  -1.60562921,
          -6.43698597,  -1.27352846,  -7.84993315,  -5.59495020, -14.06608582,
          13.17070770,   5.81077766,   1.91046417, -14.91524124,  -1.15163040,
         -10.14254761]])
Split layers:
Nonlinear functions:
   BoundRelu(name=/15, inputs=[/input], perturbed=True)
   BoundRelu(name=/17, inputs=[/input-3], perturbed=True)
build batch [1/1]
initial crown bounds (first 10 items): [16.264968872070312, 18.671510696411133, 13.554461479187012, 17.589662551879883, 15.585886001586914, 28.94012451171875, 16.135528564453125, 16.61418342590332, 18.34109115600586, 15.666722297668457]
Global lower bound: 6.903009414672852
verified with init bound!
Result: safe-incomplete in 0.1706 seconds

 %%%%%%%%%%%%%%%%%%%%%%%%%%%%%%%%%%% idx: 210, vnnlib ID: 210 %%%%%%%%%%%%%%%%%%%%%%%%%%%%%%%%%%%
Using onnx models/emnist_fc.onnx
Using vnnlib specs/sample_16800_v.vnnlib
Precompiled vnnlib file found at /home/master2/Desktop/saehee/XAI/Assignment_04/emnist_abcrown/specs/sample_16800_v.vnnlib.compiled
Loading onnx /home/master2/Desktop/saehee/XAI/Assignment_04/emnist_abcrown/models/emnist_fc.onnx with quirks {}
Finished onnx model loading in 0.0028 seconds
Finished vnnlib processing in 0.000515 seconds
Attack parameters: initialization=uniform, steps=100, restarts=5, alpha=0.0025000013411045074, GAMA=False
PGD attack margin (first 2 examples and 10 specs):
 tensor([[17.76911926, 15.09725571, 17.10699272, 12.30489922, 21.97701645,
         31.02120972, 14.50323296, 16.86895370, 11.39543343,  6.32539177]])
Total number of violation:  1
Clean input adversarial, attack skipped.

Checking and Saving Counterexample in check_and_save_cex

verified_status unsafe-pgd
verified_success True
Result: unsafe-pgd in 0.0110 seconds

 %%%%%%%%%%%%%%%%%%%%%%%%%%%%%%%%%%% idx: 211, vnnlib ID: 211 %%%%%%%%%%%%%%%%%%%%%%%%%%%%%%%%%%%
Using onnx models/emnist_fc.onnx
Using vnnlib specs/sample_16801_v.vnnlib
784 inputs and 26 outputs in vnnlib
Loading onnx /home/master2/Desktop/saehee/XAI/Assignment_04/emnist_abcrown/models/emnist_fc.onnx with quirks {}
Finished onnx model loading in 0.0031 seconds
Finished vnnlib processing in 0.000324 seconds
Attack parameters: initialization=uniform, steps=100, restarts=5, alpha=0.002500012516975403, GAMA=False
PGD attack margin (first 2 examples and 10 specs):
 tensor([[24.89453506, 19.05014420, 24.34161758, 20.12705803, 23.52013588,
         20.51337814, 20.87154388, 14.43749619, 10.64735508, 18.33063126]])
Total number of violation:  0
Processing batch 1/1...
PGD attack margin (first 2 examples and 10 specs):
 tensor([[23.74855995, 17.95630646, 23.51335526, 19.37121010, 22.67981720,
         19.50144386, 19.85882378, 13.35412407, 10.16091919, 17.58032227]])
Total number of violation:  0
Attack finished in 0.1391 seconds.
PGD attack failed
verified_status unknown
verified_success False
Model: BoundedModule(
  (/0): BoundInput(name=/0, inputs=[], perturbed=True)
  (/7): BoundParams(name=/7, inputs=[], perturbed=False)
  (/8): BoundParams(name=/8, inputs=[], perturbed=False)
  (/9): BoundParams(name=/9, inputs=[], perturbed=False)
  (/10): BoundParams(name=/10, inputs=[], perturbed=False)
  (/11): BoundParams(name=/11, inputs=[], perturbed=False)
  (/12): BoundParams(name=/12, inputs=[], perturbed=False)
  (/13): BoundFlatten(name=/13, inputs=[/0], perturbed=True)
  (/input): BoundLinear(name=/input, inputs=[/13, /7, /8], perturbed=True)
  (/15): BoundRelu(name=/15, inputs=[/input], perturbed=True)
  (/input-3): BoundLinear(name=/input-3, inputs=[/15, /9, /10], perturbed=True)
  (/17): BoundRelu(name=/17, inputs=[/input-3], perturbed=True)
  (/18): BoundLinear(name=/18, inputs=[/17, /11, /12], perturbed=True)
)
Original output in the first batch: tensor([[-14.65202522,  -8.71417904, -14.10694218,  -9.86682892, -13.34929085,
         -10.26134586, -10.55425549,  -4.19056749,  -0.41524473,  -7.98854017,
          -3.87309623,  -0.38821483,  -9.85266399,   0.52062434, -15.81712723,
          -7.68884993,  -6.90788889,  -5.73618698,  -8.81439686,  -0.78566492,
           1.32369554,  10.24552345,  -0.73048526,   1.82186079,   6.61493111,
         -11.93854523]])
Split layers:
Nonlinear functions:
   BoundRelu(name=/15, inputs=[/input], perturbed=True)
   BoundRelu(name=/17, inputs=[/input-3], perturbed=True)
build batch [1/1]
initial crown bounds (first 10 items): [23.458667755126953, 17.76156997680664, 23.285900115966797, 19.120361328125, 22.448368072509766, 19.342166900634766, 19.658082962036133, 13.135635375976562, 10.043129920959473, 17.448415756225586]
Global lower bound: 2.737751007080078
verified with init bound!
Result: safe-incomplete in 0.2579 seconds

 %%%%%%%%%%%%%%%%%%%%%%%%%%%%%%%%%%% idx: 212, vnnlib ID: 212 %%%%%%%%%%%%%%%%%%%%%%%%%%%%%%%%%%%
Using onnx models/emnist_fc.onnx
Using vnnlib specs/sample_16802_v.vnnlib
784 inputs and 26 outputs in vnnlib
Loading onnx /home/master2/Desktop/saehee/XAI/Assignment_04/emnist_abcrown/models/emnist_fc.onnx with quirks {}
Finished onnx model loading in 0.0027 seconds
Finished vnnlib processing in 0.000339 seconds
Attack parameters: initialization=uniform, steps=100, restarts=5, alpha=0.0025000013411045074, GAMA=False
PGD attack margin (first 2 examples and 10 specs):
 tensor([[24.22108841,  8.97435951, 17.38404274, 13.41414833, 18.40513039,
         26.46368408, 16.30414963, 11.60936546,  8.17313194,  7.85177803]])
Total number of violation:  0
Processing batch 1/1...
PGD attack margin (first 2 examples and 10 specs):
 tensor([[23.47821426,  8.51213264, 16.72825623, 12.96831322, 17.70477676,
         25.72142029, 15.73168182, 10.95123291,  7.70303106,  7.37719965]])
Total number of violation:  0
Attack finished in 0.1198 seconds.
PGD attack failed
verified_status unknown
verified_success False
Model: BoundedModule(
  (/0): BoundInput(name=/0, inputs=[], perturbed=True)
  (/7): BoundParams(name=/7, inputs=[], perturbed=False)
  (/8): BoundParams(name=/8, inputs=[], perturbed=False)
  (/9): BoundParams(name=/9, inputs=[], perturbed=False)
  (/10): BoundParams(name=/10, inputs=[], perturbed=False)
  (/11): BoundParams(name=/11, inputs=[], perturbed=False)
  (/12): BoundParams(name=/12, inputs=[], perturbed=False)
  (/13): BoundFlatten(name=/13, inputs=[/0], perturbed=True)
  (/input): BoundLinear(name=/input, inputs=[/13, /7, /8], perturbed=True)
  (/15): BoundRelu(name=/15, inputs=[/input], perturbed=True)
  (/input-3): BoundLinear(name=/input-3, inputs=[/15, /9, /10], perturbed=True)
  (/17): BoundRelu(name=/17, inputs=[/input-3], perturbed=True)
  (/18): BoundLinear(name=/18, inputs=[/17, /11, /12], perturbed=True)
)
Original output in the first batch: tensor([[-15.66096687,  -0.40596876,  -8.86536026,  -4.88010788,  -9.85218143,
         -17.94361877,  -7.73546219,  -3.07994246,   0.33612534,   0.68988836,
          -3.61369634,   1.42694628,  -5.16503620,   4.86634016, -11.88604450,
          -9.07121849,  -5.76504326,  -2.95140505, -11.29461384,  -3.21984029,
           6.33593988,   8.56355476,   3.39453435,  -2.03063965,  -0.86105949,
          -8.18200970]])
Split layers:
Nonlinear functions:
   BoundRelu(name=/15, inputs=[/input], perturbed=True)
   BoundRelu(name=/17, inputs=[/input-3], perturbed=True)
build batch [1/1]
initial crown bounds (first 10 items): [23.37305450439453, 8.41757583618164, 16.629600524902344, 12.908589363098145, 17.611160278320312, 25.625585556030273, 15.708624839782715, 10.86880111694336, 7.62523889541626, 7.324885368347168]
Global lower bound: 1.8658558130264282
verified with init bound!
Result: safe-incomplete in 0.1723 seconds

 %%%%%%%%%%%%%%%%%%%%%%%%%%%%%%%%%%% idx: 213, vnnlib ID: 213 %%%%%%%%%%%%%%%%%%%%%%%%%%%%%%%%%%%
Using onnx models/emnist_fc.onnx
Using vnnlib specs/sample_16803_v.vnnlib
784 inputs and 26 outputs in vnnlib
Loading onnx /home/master2/Desktop/saehee/XAI/Assignment_04/emnist_abcrown/models/emnist_fc.onnx with quirks {}
Finished onnx model loading in 0.0027 seconds
Finished vnnlib processing in 0.000339 seconds
Attack parameters: initialization=uniform, steps=100, restarts=5, alpha=0.0025000013411045074, GAMA=False
PGD attack margin (first 2 examples and 10 specs):
 tensor([[22.49449158, 23.25332451, 19.09217644, 14.82206059, 16.29358292,
         23.22879410, 16.48527336, 20.10377312, 13.54284000, 17.28059959]])
Total number of violation:  0
Processing batch 1/1...
PGD attack margin (first 2 examples and 10 specs):
 tensor([[21.42179489, 22.16784859, 18.12364388, 14.11345387, 15.23919678,
         22.36470795, 15.67609215, 18.98758698, 13.05427170, 16.59767723]])
Total number of violation:  0
Attack finished in 0.1212 seconds.
PGD attack failed
verified_status unknown
verified_success False
Model: BoundedModule(
  (/0): BoundInput(name=/0, inputs=[], perturbed=True)
  (/7): BoundParams(name=/7, inputs=[], perturbed=False)
  (/8): BoundParams(name=/8, inputs=[], perturbed=False)
  (/9): BoundParams(name=/9, inputs=[], perturbed=False)
  (/10): BoundParams(name=/10, inputs=[], perturbed=False)
  (/11): BoundParams(name=/11, inputs=[], perturbed=False)
  (/12): BoundParams(name=/12, inputs=[], perturbed=False)
  (/13): BoundFlatten(name=/13, inputs=[/0], perturbed=True)
  (/input): BoundLinear(name=/input, inputs=[/13, /7, /8], perturbed=True)
  (/15): BoundRelu(name=/15, inputs=[/input], perturbed=True)
  (/input-3): BoundLinear(name=/input-3, inputs=[/15, /9, /10], perturbed=True)
  (/17): BoundRelu(name=/17, inputs=[/input-3], perturbed=True)
  (/18): BoundLinear(name=/18, inputs=[/17, /11, /12], perturbed=True)
)
Original output in the first batch: tensor([[-11.44208145, -12.13223362,  -8.05691814,  -3.81159902,  -5.28787756,
         -12.20825672,  -5.43015766,  -9.01057816,  -2.56792450,  -6.27215910,
          -5.09804106,  -1.70988810, -16.59664917,  -2.04134870,  -9.14657688,
          -5.39318609,  -3.20167923,  -1.97414947,  -6.83236456,  -3.51133871,
           2.46506882,  11.04703712,   0.53639346,  -0.42354694,   3.05978131,
          -7.17838573]])
Split layers:
Nonlinear functions:
   BoundRelu(name=/15, inputs=[/input], perturbed=True)
   BoundRelu(name=/17, inputs=[/input-3], perturbed=True)
build batch [1/1]
initial crown bounds (first 10 items): [21.172849655151367, 21.842487335205078, 17.85247039794922, 13.972122192382812, 14.971271514892578, 22.082605361938477, 15.451526641845703, 18.667198181152344, 12.830000877380371, 16.345420837402344]
Global lower bound: 6.861243724822998
verified with init bound!
Result: safe-incomplete in 0.1740 seconds

 %%%%%%%%%%%%%%%%%%%%%%%%%%%%%%%%%%% idx: 214, vnnlib ID: 214 %%%%%%%%%%%%%%%%%%%%%%%%%%%%%%%%%%%
Using onnx models/emnist_fc.onnx
Using vnnlib specs/sample_16804_v.vnnlib
784 inputs and 26 outputs in vnnlib
Loading onnx /home/master2/Desktop/saehee/XAI/Assignment_04/emnist_abcrown/models/emnist_fc.onnx with quirks {}
Finished onnx model loading in 0.0033 seconds
Finished vnnlib processing in 0.000364 seconds
Attack parameters: initialization=uniform, steps=100, restarts=5, alpha=0.0025000013411045074, GAMA=False
PGD attack margin (first 2 examples and 10 specs):
 tensor([[25.82103729,  9.92742252, 21.89847946, 13.42327881, 20.17252350,
         20.34247971, 18.27254105, 16.76421547,  9.81939507, 11.56778526]])
Total number of violation:  0
Processing batch 1/1...
PGD attack margin (first 2 examples and 10 specs):
 tensor([[24.77597618,  9.41792679, 21.21177292, 12.75351906, 19.35485458,
         19.52054214, 17.48259926, 15.93553925,  9.43533421, 11.12150764]])
Total number of violation:  0
Attack finished in 0.1148 seconds.
PGD attack failed
verified_status unknown
verified_success False
Model: BoundedModule(
  (/0): BoundInput(name=/0, inputs=[], perturbed=True)
  (/7): BoundParams(name=/7, inputs=[], perturbed=False)
  (/8): BoundParams(name=/8, inputs=[], perturbed=False)
  (/9): BoundParams(name=/9, inputs=[], perturbed=False)
  (/10): BoundParams(name=/10, inputs=[], perturbed=False)
  (/11): BoundParams(name=/11, inputs=[], perturbed=False)
  (/12): BoundParams(name=/12, inputs=[], perturbed=False)
  (/13): BoundFlatten(name=/13, inputs=[/0], perturbed=True)
  (/input): BoundLinear(name=/input, inputs=[/13, /7, /8], perturbed=True)
  (/15): BoundRelu(name=/15, inputs=[/input], perturbed=True)
  (/input-3): BoundLinear(name=/input-3, inputs=[/15, /9, /10], perturbed=True)
  (/17): BoundRelu(name=/17, inputs=[/input-3], perturbed=True)
  (/18): BoundLinear(name=/18, inputs=[/17, /11, /12], perturbed=True)
)
Original output in the first batch: tensor([[-14.63215160,   1.27646708, -10.77802563,  -2.21193552,  -9.03940868,
          -9.17936420,  -7.04540110,  -5.59367037,   1.27714348,  -0.38211542,
          -1.85192633,   2.68578982, -10.80670261,  -1.46388006, -11.41791058,
          -4.46921539,  -7.08045340,  -2.96557832,  -7.59535360,  -5.85514832,
           4.12360573,  11.19190121,   1.02024746,  -1.29177237,   1.90857339,
          -9.92850113]])
Split layers:
Nonlinear functions:
   BoundRelu(name=/15, inputs=[/input], perturbed=True)
   BoundRelu(name=/17, inputs=[/input-3], perturbed=True)
build batch [1/1]
initial crown bounds (first 10 items): [24.49817657470703, 9.244056701660156, 21.01102066040039, 12.535701751708984, 19.163557052612305, 19.33594512939453, 17.32709503173828, 15.804145812988281, 9.287477493286133, 10.9590482711792]
Global lower bound: 6.364508628845215
verified with init bound!
Result: safe-incomplete in 0.1676 seconds

 %%%%%%%%%%%%%%%%%%%%%%%%%%%%%%%%%%% idx: 215, vnnlib ID: 215 %%%%%%%%%%%%%%%%%%%%%%%%%%%%%%%%%%%
Using onnx models/emnist_fc.onnx
Using vnnlib specs/sample_16805_v.vnnlib
784 inputs and 26 outputs in vnnlib
Loading onnx /home/master2/Desktop/saehee/XAI/Assignment_04/emnist_abcrown/models/emnist_fc.onnx with quirks {}
Finished onnx model loading in 0.0027 seconds
Finished vnnlib processing in 0.000327 seconds
Attack parameters: initialization=uniform, steps=100, restarts=5, alpha=0.002500012516975403, GAMA=False
PGD attack margin (first 2 examples and 10 specs):
 tensor([[30.62523651, 20.50725174, 33.28093338, 24.16327286, 31.94010544,
         36.72351837, 23.34320259, 15.98787117, 18.09645271, 18.07697868]])
Total number of violation:  0
Processing batch 1/1...
PGD attack margin (first 2 examples and 10 specs):
 tensor([[29.53549194, 19.66063499, 32.51224518, 23.33726120, 31.04364395,
         35.93296051, 22.58242607, 15.03832722, 17.59838104, 17.44688034]])
Total number of violation:  0
Attack finished in 0.1075 seconds.
PGD attack failed
verified_status unknown
verified_success False
Model: BoundedModule(
  (/0): BoundInput(name=/0, inputs=[], perturbed=True)
  (/7): BoundParams(name=/7, inputs=[], perturbed=False)
  (/8): BoundParams(name=/8, inputs=[], perturbed=False)
  (/9): BoundParams(name=/9, inputs=[], perturbed=False)
  (/10): BoundParams(name=/10, inputs=[], perturbed=False)
  (/11): BoundParams(name=/11, inputs=[], perturbed=False)
  (/12): BoundParams(name=/12, inputs=[], perturbed=False)
  (/13): BoundFlatten(name=/13, inputs=[/0], perturbed=True)
  (/input): BoundLinear(name=/input, inputs=[/13, /7, /8], perturbed=True)
  (/15): BoundRelu(name=/15, inputs=[/input], perturbed=True)
  (/input-3): BoundLinear(name=/input-3, inputs=[/15, /9, /10], perturbed=True)
  (/17): BoundRelu(name=/17, inputs=[/input-3], perturbed=True)
  (/18): BoundLinear(name=/18, inputs=[/17, /11, /12], perturbed=True)
)
Original output in the first batch: tensor([[-15.24208450,  -5.05710173, -17.91339111,  -8.78298759, -16.57261086,
         -21.40491486,  -7.95988035,  -0.59027612,  -2.74110126,  -2.72569323,
          -3.25835299,  -1.46941555,  -6.18427515,   4.94861507, -17.13528633,
         -10.23841953,  -6.86255598,  -3.95042157, -14.90536785, -12.10688686,
           8.13077927,  15.32778072,   7.87495661,   4.40956831,   7.24314022,
         -12.77370739]])
Split layers:
Nonlinear functions:
   BoundRelu(name=/15, inputs=[/input], perturbed=True)
   BoundRelu(name=/17, inputs=[/input-3], perturbed=True)
build batch [1/1]
initial crown bounds (first 10 items): [29.307905197143555, 19.50139045715332, 32.246089935302734, 23.15258026123047, 30.930057525634766, 35.71260452270508, 22.340723037719727, 14.808442115783691, 17.474170684814453, 17.299863815307617]
Global lower bound: 6.3172736167907715
verified with init bound!
Result: safe-incomplete in 0.1632 seconds

 %%%%%%%%%%%%%%%%%%%%%%%%%%%%%%%%%%% idx: 216, vnnlib ID: 216 %%%%%%%%%%%%%%%%%%%%%%%%%%%%%%%%%%%
Using onnx models/emnist_fc.onnx
Using vnnlib specs/sample_16806_v.vnnlib
784 inputs and 26 outputs in vnnlib
Loading onnx /home/master2/Desktop/saehee/XAI/Assignment_04/emnist_abcrown/models/emnist_fc.onnx with quirks {}
Finished onnx model loading in 0.0033 seconds
Finished vnnlib processing in 0.000338 seconds
Attack parameters: initialization=uniform, steps=100, restarts=5, alpha=0.002500012516975403, GAMA=False
PGD attack margin (first 2 examples and 10 specs):
 tensor([[27.21086121, 17.27453995, 23.61297798, 11.74542046, 23.25885391,
         24.39633560, 20.09306526, 19.92304611, 14.66766167, 19.40263939]])
Total number of violation:  0
Processing batch 1/1...
PGD attack margin (first 2 examples and 10 specs):
 tensor([[26.10437775, 16.17579460, 22.67874527, 11.08117104, 22.09882927,
         23.47962189, 19.14505005, 18.86635971, 14.07786560, 18.65556526]])
Total number of violation:  0
Attack finished in 0.1081 seconds.
PGD attack failed
verified_status unknown
verified_success False
Model: BoundedModule(
  (/0): BoundInput(name=/0, inputs=[], perturbed=True)
  (/7): BoundParams(name=/7, inputs=[], perturbed=False)
  (/8): BoundParams(name=/8, inputs=[], perturbed=False)
  (/9): BoundParams(name=/9, inputs=[], perturbed=False)
  (/10): BoundParams(name=/10, inputs=[], perturbed=False)
  (/11): BoundParams(name=/11, inputs=[], perturbed=False)
  (/12): BoundParams(name=/12, inputs=[], perturbed=False)
  (/13): BoundFlatten(name=/13, inputs=[/0], perturbed=True)
  (/input): BoundLinear(name=/input, inputs=[/13, /7, /8], perturbed=True)
  (/15): BoundRelu(name=/15, inputs=[/input], perturbed=True)
  (/input-3): BoundLinear(name=/input-3, inputs=[/15, /9, /10], perturbed=True)
  (/17): BoundRelu(name=/17, inputs=[/input-3], perturbed=True)
  (/18): BoundLinear(name=/18, inputs=[/17, /11, /12], perturbed=True)
)
Original output in the first batch: tensor([[-14.65176010,  -4.72988081, -11.13450813,   0.69946271, -10.72073555,
         -11.93317699,  -7.50826502,  -7.40788317,  -2.21935439,  -6.92718554,
          -3.25943112,  -0.11042285, -10.23785210,   0.45997697, -10.50598240,
          -5.16454697,  -8.40615559,  -3.76112700, -10.06711864,  -2.95054460,
           2.42601609,  12.49121952,  -0.81066269,  -4.24591446,   3.55685925,
         -10.67025185]])
Split layers:
Nonlinear functions:
   BoundRelu(name=/15, inputs=[/input], perturbed=True)
   BoundRelu(name=/17, inputs=[/input-3], perturbed=True)
build batch [1/1]
initial crown bounds (first 10 items): [25.919036865234375, 15.899520874023438, 22.41263198852539, 10.879602432250977, 21.85774803161621, 23.19322967529297, 18.922229766845703, 18.677854537963867, 13.848783493041992, 18.437419891357422]
Global lower bound: 8.234000205993652
verified with init bound!
Result: safe-incomplete in 0.1587 seconds

 %%%%%%%%%%%%%%%%%%%%%%%%%%%%%%%%%%% idx: 217, vnnlib ID: 217 %%%%%%%%%%%%%%%%%%%%%%%%%%%%%%%%%%%
Using onnx models/emnist_fc.onnx
Using vnnlib specs/sample_16807_v.vnnlib
784 inputs and 26 outputs in vnnlib
Loading onnx /home/master2/Desktop/saehee/XAI/Assignment_04/emnist_abcrown/models/emnist_fc.onnx with quirks {}
Finished onnx model loading in 0.0031 seconds
Finished vnnlib processing in 0.000392 seconds
Attack parameters: initialization=uniform, steps=100, restarts=5, alpha=0.002500012516975403, GAMA=False
PGD attack margin (first 2 examples and 10 specs):
 tensor([[19.88947678, 14.69556999, 12.93515205,  8.91434193, 14.99322128,
         18.63302803, 14.12009430, 16.07638741,  6.93320322,  1.89538908]])
Total number of violation:  0
Processing batch 1/1...
PGD attack margin (first 2 examples and 10 specs):
 tensor([[18.62488556, 13.88266563, 12.26892662,  8.33447170, 14.07180214,
         17.82090759, 13.30673981, 15.07573891,  6.54651451,  1.38952160]])
Total number of violation:  0
Attack finished in 0.1148 seconds.
PGD attack failed
verified_status unknown
verified_success False
Model: BoundedModule(
  (/0): BoundInput(name=/0, inputs=[], perturbed=True)
  (/7): BoundParams(name=/7, inputs=[], perturbed=False)
  (/8): BoundParams(name=/8, inputs=[], perturbed=False)
  (/9): BoundParams(name=/9, inputs=[], perturbed=False)
  (/10): BoundParams(name=/10, inputs=[], perturbed=False)
  (/11): BoundParams(name=/11, inputs=[], perturbed=False)
  (/12): BoundParams(name=/12, inputs=[], perturbed=False)
  (/13): BoundFlatten(name=/13, inputs=[/0], perturbed=True)
  (/input): BoundLinear(name=/input, inputs=[/13, /7, /8], perturbed=True)
  (/15): BoundRelu(name=/15, inputs=[/input], perturbed=True)
  (/input-3): BoundLinear(name=/input-3, inputs=[/15, /9, /10], perturbed=True)
  (/17): BoundRelu(name=/17, inputs=[/input-3], perturbed=True)
  (/18): BoundLinear(name=/18, inputs=[/17, /11, /12], perturbed=True)
)
Original output in the first batch: tensor([[-10.42496109,  -5.26870728,  -3.55199432,   0.47802001,  -5.58264542,
          -9.25520611,  -4.65702581,  -6.63591766,   2.49174428,   7.56975746,
          -9.90335655,   0.57290328, -17.61032677,  -2.66443276,  -3.78129625,
          -9.40945816,  -5.01800871,  -6.99627447,  -2.64067292,  -4.48770905,
           5.98869228,   9.43157768,   0.90107256, -11.27867508,  -3.17969394,
         -10.61574173]])
Split layers:
Nonlinear functions:
   BoundRelu(name=/15, inputs=[/input], perturbed=True)
   BoundRelu(name=/17, inputs=[/input-3], perturbed=True)
build batch [1/1]
initial crown bounds (first 10 items): [18.486160278320312, 13.759364128112793, 12.206355094909668, 8.232443809509277, 14.002362251281738, 17.67205810546875, 13.18822956085205, 14.906201362609863, 6.523578643798828, 1.3049553632736206]
Global lower bound: 1.3049553632736206
verified with init bound!
Result: safe-incomplete in 0.2330 seconds

 %%%%%%%%%%%%%%%%%%%%%%%%%%%%%%%%%%% idx: 218, vnnlib ID: 218 %%%%%%%%%%%%%%%%%%%%%%%%%%%%%%%%%%%
Using onnx models/emnist_fc.onnx
Using vnnlib specs/sample_16808_v.vnnlib
784 inputs and 26 outputs in vnnlib
Loading onnx /home/master2/Desktop/saehee/XAI/Assignment_04/emnist_abcrown/models/emnist_fc.onnx with quirks {}
Finished onnx model loading in 0.0034 seconds
Finished vnnlib processing in 0.000344 seconds
Attack parameters: initialization=uniform, steps=100, restarts=5, alpha=0.0025000013411045074, GAMA=False
PGD attack margin (first 2 examples and 10 specs):
 tensor([[36.95684052, 22.52071381, 32.79738998, 23.88552856, 36.08513641,
         28.26226807, 21.87423134, 19.78831291, 20.09238625, 22.65929031]])
Total number of violation:  0
Processing batch 1/1...
PGD attack margin (first 2 examples and 10 specs):
 tensor([[35.80762100, 21.64937210, 32.06981277, 23.13112259, 35.25092316,
         27.61397362, 21.17808151, 18.85902977, 19.70549011, 22.05060959]])
Total number of violation:  0
Attack finished in 0.1081 seconds.
PGD attack failed
verified_status unknown
verified_success False
Model: BoundedModule(
  (/0): BoundInput(name=/0, inputs=[], perturbed=True)
  (/7): BoundParams(name=/7, inputs=[], perturbed=False)
  (/8): BoundParams(name=/8, inputs=[], perturbed=False)
  (/9): BoundParams(name=/9, inputs=[], perturbed=False)
  (/10): BoundParams(name=/10, inputs=[], perturbed=False)
  (/11): BoundParams(name=/11, inputs=[], perturbed=False)
  (/12): BoundParams(name=/12, inputs=[], perturbed=False)
  (/13): BoundFlatten(name=/13, inputs=[/0], perturbed=True)
  (/input): BoundLinear(name=/input, inputs=[/13, /7, /8], perturbed=True)
  (/15): BoundRelu(name=/15, inputs=[/input], perturbed=True)
  (/input-3): BoundLinear(name=/input-3, inputs=[/15, /9, /10], perturbed=True)
  (/17): BoundRelu(name=/17, inputs=[/input-3], perturbed=True)
  (/18): BoundLinear(name=/18, inputs=[/17, /11, /12], perturbed=True)
)
Original output in the first batch: tensor([[-21.66692352,  -7.21731806, -17.64468002,  -8.64314556, -20.87712479,
         -13.08526516,  -6.62091541,  -4.56785488,  -4.91134882,  -7.40476894,
           0.04512171,  -1.41041040, -11.66456985,   0.02876323, -20.08757401,
         -11.09788227,  -6.88093472,  -5.43185759, -10.12456226,  -8.60550594,
           3.76804280,  15.25462627,   5.36975574,   5.09582281,  10.09834576,
         -14.65148449]])
Split layers:
Nonlinear functions:
   BoundRelu(name=/15, inputs=[/input], perturbed=True)
   BoundRelu(name=/17, inputs=[/input-3], perturbed=True)
build batch [1/1]
initial crown bounds (first 10 items): [35.626583099365234, 21.558120727539062, 31.926982879638672, 23.0277042388916, 35.092716217041016, 27.56036949157715, 21.036096572875977, 18.76946258544922, 19.581161499023438, 22.009157180786133]
Global lower bound: 4.2289276123046875
verified with init bound!
Result: safe-incomplete in 0.1571 seconds

 %%%%%%%%%%%%%%%%%%%%%%%%%%%%%%%%%%% idx: 219, vnnlib ID: 219 %%%%%%%%%%%%%%%%%%%%%%%%%%%%%%%%%%%
Using onnx models/emnist_fc.onnx
Using vnnlib specs/sample_16809_v.vnnlib
784 inputs and 26 outputs in vnnlib
Loading onnx /home/master2/Desktop/saehee/XAI/Assignment_04/emnist_abcrown/models/emnist_fc.onnx with quirks {}
Finished onnx model loading in 0.0030 seconds
Finished vnnlib processing in 0.000352 seconds
Attack parameters: initialization=uniform, steps=100, restarts=5, alpha=0.0025000013411045074, GAMA=False
PGD attack margin (first 2 examples and 10 specs):
 tensor([[22.40997887, 17.04509163, 21.63046455, 21.15666962, 22.85978699,
         26.94884872, 17.86738014, 17.55634689, 11.88354015, 10.82931042]])
Total number of violation:  0
Processing batch 1/1...
PGD attack margin (first 2 examples and 10 specs):
 tensor([[21.60613251, 16.41829109, 20.84093666, 20.57073784, 22.20826149,
         26.32432747, 17.19842911, 16.63075638, 11.38667774, 10.22941017]])
Total number of violation:  0
Attack finished in 0.1092 seconds.
PGD attack failed
verified_status unknown
verified_success False
Model: BoundedModule(
  (/0): BoundInput(name=/0, inputs=[], perturbed=True)
  (/7): BoundParams(name=/7, inputs=[], perturbed=False)
  (/8): BoundParams(name=/8, inputs=[], perturbed=False)
  (/9): BoundParams(name=/9, inputs=[], perturbed=False)
  (/10): BoundParams(name=/10, inputs=[], perturbed=False)
  (/11): BoundParams(name=/11, inputs=[], perturbed=False)
  (/12): BoundParams(name=/12, inputs=[], perturbed=False)
  (/13): BoundFlatten(name=/13, inputs=[/0], perturbed=True)
  (/input): BoundLinear(name=/input, inputs=[/13, /7, /8], perturbed=True)
  (/15): BoundRelu(name=/15, inputs=[/input], perturbed=True)
  (/input-3): BoundLinear(name=/input-3, inputs=[/15, /9, /10], perturbed=True)
  (/17): BoundRelu(name=/17, inputs=[/input-3], perturbed=True)
  (/18): BoundLinear(name=/18, inputs=[/17, /11, /12], perturbed=True)
)
Original output in the first batch: tensor([[-10.78381348,  -5.43810987, -10.04992008,  -9.61310387, -11.32540321,
         -15.42083836,  -6.23586798,  -5.88587666,  -0.27081355,   0.75574332,
          -4.35200167,  -1.33085108,  -6.97649813,   2.06863928, -10.23561001,
          -9.92393017,  -8.66485310,  -4.71226263,  -6.03046799,  -6.49682379,
           6.42233944,  11.58246326,   1.00126684,   2.18924236,   3.20886278,
         -11.14587021]])
Split layers:
Nonlinear functions:
   BoundRelu(name=/15, inputs=[/input], perturbed=True)
   BoundRelu(name=/17, inputs=[/input-3], perturbed=True)
build batch [1/1]
initial crown bounds (first 10 items): [21.540159225463867, 16.385623931884766, 20.79120445251465, 20.54315185546875, 22.165992736816406, 26.27015495300293, 17.166900634765625, 16.53370475769043, 11.334053039550781, 10.214856147766113]
Global lower bound: 4.64845085144043
verified with init bound!
Result: safe-incomplete in 0.1580 seconds

 %%%%%%%%%%%%%%%%%%%%%%%%%%%%%%%%%%% idx: 220, vnnlib ID: 220 %%%%%%%%%%%%%%%%%%%%%%%%%%%%%%%%%%%
Using onnx models/emnist_fc.onnx
Using vnnlib specs/sample_17600_w.vnnlib
Precompiled vnnlib file found at /home/master2/Desktop/saehee/XAI/Assignment_04/emnist_abcrown/specs/sample_17600_w.vnnlib.compiled
Loading onnx /home/master2/Desktop/saehee/XAI/Assignment_04/emnist_abcrown/models/emnist_fc.onnx with quirks {}
Finished onnx model loading in 0.0028 seconds
Finished vnnlib processing in 0.000353 seconds
Attack parameters: initialization=uniform, steps=100, restarts=5, alpha=0.0025000013411045074, GAMA=False
PGD attack margin (first 2 examples and 10 specs):
 tensor([[14.14732170, 12.08470917, 19.77119064, 10.05323792, 11.82320595,
         24.31264877, 13.85142899, 17.34523392, 16.72621155, 16.07957077]])
Total number of violation:  0
Processing batch 1/1...
PGD attack margin (first 2 examples and 10 specs):
 tensor([[13.32595062, 11.29642391, 18.62648392,  9.38235092, 10.90199661,
         23.26101494, 13.03293991, 16.60481262, 15.63436127, 15.00351238]])
Total number of violation:  0
Attack finished in 0.1186 seconds.
PGD attack failed
verified_status unknown
verified_success False
Model: BoundedModule(
  (/0): BoundInput(name=/0, inputs=[], perturbed=True)
  (/7): BoundParams(name=/7, inputs=[], perturbed=False)
  (/8): BoundParams(name=/8, inputs=[], perturbed=False)
  (/9): BoundParams(name=/9, inputs=[], perturbed=False)
  (/10): BoundParams(name=/10, inputs=[], perturbed=False)
  (/11): BoundParams(name=/11, inputs=[], perturbed=False)
  (/12): BoundParams(name=/12, inputs=[], perturbed=False)
  (/13): BoundFlatten(name=/13, inputs=[/0], perturbed=True)
  (/input): BoundLinear(name=/input, inputs=[/13, /7, /8], perturbed=True)
  (/15): BoundRelu(name=/15, inputs=[/input], perturbed=True)
  (/input-3): BoundLinear(name=/input-3, inputs=[/15, /9, /10], perturbed=True)
  (/17): BoundRelu(name=/17, inputs=[/input-3], perturbed=True)
  (/18): BoundLinear(name=/18, inputs=[/17, /11, /12], perturbed=True)
)
Original output in the first batch: tensor([[ -2.38604450,  -0.26393512,  -8.10030270,   1.66925383,  -0.10469964,
         -12.67735958,  -2.12814903,  -5.55219793,  -5.11186314,  -4.47742558,
         -11.68692875,  -2.62476373, -15.09208679,   2.06102777,  -2.63045597,
          -6.20217133,  -0.59030652,  -6.07056856,  -5.43265724, -10.58738899,
           2.52186298,  -0.69857597,  11.71359634, -12.54372406,  -3.14412785,
          -2.25809646]])
Split layers:
Nonlinear functions:
   BoundRelu(name=/15, inputs=[/input], perturbed=True)
   BoundRelu(name=/17, inputs=[/input-3], perturbed=True)
build batch [1/1]
initial crown bounds (first 10 items): [13.149164199829102, 11.14354419708252, 18.33304786682129, 9.181746482849121, 10.656363487243652, 23.05685043334961, 12.810646057128906, 16.44038963317871, 15.435433387756348, 14.803770065307617]
Global lower bound: 8.162881851196289
verified with init bound!
Result: safe-incomplete in 0.1483 seconds

 %%%%%%%%%%%%%%%%%%%%%%%%%%%%%%%%%%% idx: 221, vnnlib ID: 221 %%%%%%%%%%%%%%%%%%%%%%%%%%%%%%%%%%%
Using onnx models/emnist_fc.onnx
Using vnnlib specs/sample_17601_w.vnnlib
784 inputs and 26 outputs in vnnlib
Loading onnx /home/master2/Desktop/saehee/XAI/Assignment_04/emnist_abcrown/models/emnist_fc.onnx with quirks {}
Finished onnx model loading in 0.0026 seconds
Finished vnnlib processing in 0.000336 seconds
Attack parameters: initialization=uniform, steps=100, restarts=5, alpha=0.0025000013411045074, GAMA=False
PGD attack margin (first 2 examples and 10 specs):
 tensor([[24.38195038, 14.43448639, 26.82883263, 14.84232807, 21.47175217,
         26.37666512, 16.58760452, 17.42916298, 24.92087936, 19.32282829]])
Total number of violation:  0
Processing batch 1/1...
PGD attack margin (first 2 examples and 10 specs):
 tensor([[23.44195175, 13.29125023, 25.63864899, 14.14401245, 20.14707184,
         25.06286430, 15.68834496, 16.50302696, 24.02006912, 18.49049377]])
Total number of violation:  0
Attack finished in 0.1083 seconds.
PGD attack failed
verified_status unknown
verified_success False
Model: BoundedModule(
  (/0): BoundInput(name=/0, inputs=[], perturbed=True)
  (/7): BoundParams(name=/7, inputs=[], perturbed=False)
  (/8): BoundParams(name=/8, inputs=[], perturbed=False)
  (/9): BoundParams(name=/9, inputs=[], perturbed=False)
  (/10): BoundParams(name=/10, inputs=[], perturbed=False)
  (/11): BoundParams(name=/11, inputs=[], perturbed=False)
  (/12): BoundParams(name=/12, inputs=[], perturbed=False)
  (/13): BoundFlatten(name=/13, inputs=[/0], perturbed=True)
  (/input): BoundLinear(name=/input, inputs=[/13, /7, /8], perturbed=True)
  (/15): BoundRelu(name=/15, inputs=[/input], perturbed=True)
  (/input-3): BoundLinear(name=/input-3, inputs=[/15, /9, /10], perturbed=True)
  (/17): BoundRelu(name=/17, inputs=[/input-3], perturbed=True)
  (/18): BoundLinear(name=/18, inputs=[/17, /11, /12], perturbed=True)
)
Original output in the first batch: tensor([[ -8.96299744,   1.00328112, -11.52205944,   0.55048633,  -6.06561995,
         -11.03245926,  -1.18125689,  -2.01899004,  -9.68988037,  -4.03873205,
         -10.04793358,  -7.55789328, -11.03614330,   0.62274694,  -8.05009460,
         -11.42875862,   2.98824692,  -5.55624676,  -2.91371655, -10.61559772,
          -0.85219675,  -3.18585753,  15.38260174,  -6.21457911,   0.96505827,
          -8.31200886]])
Split layers:
Nonlinear functions:
   BoundRelu(name=/15, inputs=[/input], perturbed=True)
   BoundRelu(name=/17, inputs=[/input-3], perturbed=True)
build batch [1/1]
initial crown bounds (first 10 items): [23.230125427246094, 12.952757835388184, 25.327177047729492, 13.906968116760254, 19.892776489257812, 24.75617790222168, 15.361124992370605, 16.1407470703125, 23.792919158935547, 18.270662307739258]
Global lower bound: 11.335356712341309
verified with init bound!
Result: safe-incomplete in 0.1576 seconds

 %%%%%%%%%%%%%%%%%%%%%%%%%%%%%%%%%%% idx: 222, vnnlib ID: 222 %%%%%%%%%%%%%%%%%%%%%%%%%%%%%%%%%%%
Using onnx models/emnist_fc.onnx
Using vnnlib specs/sample_17602_w.vnnlib
784 inputs and 26 outputs in vnnlib
Loading onnx /home/master2/Desktop/saehee/XAI/Assignment_04/emnist_abcrown/models/emnist_fc.onnx with quirks {}
Finished onnx model loading in 0.0030 seconds
Finished vnnlib processing in 0.000329 seconds
Attack parameters: initialization=uniform, steps=100, restarts=5, alpha=0.0025000013411045074, GAMA=False
PGD attack margin (first 2 examples and 10 specs):
 tensor([[17.17812157, 22.83876801, 23.53013611, 20.35608673, 16.67983437,
         32.36159897, 20.38450623, 21.20708275, 19.99790573, 20.12885284]])
Total number of violation:  0
Processing batch 1/1...
PGD attack margin (first 2 examples and 10 specs):
 tensor([[16.38755989, 22.10062790, 22.49605370, 19.60142899, 15.67476177,
         31.12132263, 19.49761581, 20.63731575, 19.05432129, 19.02690887]])
Total number of violation:  0
Attack finished in 0.1075 seconds.
PGD attack failed
verified_status unknown
verified_success False
Model: BoundedModule(
  (/0): BoundInput(name=/0, inputs=[], perturbed=True)
  (/7): BoundParams(name=/7, inputs=[], perturbed=False)
  (/8): BoundParams(name=/8, inputs=[], perturbed=False)
  (/9): BoundParams(name=/9, inputs=[], perturbed=False)
  (/10): BoundParams(name=/10, inputs=[], perturbed=False)
  (/11): BoundParams(name=/11, inputs=[], perturbed=False)
  (/12): BoundParams(name=/12, inputs=[], perturbed=False)
  (/13): BoundFlatten(name=/13, inputs=[/0], perturbed=True)
  (/input): BoundLinear(name=/input, inputs=[/13, /7, /8], perturbed=True)
  (/15): BoundRelu(name=/15, inputs=[/input], perturbed=True)
  (/input-3): BoundLinear(name=/input-3, inputs=[/15, /9, /10], perturbed=True)
  (/17): BoundRelu(name=/17, inputs=[/input-3], perturbed=True)
  (/18): BoundLinear(name=/18, inputs=[/17, /11, /12], perturbed=True)
)
Original output in the first batch: tensor([[-2.02176952e+00, -7.65536356e+00, -8.41599751e+00, -5.20495749e+00,
         -1.54075563e+00, -1.72034111e+01, -5.22633505e+00, -6.00845528e+00,
         -4.89828968e+00, -5.03889561e+00, -1.16051102e+01, -2.68599057e+00,
         -7.55890846e+00,  1.55179954e+00, -3.64362812e+00, -5.42005634e+00,
         -3.51792979e+00, -7.02736330e+00,  3.85206193e-03, -1.33472538e+01,
          5.31849003e+00,  1.36590612e+00,  1.52141666e+01, -1.14548769e+01,
         -3.08246517e+00, -7.80210257e+00]])
Split layers:
Nonlinear functions:
   BoundRelu(name=/15, inputs=[/input], perturbed=True)
   BoundRelu(name=/17, inputs=[/input-3], perturbed=True)
build batch [1/1]
initial crown bounds (first 10 items): [16.141368865966797, 21.967105865478516, 22.31623649597168, 19.423086166381836, 15.531416893005371, 30.88408851623535, 19.314512252807617, 20.421449661254883, 18.9417724609375, 18.9122314453125]
Global lower bound: 8.98388385772705
verified with init bound!
Result: safe-incomplete in 0.1574 seconds

 %%%%%%%%%%%%%%%%%%%%%%%%%%%%%%%%%%% idx: 223, vnnlib ID: 223 %%%%%%%%%%%%%%%%%%%%%%%%%%%%%%%%%%%
Using onnx models/emnist_fc.onnx
Using vnnlib specs/sample_17603_w.vnnlib
784 inputs and 26 outputs in vnnlib
Loading onnx /home/master2/Desktop/saehee/XAI/Assignment_04/emnist_abcrown/models/emnist_fc.onnx with quirks {}
Finished onnx model loading in 0.0029 seconds
Finished vnnlib processing in 0.000339 seconds
Attack parameters: initialization=uniform, steps=100, restarts=5, alpha=0.0025000013411045074, GAMA=False
PGD attack margin (first 2 examples and 10 specs):
 tensor([[20.63575935, 24.25736618, 35.42674255, 20.45130157, 26.67853737,
         40.46810913, 25.10896492, 16.42380333, 26.60711479, 25.33390045]])
Total number of violation:  0
Processing batch 1/1...
PGD attack margin (first 2 examples and 10 specs):
 tensor([[19.77851105, 23.46244621, 34.53710175, 19.40358925, 25.88459206,
         39.35443497, 24.29892540, 15.72271442, 25.69186592, 24.27425766]])
Total number of violation:  0
Attack finished in 0.1128 seconds.
PGD attack failed
verified_status unknown
verified_success False
Model: BoundedModule(
  (/0): BoundInput(name=/0, inputs=[], perturbed=True)
  (/7): BoundParams(name=/7, inputs=[], perturbed=False)
  (/8): BoundParams(name=/8, inputs=[], perturbed=False)
  (/9): BoundParams(name=/9, inputs=[], perturbed=False)
  (/10): BoundParams(name=/10, inputs=[], perturbed=False)
  (/11): BoundParams(name=/11, inputs=[], perturbed=False)
  (/12): BoundParams(name=/12, inputs=[], perturbed=False)
  (/13): BoundFlatten(name=/13, inputs=[/0], perturbed=True)
  (/input): BoundLinear(name=/input, inputs=[/13, /7, /8], perturbed=True)
  (/15): BoundRelu(name=/15, inputs=[/input], perturbed=True)
  (/input-3): BoundLinear(name=/input-3, inputs=[/15, /9, /10], perturbed=True)
  (/17): BoundRelu(name=/17, inputs=[/input-3], perturbed=True)
  (/18): BoundLinear(name=/18, inputs=[/17, /11, /12], perturbed=True)
)
Original output in the first batch: tensor([[ -1.55940068,  -5.16805029, -16.38392258,  -1.42110491,  -7.63573599,
         -21.43928528,  -6.04976130,   2.60992074,  -7.60663414,  -6.33126593,
          -8.10254478,  -7.22091913,  -2.10526109,   6.48842859, -12.66223335,
         -11.42264938,  -1.89073086,  -5.55496645,  -9.21195412, -12.70061970,
           5.25477123,  -2.12316322,  18.99867630,  -8.81733227,  -1.46479011,
          -9.91331673]])
Split layers:
Nonlinear functions:
   BoundRelu(name=/15, inputs=[/input], perturbed=True)
   BoundRelu(name=/17, inputs=[/input-3], perturbed=True)
build batch [1/1]
initial crown bounds (first 10 items): [19.59906005859375, 23.250146865844727, 34.33829116821289, 19.214536666870117, 25.69567108154297, 39.118717193603516, 24.08697509765625, 15.556504249572754, 25.59483528137207, 24.13434410095215]
Global lower bound: 11.651863098144531
verified with init bound!
Result: safe-incomplete in 0.1640 seconds

 %%%%%%%%%%%%%%%%%%%%%%%%%%%%%%%%%%% idx: 224, vnnlib ID: 224 %%%%%%%%%%%%%%%%%%%%%%%%%%%%%%%%%%%
Using onnx models/emnist_fc.onnx
Using vnnlib specs/sample_17604_w.vnnlib
784 inputs and 26 outputs in vnnlib
Loading onnx /home/master2/Desktop/saehee/XAI/Assignment_04/emnist_abcrown/models/emnist_fc.onnx with quirks {}
Finished onnx model loading in 0.0029 seconds
Finished vnnlib processing in 0.000387 seconds
Attack parameters: initialization=uniform, steps=100, restarts=5, alpha=0.002500012516975403, GAMA=False
PGD attack margin (first 2 examples and 10 specs):
 tensor([[19.85125542, 18.54216003, 29.20801544, 17.70105171, 28.40403366,
         36.07495117, 22.48136711, 12.73237991, 27.48262024, 24.71108246]])
Total number of violation:  0
Processing batch 1/1...
PGD attack margin (first 2 examples and 10 specs):
 tensor([[19.15485191, 17.72924423, 28.36115456, 16.92389679, 27.63212013,
         35.21833420, 21.80498695, 12.02119923, 26.74163437, 23.92335892]])
Total number of violation:  0
Attack finished in 0.1103 seconds.
PGD attack failed
verified_status unknown
verified_success False
Model: BoundedModule(
  (/0): BoundInput(name=/0, inputs=[], perturbed=True)
  (/7): BoundParams(name=/7, inputs=[], perturbed=False)
  (/8): BoundParams(name=/8, inputs=[], perturbed=False)
  (/9): BoundParams(name=/9, inputs=[], perturbed=False)
  (/10): BoundParams(name=/10, inputs=[], perturbed=False)
  (/11): BoundParams(name=/11, inputs=[], perturbed=False)
  (/12): BoundParams(name=/12, inputs=[], perturbed=False)
  (/13): BoundFlatten(name=/13, inputs=[/0], perturbed=True)
  (/input): BoundLinear(name=/input, inputs=[/13, /7, /8], perturbed=True)
  (/15): BoundRelu(name=/15, inputs=[/input], perturbed=True)
  (/input-3): BoundLinear(name=/input-3, inputs=[/15, /9, /10], perturbed=True)
  (/17): BoundRelu(name=/17, inputs=[/input-3], perturbed=True)
  (/18): BoundLinear(name=/18, inputs=[/17, /11, /12], perturbed=True)
)
Original output in the first batch: tensor([[ -3.52939034,  -2.15919971, -12.86330318,  -1.42818713, -12.00894833,
         -19.74325562,  -6.17965364,   3.55314803, -11.12525272,  -8.40310764,
          -9.13633823,  -2.80755949,  -4.20703363,   8.56662369,  -6.26529121,
          -6.29185772,  -0.62829697,  -4.45242548,  -9.76310825, -14.59639072,
           6.60261154,   0.40976158,  16.39361572,  -9.39524651,   0.08299021,
         -16.65921211]])
Split layers:
Nonlinear functions:
   BoundRelu(name=/15, inputs=[/input], perturbed=True)
   BoundRelu(name=/17, inputs=[/input-3], perturbed=True)
build batch [1/1]
initial crown bounds (first 10 items): [19.008041381835938, 17.599468231201172, 28.105684280395508, 16.7171573638916, 27.476396560668945, 35.078468322753906, 21.654556274414062, 11.861424446105957, 26.592361450195312, 23.772258758544922]
Global lower bound: 7.024270057678223
verified with init bound!
Result: safe-incomplete in 0.2296 seconds

 %%%%%%%%%%%%%%%%%%%%%%%%%%%%%%%%%%% idx: 225, vnnlib ID: 225 %%%%%%%%%%%%%%%%%%%%%%%%%%%%%%%%%%%
Using onnx models/emnist_fc.onnx
Using vnnlib specs/sample_17605_w.vnnlib
784 inputs and 26 outputs in vnnlib
Loading onnx /home/master2/Desktop/saehee/XAI/Assignment_04/emnist_abcrown/models/emnist_fc.onnx with quirks {}
Finished onnx model loading in 0.0027 seconds
Finished vnnlib processing in 0.000332 seconds
Attack parameters: initialization=uniform, steps=100, restarts=5, alpha=0.0025000013411045074, GAMA=False
PGD attack margin (first 2 examples and 10 specs):
 tensor([[ 9.92454910, 22.36991882, 28.29915047,  5.19586468, 26.21178436,
         25.78108788, 15.25366688, 24.26023865, 15.92987919,  8.69662189]])
Total number of violation:  0
Processing batch 1/1...
PGD attack margin (first 2 examples and 10 specs):
 tensor([[ 9.08481026, 21.57989311, 27.26892471,  4.49707699, 25.35895157,
         24.59340286, 14.34656525, 23.42695999, 14.98574162,  7.72741985]])
Total number of violation:  0
Attack finished in 0.1039 seconds.
PGD attack failed
verified_status unknown
verified_success False
Model: BoundedModule(
  (/0): BoundInput(name=/0, inputs=[], perturbed=True)
  (/7): BoundParams(name=/7, inputs=[], perturbed=False)
  (/8): BoundParams(name=/8, inputs=[], perturbed=False)
  (/9): BoundParams(name=/9, inputs=[], perturbed=False)
  (/10): BoundParams(name=/10, inputs=[], perturbed=False)
  (/11): BoundParams(name=/11, inputs=[], perturbed=False)
  (/12): BoundParams(name=/12, inputs=[], perturbed=False)
  (/13): BoundFlatten(name=/13, inputs=[/0], perturbed=True)
  (/input): BoundLinear(name=/input, inputs=[/13, /7, /8], perturbed=True)
  (/15): BoundRelu(name=/15, inputs=[/input], perturbed=True)
  (/input-3): BoundLinear(name=/input-3, inputs=[/15, /9, /10], perturbed=True)
  (/17): BoundRelu(name=/17, inputs=[/input-3], perturbed=True)
  (/18): BoundLinear(name=/18, inputs=[/17, /11, /12], perturbed=True)
)
Original output in the first batch: tensor([[  3.38783836,  -9.00433540, -15.06446552,   8.10774231, -12.93160534,
         -12.50432682,  -1.96103096, -10.94577599,  -2.70527673,   4.55976391,
         -24.49093437,  -1.84339023, -26.90827560,  -2.66971755,  -5.61355352,
         -14.15471172,  -0.47021458, -18.29707718,  -6.13784742, -18.56748390,
           0.33003086,  -7.88793945,  13.34380913, -21.02976227,  -5.75816488,
          -7.28113604]])
Split layers:
Nonlinear functions:
   BoundRelu(name=/15, inputs=[/input], perturbed=True)
   BoundRelu(name=/17, inputs=[/input-3], perturbed=True)
build batch [1/1]
initial crown bounds (first 10 items): [9.016756057739258, 21.511852264404297, 27.181894302368164, 4.450528621673584, 25.273717880249023, 24.540966033935547, 14.26651382446289, 23.35648536682129, 14.943833351135254, 7.690637588500977]
Global lower bound: 4.450528621673584
verified with init bound!
Result: safe-incomplete in 0.1554 seconds

 %%%%%%%%%%%%%%%%%%%%%%%%%%%%%%%%%%% idx: 226, vnnlib ID: 226 %%%%%%%%%%%%%%%%%%%%%%%%%%%%%%%%%%%
Using onnx models/emnist_fc.onnx
Using vnnlib specs/sample_17606_w.vnnlib
784 inputs and 26 outputs in vnnlib
Loading onnx /home/master2/Desktop/saehee/XAI/Assignment_04/emnist_abcrown/models/emnist_fc.onnx with quirks {}
Finished onnx model loading in 0.0032 seconds
Finished vnnlib processing in 0.000357 seconds
Attack parameters: initialization=uniform, steps=100, restarts=5, alpha=0.0025000013411045074, GAMA=False
PGD attack margin (first 2 examples and 10 specs):
 tensor([[21.49508286, 18.84517670, 29.60854721, 18.60474777, 27.21356010,
         33.62203979, 24.95416260, 16.77414131, 25.52419281, 25.03639984]])
Total number of violation:  0
Processing batch 1/1...
PGD attack margin (first 2 examples and 10 specs):
 tensor([[20.62943649, 17.87662506, 28.44154358, 17.74523163, 26.06942368,
         32.23251724, 24.01904678, 16.07115936, 24.39922714, 23.84034157]])
Total number of violation:  0
Attack finished in 0.1090 seconds.
PGD attack failed
verified_status unknown
verified_success False
Model: BoundedModule(
  (/0): BoundInput(name=/0, inputs=[], perturbed=True)
  (/7): BoundParams(name=/7, inputs=[], perturbed=False)
  (/8): BoundParams(name=/8, inputs=[], perturbed=False)
  (/9): BoundParams(name=/9, inputs=[], perturbed=False)
  (/10): BoundParams(name=/10, inputs=[], perturbed=False)
  (/11): BoundParams(name=/11, inputs=[], perturbed=False)
  (/12): BoundParams(name=/12, inputs=[], perturbed=False)
  (/13): BoundFlatten(name=/13, inputs=[/0], perturbed=True)
  (/input): BoundLinear(name=/input, inputs=[/13, /7, /8], perturbed=True)
  (/15): BoundRelu(name=/15, inputs=[/input], perturbed=True)
  (/input-3): BoundLinear(name=/input-3, inputs=[/15, /9, /10], perturbed=True)
  (/17): BoundRelu(name=/17, inputs=[/input-3], perturbed=True)
  (/18): BoundLinear(name=/18, inputs=[/17, /11, /12], perturbed=True)
)
Original output in the first batch: tensor([[ -5.29662037,  -2.52239656, -13.42377186,  -2.45309591, -10.92293453,
         -17.35075760,  -8.72006989,  -0.54965097,  -9.34253788,  -8.82223320,
          -7.12826681,  -2.63522792,  -1.89031601,   2.68003345, -10.15052700,
          -9.33637905,  -3.44454432,  -9.91279888, -12.66780376, -11.16185570,
           4.44197702,  -0.56661612,  16.28351402,  -6.61509562,  -2.53104305,
         -14.86813736]])
Split layers:
Nonlinear functions:
   BoundRelu(name=/15, inputs=[/input], perturbed=True)
   BoundRelu(name=/17, inputs=[/input-3], perturbed=True)
build batch [1/1]
initial crown bounds (first 10 items): [20.30881118774414, 17.639081954956055, 28.06755256652832, 17.554412841796875, 25.805816650390625, 31.922630310058594, 23.63716697692871, 15.862844467163086, 24.121171951293945, 23.51238250732422]
Global lower bound: 10.632518768310547
verified with init bound!
Result: safe-incomplete in 0.1602 seconds

 %%%%%%%%%%%%%%%%%%%%%%%%%%%%%%%%%%% idx: 227, vnnlib ID: 227 %%%%%%%%%%%%%%%%%%%%%%%%%%%%%%%%%%%
Using onnx models/emnist_fc.onnx
Using vnnlib specs/sample_17607_w.vnnlib
784 inputs and 26 outputs in vnnlib
Loading onnx /home/master2/Desktop/saehee/XAI/Assignment_04/emnist_abcrown/models/emnist_fc.onnx with quirks {}
Finished onnx model loading in 0.0030 seconds
Finished vnnlib processing in 0.000369 seconds
Attack parameters: initialization=uniform, steps=100, restarts=5, alpha=0.002500012516975403, GAMA=False
PGD attack margin (first 2 examples and 10 specs):
 tensor([[25.21260834, 16.28021622, 28.80006027, 18.55192566, 25.09565353,
         37.27217865, 24.26839828, 15.73524094, 26.45477676, 24.95069885]])
Total number of violation:  0
Processing batch 1/1...
PGD attack margin (first 2 examples and 10 specs):
 tensor([[24.31703949, 15.48951817, 27.62532806, 17.67231178, 23.97825432,
         36.11239624, 23.41256714, 15.09677124, 25.38394928, 23.68346786]])
Total number of violation:  0
Attack finished in 0.1208 seconds.
PGD attack failed
verified_status unknown
verified_success False
Model: BoundedModule(
  (/0): BoundInput(name=/0, inputs=[], perturbed=True)
  (/7): BoundParams(name=/7, inputs=[], perturbed=False)
  (/8): BoundParams(name=/8, inputs=[], perturbed=False)
  (/9): BoundParams(name=/9, inputs=[], perturbed=False)
  (/10): BoundParams(name=/10, inputs=[], perturbed=False)
  (/11): BoundParams(name=/11, inputs=[], perturbed=False)
  (/12): BoundParams(name=/12, inputs=[], perturbed=False)
  (/13): BoundFlatten(name=/13, inputs=[/0], perturbed=True)
  (/input): BoundLinear(name=/input, inputs=[/13, /7, /8], perturbed=True)
  (/15): BoundRelu(name=/15, inputs=[/input], perturbed=True)
  (/input-3): BoundLinear(name=/input-3, inputs=[/15, /9, /10], perturbed=True)
  (/17): BoundRelu(name=/17, inputs=[/input-3], perturbed=True)
  (/18): BoundLinear(name=/18, inputs=[/17, /11, /12], perturbed=True)
)
Original output in the first batch: tensor([[ -9.85284424,  -0.91937256, -13.46982288,  -3.21096659,  -9.80152035,
         -21.93956375,  -8.90126896,  -0.34046710, -11.10229778,  -9.59159374,
          -4.72868395,  -8.31936741,   5.39041233,   1.46062946, -11.85362053,
         -11.50686646,  -2.80476141,  -6.26205015, -12.23987770, -13.16759586,
           6.16098595,   2.89295626,  15.36549664,  -5.23659182,  -1.93936157,
         -14.69258022]])
Split layers:
Nonlinear functions:
   BoundRelu(name=/15, inputs=[/input], perturbed=True)
   BoundRelu(name=/17, inputs=[/input-3], perturbed=True)
build batch [1/1]
initial crown bounds (first 10 items): [24.22710609436035, 15.411617279052734, 27.56529998779297, 17.539758682250977, 23.92302703857422, 36.04347610473633, 23.334049224853516, 15.002384185791016, 25.338085174560547, 23.61939239501953]
Global lower bound: 8.437616348266602
verified with init bound!
Result: safe-incomplete in 0.1802 seconds

 %%%%%%%%%%%%%%%%%%%%%%%%%%%%%%%%%%% idx: 228, vnnlib ID: 228 %%%%%%%%%%%%%%%%%%%%%%%%%%%%%%%%%%%
Using onnx models/emnist_fc.onnx
Using vnnlib specs/sample_17608_w.vnnlib
784 inputs and 26 outputs in vnnlib
Loading onnx /home/master2/Desktop/saehee/XAI/Assignment_04/emnist_abcrown/models/emnist_fc.onnx with quirks {}
Finished onnx model loading in 0.0031 seconds
Finished vnnlib processing in 0.000337 seconds
Attack parameters: initialization=uniform, steps=100, restarts=5, alpha=0.0025000013411045074, GAMA=False
PGD attack margin (first 2 examples and 10 specs):
 tensor([[11.92047310, 22.41133499, 20.21815681, 17.23523521, 17.18376732,
         31.51971817, 16.71711159, 13.46361160, 17.70418358, 18.72529793]])
Total number of violation:  0
Processing batch 1/1...
PGD attack margin (first 2 examples and 10 specs):
 tensor([[11.20340157, 21.71645355, 19.24289131, 16.40538788, 16.29987144,
         30.25248909, 15.89675140, 12.85455322, 16.89311028, 17.76142502]])
Total number of violation:  0
Attack finished in 0.1192 seconds.
PGD attack failed
verified_status unknown
verified_success False
Model: BoundedModule(
  (/0): BoundInput(name=/0, inputs=[], perturbed=True)
  (/7): BoundParams(name=/7, inputs=[], perturbed=False)
  (/8): BoundParams(name=/8, inputs=[], perturbed=False)
  (/9): BoundParams(name=/9, inputs=[], perturbed=False)
  (/10): BoundParams(name=/10, inputs=[], perturbed=False)
  (/11): BoundParams(name=/11, inputs=[], perturbed=False)
  (/12): BoundParams(name=/12, inputs=[], perturbed=False)
  (/13): BoundFlatten(name=/13, inputs=[/0], perturbed=True)
  (/input): BoundLinear(name=/input, inputs=[/13, /7, /8], perturbed=True)
  (/15): BoundRelu(name=/15, inputs=[/input], perturbed=True)
  (/input-3): BoundLinear(name=/input-3, inputs=[/15, /9, /10], perturbed=True)
  (/17): BoundRelu(name=/17, inputs=[/input-3], perturbed=True)
  (/18): BoundLinear(name=/18, inputs=[/17, /11, /12], perturbed=True)
)
Original output in the first batch: tensor([[  0.97477615,  -9.52556801,  -7.36259031,  -4.35295153,  -4.32398224,
         -18.57526398,  -3.82066393,  -0.57957780,  -4.86765671,  -5.82690096,
          -7.20270872,  -5.68953657,  -2.43379211,  -2.51747322,  -5.90095234,
         -10.47804546,  -2.35473347,  -7.50860929,  -2.95031285,  -8.09142876,
           6.27393436,  -3.63469028,  12.90135956, -13.81910610,  -4.87627697,
         -10.30782890]])
Split layers:
Nonlinear functions:
   BoundRelu(name=/15, inputs=[/input], perturbed=True)
   BoundRelu(name=/17, inputs=[/input-3], perturbed=True)
build batch [1/1]
initial crown bounds (first 10 items): [11.103607177734375, 21.615734100341797, 19.098888397216797, 16.290246963500977, 16.16986656188965, 30.105064392089844, 15.76782512664795, 12.782719612121582, 16.785106658935547, 17.64369010925293]
Global lower bound: 6.000603675842285
verified with init bound!
Result: safe-incomplete in 0.1741 seconds

 %%%%%%%%%%%%%%%%%%%%%%%%%%%%%%%%%%% idx: 229, vnnlib ID: 229 %%%%%%%%%%%%%%%%%%%%%%%%%%%%%%%%%%%
Using onnx models/emnist_fc.onnx
Using vnnlib specs/sample_17609_w.vnnlib
784 inputs and 26 outputs in vnnlib
Loading onnx /home/master2/Desktop/saehee/XAI/Assignment_04/emnist_abcrown/models/emnist_fc.onnx with quirks {}
Finished onnx model loading in 0.0032 seconds
Finished vnnlib processing in 0.000386 seconds
Attack parameters: initialization=uniform, steps=100, restarts=5, alpha=0.002500012516975403, GAMA=False
PGD attack margin (first 2 examples and 10 specs):
 tensor([[30.69748688, 22.21603394, 36.85659790, 29.14257622, 31.38324738,
         42.93184662, 23.67866707, 18.38767242, 31.41967583, 28.48092651]])
Total number of violation:  0
Processing batch 1/1...
PGD attack margin (first 2 examples and 10 specs):
 tensor([[29.95191574, 21.26985168, 35.87307739, 28.31526566, 30.55315018,
         41.84246826, 22.83830643, 17.68914223, 30.53804779, 27.39137268]])
Total number of violation:  0
Attack finished in 0.1253 seconds.
PGD attack failed
verified_status unknown
verified_success False
Model: BoundedModule(
  (/0): BoundInput(name=/0, inputs=[], perturbed=True)
  (/7): BoundParams(name=/7, inputs=[], perturbed=False)
  (/8): BoundParams(name=/8, inputs=[], perturbed=False)
  (/9): BoundParams(name=/9, inputs=[], perturbed=False)
  (/10): BoundParams(name=/10, inputs=[], perturbed=False)
  (/11): BoundParams(name=/11, inputs=[], perturbed=False)
  (/12): BoundParams(name=/12, inputs=[], perturbed=False)
  (/13): BoundFlatten(name=/13, inputs=[/0], perturbed=True)
  (/input): BoundLinear(name=/input, inputs=[/13, /7, /8], perturbed=True)
  (/15): BoundRelu(name=/15, inputs=[/input], perturbed=True)
  (/input-3): BoundLinear(name=/input-3, inputs=[/15, /9, /10], perturbed=True)
  (/17): BoundRelu(name=/17, inputs=[/input-3], perturbed=True)
  (/18): BoundLinear(name=/18, inputs=[/17, /11, /12], perturbed=True)
)
Original output in the first batch: tensor([[-11.45685577,  -2.95255923, -17.58199692,  -9.89986038, -12.15369606,
         -23.69105721,  -4.44289637,   0.85791594, -12.17368793,  -9.25626755,
          -3.60680985, -10.36297321,   5.71906614,   4.73791885, -13.99352646,
         -19.45438576,   0.52017903,  -8.94655895, -11.89809322,  -7.81287479,
           4.16980171,   2.77509189,  19.22595024,  -7.90535116,   1.15107560,
         -14.36939240]])
Split layers:
Nonlinear functions:
   BoundRelu(name=/15, inputs=[/input], perturbed=True)
   BoundRelu(name=/17, inputs=[/input-3], perturbed=True)
build batch [1/1]
initial crown bounds (first 10 items): [29.88335418701172, 21.227609634399414, 35.82711410522461, 28.23817253112793, 30.504531860351562, 41.75785446166992, 22.7874698638916, 17.677183151245117, 30.46912384033203, 27.28426742553711]
Global lower bound: 12.550586700439453
verified with init bound!
Result: safe-incomplete in 0.2404 seconds

 %%%%%%%%%%%%%%%%%%%%%%%%%%%%%%%%%%% idx: 230, vnnlib ID: 230 %%%%%%%%%%%%%%%%%%%%%%%%%%%%%%%%%%%
Using onnx models/emnist_fc.onnx
Using vnnlib specs/sample_18400_x.vnnlib
Precompiled vnnlib file found at /home/master2/Desktop/saehee/XAI/Assignment_04/emnist_abcrown/specs/sample_18400_x.vnnlib.compiled
Loading onnx /home/master2/Desktop/saehee/XAI/Assignment_04/emnist_abcrown/models/emnist_fc.onnx with quirks {}
Finished onnx model loading in 0.0031 seconds
Finished vnnlib processing in 0.000352 seconds
Attack parameters: initialization=uniform, steps=100, restarts=5, alpha=0.002500012516975403, GAMA=False
PGD attack margin (first 2 examples and 10 specs):
 tensor([[19.65481949, 26.02954865, 25.75491714, 27.71075058, 26.98177338,
         26.75412560, 20.03027725, 16.97610664, 17.26877403, 32.84950638]])
Total number of violation:  0
Processing batch 1/1...
PGD attack margin (first 2 examples and 10 specs):
 tensor([[18.82218933, 24.96754456, 24.86526108, 26.56319427, 26.19519424,
         25.78585052, 19.17528152, 16.38998604, 16.76254272, 31.84517288]])
Total number of violation:  0
Attack finished in 0.1380 seconds.
PGD attack failed
verified_status unknown
verified_success False
Model: BoundedModule(
  (/0): BoundInput(name=/0, inputs=[], perturbed=True)
  (/7): BoundParams(name=/7, inputs=[], perturbed=False)
  (/8): BoundParams(name=/8, inputs=[], perturbed=False)
  (/9): BoundParams(name=/9, inputs=[], perturbed=False)
  (/10): BoundParams(name=/10, inputs=[], perturbed=False)
  (/11): BoundParams(name=/11, inputs=[], perturbed=False)
  (/12): BoundParams(name=/12, inputs=[], perturbed=False)
  (/13): BoundFlatten(name=/13, inputs=[/0], perturbed=True)
  (/input): BoundLinear(name=/input, inputs=[/13, /7, /8], perturbed=True)
  (/15): BoundRelu(name=/15, inputs=[/input], perturbed=True)
  (/input-3): BoundLinear(name=/input-3, inputs=[/15, /9, /10], perturbed=True)
  (/17): BoundRelu(name=/17, inputs=[/input-3], perturbed=True)
  (/18): BoundLinear(name=/18, inputs=[/17, /11, /12], perturbed=True)
)
Original output in the first batch: tensor([[ -4.19264174, -10.55010128, -10.28816319, -12.16859055, -11.59595013,
         -11.34624004,  -4.48081493,  -1.51583171,  -1.76158655, -17.27129173,
           4.69558334,  -0.32025385,  -7.34961081,   3.14055109, -22.72207642,
         -10.52573109,  -5.61228609,  -0.17232074, -11.64037609,  -5.27552652,
          -8.50296974, -10.68151951,  -7.45170498,  15.53171253,  -1.16237926,
           0.62504911]])
Split layers:
Nonlinear functions:
   BoundRelu(name=/15, inputs=[/input], perturbed=True)
   BoundRelu(name=/17, inputs=[/input-3], perturbed=True)
build batch [1/1]
initial crown bounds (first 10 items): [18.609642028808594, 24.7681941986084, 24.60500717163086, 26.417524337768555, 26.066247940063477, 25.524517059326172, 18.93691062927246, 16.187286376953125, 16.624454498291016, 31.590147018432617]
Global lower bound: 9.713509559631348
verified with init bound!
Result: safe-incomplete in 0.1694 seconds

 %%%%%%%%%%%%%%%%%%%%%%%%%%%%%%%%%%% idx: 231, vnnlib ID: 231 %%%%%%%%%%%%%%%%%%%%%%%%%%%%%%%%%%%
Using onnx models/emnist_fc.onnx
Using vnnlib specs/sample_18401_x.vnnlib
784 inputs and 26 outputs in vnnlib
Loading onnx /home/master2/Desktop/saehee/XAI/Assignment_04/emnist_abcrown/models/emnist_fc.onnx with quirks {}
Finished onnx model loading in 0.0029 seconds
Finished vnnlib processing in 0.000341 seconds
Attack parameters: initialization=uniform, steps=100, restarts=5, alpha=0.002500012516975403, GAMA=False
PGD attack margin (first 2 examples and 10 specs):
 tensor([[25.78651237, 23.14929390, 33.85551834, 34.27464294, 27.84915543,
         27.21649933, 22.06053925, 17.26340675, 20.10874367, 28.92249680]])
Total number of violation:  0
Processing batch 1/1...
PGD attack margin (first 2 examples and 10 specs):
 tensor([[25.01365280, 22.24204445, 33.00369644, 33.18751526, 27.00315094,
         26.31401253, 21.23746109, 16.68616295, 19.45047569, 27.82050705]])
Total number of violation:  0
Attack finished in 0.1211 seconds.
PGD attack failed
verified_status unknown
verified_success False
Model: BoundedModule(
  (/0): BoundInput(name=/0, inputs=[], perturbed=True)
  (/7): BoundParams(name=/7, inputs=[], perturbed=False)
  (/8): BoundParams(name=/8, inputs=[], perturbed=False)
  (/9): BoundParams(name=/9, inputs=[], perturbed=False)
  (/10): BoundParams(name=/10, inputs=[], perturbed=False)
  (/11): BoundParams(name=/11, inputs=[], perturbed=False)
  (/12): BoundParams(name=/12, inputs=[], perturbed=False)
  (/13): BoundFlatten(name=/13, inputs=[/0], perturbed=True)
  (/input): BoundLinear(name=/input, inputs=[/13, /7, /8], perturbed=True)
  (/15): BoundRelu(name=/15, inputs=[/input], perturbed=True)
  (/input-3): BoundLinear(name=/input-3, inputs=[/15, /9, /10], perturbed=True)
  (/17): BoundRelu(name=/17, inputs=[/input-3], perturbed=True)
  (/18): BoundLinear(name=/18, inputs=[/17, /11, /12], perturbed=True)
)
Original output in the first batch: tensor([[ -9.16654205,  -6.40933895, -17.16633224, -17.55934906, -11.17996883,
         -10.55666161,  -5.34871817,  -0.64810050,  -3.40733838, -12.12779617,
           1.03388977,  -3.05376506,  -8.24516773,  -6.86485100, -23.93212891,
         -11.41683674,  -1.69637418,  -2.01264572,  -8.38896942,  -8.75963020,
          -3.74112272,  -0.70662463,  -2.79493046,  16.70042419,   7.11700249,
          -4.65513754]])
Split layers:
Nonlinear functions:
   BoundRelu(name=/15, inputs=[/input], perturbed=True)
   BoundRelu(name=/17, inputs=[/input-3], perturbed=True)
build batch [1/1]
initial crown bounds (first 10 items): [24.763076782226562, 22.120746612548828, 32.882503509521484, 32.998355865478516, 26.907068252563477, 26.179595947265625, 21.172101974487305, 16.552932739257812, 19.329856872558594, 27.648975372314453]
Global lower bound: 8.615567207336426
verified with init bound!
Result: safe-incomplete in 0.1733 seconds

 %%%%%%%%%%%%%%%%%%%%%%%%%%%%%%%%%%% idx: 232, vnnlib ID: 232 %%%%%%%%%%%%%%%%%%%%%%%%%%%%%%%%%%%
Using onnx models/emnist_fc.onnx
Using vnnlib specs/sample_18402_x.vnnlib
784 inputs and 26 outputs in vnnlib
Loading onnx /home/master2/Desktop/saehee/XAI/Assignment_04/emnist_abcrown/models/emnist_fc.onnx with quirks {}
Finished onnx model loading in 0.0027 seconds
Finished vnnlib processing in 0.000348 seconds
Attack parameters: initialization=uniform, steps=100, restarts=5, alpha=0.0025000013411045074, GAMA=False
PGD attack margin (first 2 examples and 10 specs):
 tensor([[30.04633713, 23.92190742, 25.39772797, 34.56755829, 25.96021652,
         25.49161530, 19.54951668, 17.94922256, 21.36445427, 28.01388359]])
Total number of violation:  0
Processing batch 1/1...
PGD attack margin (first 2 examples and 10 specs):
 tensor([[28.77930069, 22.90929031, 24.09153748, 33.45722198, 24.68469620,
         24.43647385, 18.53258324, 17.18229485, 20.61447906, 26.91624451]])
Total number of violation:  0
Attack finished in 0.1270 seconds.
PGD attack failed
verified_status unknown
verified_success False
Model: BoundedModule(
  (/0): BoundInput(name=/0, inputs=[], perturbed=True)
  (/7): BoundParams(name=/7, inputs=[], perturbed=False)
  (/8): BoundParams(name=/8, inputs=[], perturbed=False)
  (/9): BoundParams(name=/9, inputs=[], perturbed=False)
  (/10): BoundParams(name=/10, inputs=[], perturbed=False)
  (/11): BoundParams(name=/11, inputs=[], perturbed=False)
  (/12): BoundParams(name=/12, inputs=[], perturbed=False)
  (/13): BoundFlatten(name=/13, inputs=[/0], perturbed=True)
  (/input): BoundLinear(name=/input, inputs=[/13, /7, /8], perturbed=True)
  (/15): BoundRelu(name=/15, inputs=[/input], perturbed=True)
  (/input-3): BoundLinear(name=/input-3, inputs=[/15, /9, /10], perturbed=True)
  (/17): BoundRelu(name=/17, inputs=[/input-3], perturbed=True)
  (/18): BoundLinear(name=/18, inputs=[/17, /11, /12], perturbed=True)
)
Original output in the first batch: tensor([[-14.91479492,  -8.74643421, -10.27685356, -19.47331047, -10.89300632,
         -10.41354656,  -4.38543844,  -2.79304028,  -6.26050711, -12.89588165,
           5.45577955,  -4.70901299, -15.91790390,  -0.39235741, -22.94718552,
         -14.76798820,  -7.07575369,   1.97236872,  -4.34363461,  -8.53662682,
          -7.69413805,  -0.48875064,  -2.44109344,  15.17073631,  -1.53970432,
          -7.07388544]])
Split layers:
Nonlinear functions:
   BoundRelu(name=/15, inputs=[/input], perturbed=True)
   BoundRelu(name=/17, inputs=[/input-3], perturbed=True)
build batch [1/1]
initial crown bounds (first 10 items): [28.55362892150879, 22.672122955322266, 23.90928077697754, 33.281646728515625, 24.341920852661133, 24.190587997436523, 18.335832595825195, 17.002113342285156, 20.499746322631836, 26.771249771118164]
Global lower bound: 8.603747367858887
verified with init bound!
Result: safe-incomplete in 0.1759 seconds

 %%%%%%%%%%%%%%%%%%%%%%%%%%%%%%%%%%% idx: 233, vnnlib ID: 233 %%%%%%%%%%%%%%%%%%%%%%%%%%%%%%%%%%%
Using onnx models/emnist_fc.onnx
Using vnnlib specs/sample_18403_x.vnnlib
784 inputs and 26 outputs in vnnlib
Loading onnx /home/master2/Desktop/saehee/XAI/Assignment_04/emnist_abcrown/models/emnist_fc.onnx with quirks {}
Finished onnx model loading in 0.0029 seconds
Finished vnnlib processing in 0.000354 seconds
Attack parameters: initialization=uniform, steps=100, restarts=5, alpha=0.002500012516975403, GAMA=False
PGD attack margin (first 2 examples and 10 specs):
 tensor([[27.61651039, 32.49240494, 37.38214874, 30.35517311, 30.90352249,
         41.53945541, 22.48727226, 21.69704056, 21.92949867, 41.59551239]])
Total number of violation:  0
Processing batch 1/1...
PGD attack margin (first 2 examples and 10 specs):
 tensor([[26.61216354, 31.22104836, 36.33655548, 29.17415237, 29.87955093,
         40.43202591, 21.57047653, 20.76746178, 21.01008224, 40.34890366]])
Total number of violation:  0
Attack finished in 0.1140 seconds.
PGD attack failed
verified_status unknown
verified_success False
Model: BoundedModule(
  (/0): BoundInput(name=/0, inputs=[], perturbed=True)
  (/7): BoundParams(name=/7, inputs=[], perturbed=False)
  (/8): BoundParams(name=/8, inputs=[], perturbed=False)
  (/9): BoundParams(name=/9, inputs=[], perturbed=False)
  (/10): BoundParams(name=/10, inputs=[], perturbed=False)
  (/11): BoundParams(name=/11, inputs=[], perturbed=False)
  (/12): BoundParams(name=/12, inputs=[], perturbed=False)
  (/13): BoundFlatten(name=/13, inputs=[/0], perturbed=True)
  (/input): BoundLinear(name=/input, inputs=[/13, /7, /8], perturbed=True)
  (/15): BoundRelu(name=/15, inputs=[/input], perturbed=True)
  (/input-3): BoundLinear(name=/input-3, inputs=[/15, /9, /10], perturbed=True)
  (/17): BoundRelu(name=/17, inputs=[/input-3], perturbed=True)
  (/18): BoundLinear(name=/18, inputs=[/17, /11, /12], perturbed=True)
)
Original output in the first batch: tensor([[ -6.86652517, -11.70762920, -16.61606598,  -9.59394836, -10.15785694,
         -20.73588562,  -1.63187933,  -0.94555563,  -1.13174486, -20.72071457,
           8.13038731,   1.74773514, -15.05109119,  -1.73095465, -35.07858658,
         -18.40394974,  -6.94983339,  -0.58663696, -10.22858810, -11.69446850,
          -4.85291290, -15.15881634,  -7.91096592,  20.77199173,  -1.74442363,
           3.14831710]])
Split layers:
Nonlinear functions:
   BoundRelu(name=/15, inputs=[/input], perturbed=True)
   BoundRelu(name=/17, inputs=[/input-3], perturbed=True)
build batch [1/1]
initial crown bounds (first 10 items): [26.474349975585938, 31.12447166442871, 36.19892883300781, 29.041828155517578, 29.710330963134766, 40.25053024291992, 21.452363967895508, 20.648719787597656, 20.90460777282715, 40.1982536315918]
Global lower bound: 11.757835388183594
verified with init bound!
Result: safe-incomplete in 0.1669 seconds

 %%%%%%%%%%%%%%%%%%%%%%%%%%%%%%%%%%% idx: 234, vnnlib ID: 234 %%%%%%%%%%%%%%%%%%%%%%%%%%%%%%%%%%%
Using onnx models/emnist_fc.onnx
Using vnnlib specs/sample_18404_x.vnnlib
784 inputs and 26 outputs in vnnlib
Loading onnx /home/master2/Desktop/saehee/XAI/Assignment_04/emnist_abcrown/models/emnist_fc.onnx with quirks {}
Finished onnx model loading in 0.0028 seconds
Finished vnnlib processing in 0.000361 seconds
Attack parameters: initialization=uniform, steps=100, restarts=5, alpha=0.0025000013411045074, GAMA=False
PGD attack margin (first 2 examples and 10 specs):
 tensor([[22.70126343, 19.05695152, 28.93241882, 26.54527473, 18.90258408,
         16.31224060, 19.47149658, 19.26166153, 16.63554382, 27.09532738]])
Total number of violation:  0
Processing batch 1/1...
PGD attack margin (first 2 examples and 10 specs):
 tensor([[21.64881706, 17.75169563, 27.97293854, 25.34790802, 18.04347038,
         15.03606987, 18.53918457, 18.41498947, 15.55715179, 25.54785728]])
Total number of violation:  0
Attack finished in 0.1240 seconds.
PGD attack failed
verified_status unknown
verified_success False
Model: BoundedModule(
  (/0): BoundInput(name=/0, inputs=[], perturbed=True)
  (/7): BoundParams(name=/7, inputs=[], perturbed=False)
  (/8): BoundParams(name=/8, inputs=[], perturbed=False)
  (/9): BoundParams(name=/9, inputs=[], perturbed=False)
  (/10): BoundParams(name=/10, inputs=[], perturbed=False)
  (/11): BoundParams(name=/11, inputs=[], perturbed=False)
  (/12): BoundParams(name=/12, inputs=[], perturbed=False)
  (/13): BoundFlatten(name=/13, inputs=[/0], perturbed=True)
  (/input): BoundLinear(name=/input, inputs=[/13, /7, /8], perturbed=True)
  (/15): BoundRelu(name=/15, inputs=[/input], perturbed=True)
  (/input-3): BoundLinear(name=/input-3, inputs=[/15, /9, /10], perturbed=True)
  (/17): BoundRelu(name=/17, inputs=[/input-3], perturbed=True)
  (/18): BoundLinear(name=/18, inputs=[/17, /11, /12], perturbed=True)
)
Original output in the first batch: tensor([[-10.66237736,  -7.03266335, -16.98876190, -14.58389378,  -6.99013758,
          -4.52150393,  -7.47013569,  -7.23744822,  -4.72435760, -15.21877098,
           4.55655336,  -2.73131704,  -7.92204762,  -2.00610709, -26.41749191,
          -7.88904476, -11.25911903,  -0.34114212,  -3.57942891,  -9.75929832,
          -8.39517021,  -2.79207397,   0.80209416,  12.01548195,  -2.25303721,
          -9.12463188]])
Split layers:
Nonlinear functions:
   BoundRelu(name=/15, inputs=[/input], perturbed=True)
   BoundRelu(name=/17, inputs=[/input-3], perturbed=True)
build batch [1/1]
initial crown bounds (first 10 items): [21.303171157836914, 17.441200256347656, 27.666433334350586, 24.987041473388672, 17.67215919494629, 14.776494026184082, 18.203170776367188, 18.128673553466797, 15.273075103759766, 25.241308212280273]
Global lower bound: 6.239891052246094
verified with init bound!
Result: safe-incomplete in 0.1737 seconds

 %%%%%%%%%%%%%%%%%%%%%%%%%%%%%%%%%%% idx: 235, vnnlib ID: 235 %%%%%%%%%%%%%%%%%%%%%%%%%%%%%%%%%%%
Using onnx models/emnist_fc.onnx
Using vnnlib specs/sample_18405_x.vnnlib
784 inputs and 26 outputs in vnnlib
Loading onnx /home/master2/Desktop/saehee/XAI/Assignment_04/emnist_abcrown/models/emnist_fc.onnx with quirks {}
Finished onnx model loading in 0.0035 seconds
Finished vnnlib processing in 0.000380 seconds
Attack parameters: initialization=uniform, steps=100, restarts=5, alpha=0.002500012516975403, GAMA=False
PGD attack margin (first 2 examples and 10 specs):
 tensor([[14.24566746, 15.42187405, 21.87086868, 21.48027802, 20.19751167,
         18.24247742, 13.33254242,  9.86891174, 10.70005989, 19.26807213]])
Total number of violation:  0
Processing batch 1/1...
PGD attack margin (first 2 examples and 10 specs):
 tensor([[13.18904972, 14.43603134, 20.90285873, 20.24024391, 19.20288467,
         16.92388153, 12.46751690,  9.01288605,  9.97866344, 18.08881378]])
Total number of violation:  0
Attack finished in 0.1116 seconds.
PGD attack failed
verified_status unknown
verified_success False
Model: BoundedModule(
  (/0): BoundInput(name=/0, inputs=[], perturbed=True)
  (/7): BoundParams(name=/7, inputs=[], perturbed=False)
  (/8): BoundParams(name=/8, inputs=[], perturbed=False)
  (/9): BoundParams(name=/9, inputs=[], perturbed=False)
  (/10): BoundParams(name=/10, inputs=[], perturbed=False)
  (/11): BoundParams(name=/11, inputs=[], perturbed=False)
  (/12): BoundParams(name=/12, inputs=[], perturbed=False)
  (/13): BoundFlatten(name=/13, inputs=[/0], perturbed=True)
  (/input): BoundLinear(name=/input, inputs=[/13, /7, /8], perturbed=True)
  (/15): BoundRelu(name=/15, inputs=[/input], perturbed=True)
  (/input-3): BoundLinear(name=/input-3, inputs=[/15, /9, /10], perturbed=True)
  (/17): BoundRelu(name=/17, inputs=[/input-3], perturbed=True)
  (/18): BoundLinear(name=/18, inputs=[/17, /11, /12], perturbed=True)
)
Original output in the first batch: tensor([[ -4.14513206,  -5.35906506, -11.83927631, -11.35844803, -10.20972919,
          -8.09227657,  -3.13761520,   0.30191410,  -0.55334651,  -9.06037521,
           3.10419106,   1.42972219,  -6.18446350,   1.27326870, -16.30184555,
          -9.66370106,  -4.78576136,  -1.32361734,  -5.17796946,  -5.40067148,
          -5.04144573,  -5.28054380,  -3.86652994,  10.15814972,   1.92270303,
          -4.31985235]])
Split layers:
Nonlinear functions:
   BoundRelu(name=/15, inputs=[/input], perturbed=True)
   BoundRelu(name=/17, inputs=[/input-3], perturbed=True)
build batch [1/1]
initial crown bounds (first 10 items): [12.967792510986328, 14.098288536071777, 20.605587005615234, 19.88304901123047, 18.81199836730957, 16.61227035522461, 12.294081687927246, 8.86954116821289, 9.80269718170166, 17.768840789794922]
Global lower bound: 5.9663825035095215
verified with init bound!
Result: safe-incomplete in 0.2268 seconds

 %%%%%%%%%%%%%%%%%%%%%%%%%%%%%%%%%%% idx: 236, vnnlib ID: 236 %%%%%%%%%%%%%%%%%%%%%%%%%%%%%%%%%%%
Using onnx models/emnist_fc.onnx
Using vnnlib specs/sample_18406_x.vnnlib
784 inputs and 26 outputs in vnnlib
Loading onnx /home/master2/Desktop/saehee/XAI/Assignment_04/emnist_abcrown/models/emnist_fc.onnx with quirks {}
Finished onnx model loading in 0.0035 seconds
Finished vnnlib processing in 0.000382 seconds
Attack parameters: initialization=uniform, steps=100, restarts=5, alpha=0.0025000013411045074, GAMA=False
PGD attack margin (first 2 examples and 10 specs):
 tensor([[19.65721893, 11.97357941, 18.86742783, 16.92923737, 20.50874329,
         16.79344559, 13.33810234,  8.80919838,  6.23242760, 15.47615433]])
Total number of violation:  0
Processing batch 1/1...
PGD attack margin (first 2 examples and 10 specs):
 tensor([[18.75004387, 10.80178070, 17.92967987, 15.62335205, 19.60533524,
         15.80636024, 12.40764427,  8.20377922,  5.29054546, 14.26777077]])
Total number of violation:  0
Attack finished in 0.1113 seconds.
PGD attack failed
verified_status unknown
verified_success False
Model: BoundedModule(
  (/0): BoundInput(name=/0, inputs=[], perturbed=True)
  (/7): BoundParams(name=/7, inputs=[], perturbed=False)
  (/8): BoundParams(name=/8, inputs=[], perturbed=False)
  (/9): BoundParams(name=/9, inputs=[], perturbed=False)
  (/10): BoundParams(name=/10, inputs=[], perturbed=False)
  (/11): BoundParams(name=/11, inputs=[], perturbed=False)
  (/12): BoundParams(name=/12, inputs=[], perturbed=False)
  (/13): BoundFlatten(name=/13, inputs=[/0], perturbed=True)
  (/input): BoundLinear(name=/input, inputs=[/13, /7, /8], perturbed=True)
  (/15): BoundRelu(name=/15, inputs=[/input], perturbed=True)
  (/input-3): BoundLinear(name=/input-3, inputs=[/15, /9, /10], perturbed=True)
  (/17): BoundRelu(name=/17, inputs=[/input-3], perturbed=True)
  (/18): BoundLinear(name=/18, inputs=[/17, /11, /12], perturbed=True)
)
Original output in the first batch: tensor([[-11.42033291,  -3.58914280, -10.55916119,  -8.53100014, -12.15620136,
          -8.55051613,  -5.03110456,  -0.55558527,   2.04253268,  -7.17457581,
           4.72729683,   2.99288011, -12.29023457,  -7.55033350, -14.24670410,
          -6.84805775,  -0.85921878,  -2.96882558, -13.13392353,  -5.32662582,
          -1.30126822,   1.39719367,  -7.35546923,   8.29703617,   4.77557755,
          -5.18178701]])
Split layers:
Nonlinear functions:
   BoundRelu(name=/15, inputs=[/input], perturbed=True)
   BoundRelu(name=/17, inputs=[/input-3], perturbed=True)
build batch [1/1]
initial crown bounds (first 10 items): [18.38387107849121, 10.52074909210205, 17.59247589111328, 15.150755882263184, 19.1953067779541, 15.395025253295898, 12.030301094055176, 8.06742000579834, 4.954995155334473, 13.771594047546387]
Global lower bound: 2.3835091590881348
verified with init bound!
Result: safe-incomplete in 0.1639 seconds

 %%%%%%%%%%%%%%%%%%%%%%%%%%%%%%%%%%% idx: 237, vnnlib ID: 237 %%%%%%%%%%%%%%%%%%%%%%%%%%%%%%%%%%%
Using onnx models/emnist_fc.onnx
Using vnnlib specs/sample_18407_x.vnnlib
784 inputs and 26 outputs in vnnlib
Loading onnx /home/master2/Desktop/saehee/XAI/Assignment_04/emnist_abcrown/models/emnist_fc.onnx with quirks {}
Finished onnx model loading in 0.0028 seconds
Finished vnnlib processing in 0.000340 seconds
Attack parameters: initialization=uniform, steps=100, restarts=5, alpha=0.0025000013411045074, GAMA=False
PGD attack margin (first 2 examples and 10 specs):
 tensor([[16.27054596,  3.27774811,  7.90811014,  5.20650148,  8.32224560,
          3.14063787,  6.55853462,  3.87605953, -1.68701279,  2.12061834]])
Total number of violation:  8
Clean input adversarial, attack skipped.

Checking and Saving Counterexample in check_and_save_cex

verified_status unsafe-pgd
verified_success True
Result: unsafe-pgd in 0.0327 seconds

 %%%%%%%%%%%%%%%%%%%%%%%%%%%%%%%%%%% idx: 238, vnnlib ID: 238 %%%%%%%%%%%%%%%%%%%%%%%%%%%%%%%%%%%
Using onnx models/emnist_fc.onnx
Using vnnlib specs/sample_18408_x.vnnlib
784 inputs and 26 outputs in vnnlib
Loading onnx /home/master2/Desktop/saehee/XAI/Assignment_04/emnist_abcrown/models/emnist_fc.onnx with quirks {}
Finished onnx model loading in 0.0026 seconds
Finished vnnlib processing in 0.000316 seconds
Attack parameters: initialization=uniform, steps=100, restarts=5, alpha=0.0025000013411045074, GAMA=False
PGD attack margin (first 2 examples and 10 specs):
 tensor([[14.33392143, 17.83177567, 22.76427078, 23.90716934, 16.52893066,
         19.38392258, 11.45465851, 16.14361572, 13.63425541, 20.82497597]])
Total number of violation:  0
Processing batch 1/1...
PGD attack margin (first 2 examples and 10 specs):
 tensor([[13.40830612, 16.78109360, 21.80594254, 22.75450134, 15.54473114,
         18.03296280, 10.68799019, 15.31722641, 12.81771088, 19.54841232]])
Total number of violation:  0
Attack finished in 0.1129 seconds.
PGD attack failed
verified_status unknown
verified_success False
Model: BoundedModule(
  (/0): BoundInput(name=/0, inputs=[], perturbed=True)
  (/7): BoundParams(name=/7, inputs=[], perturbed=False)
  (/8): BoundParams(name=/8, inputs=[], perturbed=False)
  (/9): BoundParams(name=/9, inputs=[], perturbed=False)
  (/10): BoundParams(name=/10, inputs=[], perturbed=False)
  (/11): BoundParams(name=/11, inputs=[], perturbed=False)
  (/12): BoundParams(name=/12, inputs=[], perturbed=False)
  (/13): BoundFlatten(name=/13, inputs=[/0], perturbed=True)
  (/input): BoundLinear(name=/input, inputs=[/13, /7, /8], perturbed=True)
  (/15): BoundRelu(name=/15, inputs=[/input], perturbed=True)
  (/input-3): BoundLinear(name=/input-3, inputs=[/15, /9, /10], perturbed=True)
  (/17): BoundRelu(name=/17, inputs=[/input-3], perturbed=True)
  (/18): BoundLinear(name=/18, inputs=[/17, /11, /12], perturbed=True)
)
Original output in the first batch: tensor([[ -3.42461681,  -6.87217093, -11.90681744, -12.93566418,  -5.66911411,
          -8.45897770,  -0.53909373,  -5.12467766,  -2.63419056,  -9.86098099,
           4.28460693,  -0.80673480,  -8.77069569,  -5.18970442, -17.19322586,
          -5.43869114,  -0.74468303,   0.50921017,  -6.61671114,  -2.55622935,
          -4.77761459,  -8.05156422,  -3.59380674,  10.91162872,   1.71278393,
           2.84240699]])
Split layers:
Nonlinear functions:
   BoundRelu(name=/15, inputs=[/input], perturbed=True)
   BoundRelu(name=/17, inputs=[/input-3], perturbed=True)
build batch [1/1]
initial crown bounds (first 10 items): [13.29397201538086, 16.62754249572754, 21.673267364501953, 22.567485809326172, 15.42940902709961, 17.840375900268555, 10.565766334533691, 15.228296279907227, 12.765718460083008, 19.352033615112305]
Global lower bound: 5.891114234924316
verified with init bound!
Result: safe-incomplete in 0.1791 seconds

 %%%%%%%%%%%%%%%%%%%%%%%%%%%%%%%%%%% idx: 239, vnnlib ID: 239 %%%%%%%%%%%%%%%%%%%%%%%%%%%%%%%%%%%
Using onnx models/emnist_fc.onnx
Using vnnlib specs/sample_18409_x.vnnlib
784 inputs and 26 outputs in vnnlib
Loading onnx /home/master2/Desktop/saehee/XAI/Assignment_04/emnist_abcrown/models/emnist_fc.onnx with quirks {}
Finished onnx model loading in 0.0030 seconds
Finished vnnlib processing in 0.000338 seconds
Attack parameters: initialization=uniform, steps=100, restarts=5, alpha=0.002500012516975403, GAMA=False
PGD attack margin (first 2 examples and 10 specs):
 tensor([[ 2.81818008,  6.01186466, 19.61738586,  7.31565619, 19.29321671,
         18.58180618,  8.10341454,  3.68887448, 10.65853500, 13.81861687]])
Total number of violation:  0
Processing batch 1/1...
PGD attack margin (first 2 examples and 10 specs):
 tensor([[ 1.89624643,  4.97262430, 18.88422775,  6.20669079, 18.44196320,
         17.78990173,  7.32174873,  2.92813873, 10.06862354, 12.77001762]])
Total number of violation:  0
Attack finished in 0.1141 seconds.
PGD attack failed
verified_status unknown
verified_success False
Model: BoundedModule(
  (/0): BoundInput(name=/0, inputs=[], perturbed=True)
  (/7): BoundParams(name=/7, inputs=[], perturbed=False)
  (/8): BoundParams(name=/8, inputs=[], perturbed=False)
  (/9): BoundParams(name=/9, inputs=[], perturbed=False)
  (/10): BoundParams(name=/10, inputs=[], perturbed=False)
  (/11): BoundParams(name=/11, inputs=[], perturbed=False)
  (/12): BoundParams(name=/12, inputs=[], perturbed=False)
  (/13): BoundFlatten(name=/13, inputs=[/0], perturbed=True)
  (/input): BoundLinear(name=/input, inputs=[/13, /7, /8], perturbed=True)
  (/15): BoundRelu(name=/15, inputs=[/input], perturbed=True)
  (/input-3): BoundLinear(name=/input-3, inputs=[/15, /9, /10], perturbed=True)
  (/17): BoundRelu(name=/17, inputs=[/input-3], perturbed=True)
  (/18): BoundLinear(name=/18, inputs=[/17, /11, /12], perturbed=True)
)
Original output in the first batch: tensor([[  3.60176229,   0.40857521, -13.23781490,  -0.87639463, -12.95190716,
         -12.17311192,  -1.56326461,   2.75094414,  -4.20533943,  -7.33015680,
           2.81655979,  -2.19222093,  -6.87004423,   3.58990383, -15.99770355,
         -10.29287243,  -4.96812105,   4.29154539,  -9.25926876, -10.47314453,
          -6.06029272, -15.27341747,  -2.58484149,   6.49001217,  -8.95035934,
          -0.20516323]])
Split layers:
Nonlinear functions:
   BoundRelu(name=/15, inputs=[/input], perturbed=True)
   BoundRelu(name=/17, inputs=[/input-3], perturbed=True)
build batch [1/1]
initial crown bounds (first 10 items): [1.5797512531280518, 4.523988246917725, 18.562625885009766, 5.805469989776611, 18.059703826904297, 17.457447052001953, 7.034358024597168, 2.4966952800750732, 9.736318588256836, 12.420756340026855]
Global lower bound: 1.0766818523406982
verified with init bound!
Result: safe-incomplete in 0.1670 seconds

 %%%%%%%%%%%%%%%%%%%%%%%%%%%%%%%%%%% idx: 240, vnnlib ID: 240 %%%%%%%%%%%%%%%%%%%%%%%%%%%%%%%%%%%
Using onnx models/emnist_fc.onnx
Using vnnlib specs/sample_19200_y.vnnlib
Precompiled vnnlib file found at /home/master2/Desktop/saehee/XAI/Assignment_04/emnist_abcrown/specs/sample_19200_y.vnnlib.compiled
Loading onnx /home/master2/Desktop/saehee/XAI/Assignment_04/emnist_abcrown/models/emnist_fc.onnx with quirks {}
Finished onnx model loading in 0.0030 seconds
Finished vnnlib processing in 0.000327 seconds
Attack parameters: initialization=uniform, steps=100, restarts=5, alpha=0.002500012516975403, GAMA=False
PGD attack margin (first 2 examples and 10 specs):
 tensor([[13.29252625, 17.00376511, 23.27062607, 14.61188793, 22.76196671,
         22.59559059,  6.26380253, 17.19290161, 16.90879822, 13.97566223]])
Total number of violation:  0
Processing batch 1/1...
PGD attack margin (first 2 examples and 10 specs):
 tensor([[12.63767433, 15.89797878, 22.48344421, 13.74573517, 21.94189835,
         21.78928757,  5.68687534, 16.51250076, 16.33080292, 13.32510090]])
Total number of violation:  0
Attack finished in 0.1058 seconds.
PGD attack failed
verified_status unknown
verified_success False
Model: BoundedModule(
  (/0): BoundInput(name=/0, inputs=[], perturbed=True)
  (/7): BoundParams(name=/7, inputs=[], perturbed=False)
  (/8): BoundParams(name=/8, inputs=[], perturbed=False)
  (/9): BoundParams(name=/9, inputs=[], perturbed=False)
  (/10): BoundParams(name=/10, inputs=[], perturbed=False)
  (/11): BoundParams(name=/11, inputs=[], perturbed=False)
  (/12): BoundParams(name=/12, inputs=[], perturbed=False)
  (/13): BoundFlatten(name=/13, inputs=[/0], perturbed=True)
  (/input): BoundLinear(name=/input, inputs=[/13, /7, /8], perturbed=True)
  (/15): BoundRelu(name=/15, inputs=[/input], perturbed=True)
  (/input-3): BoundLinear(name=/input-3, inputs=[/15, /9, /10], perturbed=True)
  (/17): BoundRelu(name=/17, inputs=[/input-3], perturbed=True)
  (/18): BoundLinear(name=/18, inputs=[/17, /11, /12], perturbed=True)
)
Original output in the first batch: tensor([[ -1.64603674,  -5.27892351, -11.69060421,  -2.92173219, -11.14303875,
         -11.03173256,   5.33676767,  -5.51417828,  -5.30474854,  -2.36476421,
          -5.47019053,  -4.88276720,  -8.94917583, -11.18584919, -10.53339767,
         -15.14749527,   0.64849865, -11.72688580,  -5.49309587,  -3.06296468,
          -2.40915823,  -5.60518360, -10.63521290,  -0.70926219,  11.67821407,
          -0.65911770]])
Split layers:
Nonlinear functions:
   BoundRelu(name=/15, inputs=[/input], perturbed=True)
   BoundRelu(name=/17, inputs=[/input-3], perturbed=True)
build batch [1/1]
initial crown bounds (first 10 items): [12.526261329650879, 15.707088470458984, 22.27293586730957, 13.615605354309082, 21.721900939941406, 21.654794692993164, 5.592054843902588, 16.358776092529297, 16.153743743896484, 13.200474739074707]
Global lower bound: 5.592054843902588
verified with init bound!
Result: safe-incomplete in 0.1357 seconds

 %%%%%%%%%%%%%%%%%%%%%%%%%%%%%%%%%%% idx: 241, vnnlib ID: 241 %%%%%%%%%%%%%%%%%%%%%%%%%%%%%%%%%%%
Using onnx models/emnist_fc.onnx
Using vnnlib specs/sample_19201_y.vnnlib
784 inputs and 26 outputs in vnnlib
Loading onnx /home/master2/Desktop/saehee/XAI/Assignment_04/emnist_abcrown/models/emnist_fc.onnx with quirks {}
Finished onnx model loading in 0.0030 seconds
Finished vnnlib processing in 0.000343 seconds
Attack parameters: initialization=uniform, steps=100, restarts=5, alpha=0.002500012516975403, GAMA=False
PGD attack margin (first 2 examples and 10 specs):
 tensor([[17.71193123, 29.06336975, 32.94445801, 25.01835632, 29.50642014,
         26.68097878, 14.57414055, 15.69044590, 17.84876633, 16.09860039]])
Total number of violation:  0
Processing batch 1/1...
PGD attack margin (first 2 examples and 10 specs):
 tensor([[16.82558823, 28.00112152, 32.13443756, 24.11653709, 28.57027054,
         25.91773605, 13.83625889, 14.91320229, 17.25859261, 15.37835026]])
Total number of violation:  0
Attack finished in 0.1326 seconds.
PGD attack failed
verified_status unknown
verified_success False
Model: BoundedModule(
  (/0): BoundInput(name=/0, inputs=[], perturbed=True)
  (/7): BoundParams(name=/7, inputs=[], perturbed=False)
  (/8): BoundParams(name=/8, inputs=[], perturbed=False)
  (/9): BoundParams(name=/9, inputs=[], perturbed=False)
  (/10): BoundParams(name=/10, inputs=[], perturbed=False)
  (/11): BoundParams(name=/11, inputs=[], perturbed=False)
  (/12): BoundParams(name=/12, inputs=[], perturbed=False)
  (/13): BoundFlatten(name=/13, inputs=[/0], perturbed=True)
  (/input): BoundLinear(name=/input, inputs=[/13, /7, /8], perturbed=True)
  (/15): BoundRelu(name=/15, inputs=[/input], perturbed=True)
  (/input-3): BoundLinear(name=/input-3, inputs=[/15, /9, /10], perturbed=True)
  (/17): BoundRelu(name=/17, inputs=[/input-3], perturbed=True)
  (/18): BoundLinear(name=/18, inputs=[/17, /11, /12], perturbed=True)
)
Original output in the first batch: tensor([[ -4.36345816, -15.69074154, -19.64136887, -11.65895367, -16.24753189,
         -13.50749493,  -1.22572243,  -2.32963657,  -4.55474854,  -2.80347395,
         -10.99671364,  -6.93070173,  -8.56962681,  -1.78785992, -14.87511635,
         -12.94230747,  -5.01160574,  -3.47882175,  -6.63401651,  -4.99889374,
          -1.81887829,   5.04293776,  -1.26422679,   5.47878599,  13.30343151,
          -4.79169846]])
Split layers:
Nonlinear functions:
   BoundRelu(name=/15, inputs=[/input], perturbed=True)
   BoundRelu(name=/17, inputs=[/input-3], perturbed=True)
build batch [1/1]
initial crown bounds (first 10 items): [16.715829849243164, 27.90643882751465, 32.09101104736328, 24.01063346862793, 28.509807586669922, 25.83354377746582, 13.751321792602539, 14.744974136352539, 17.17582893371582, 15.29708194732666]
Global lower bound: 7.024951934814453
verified with init bound!
Result: safe-incomplete in 0.2470 seconds

 %%%%%%%%%%%%%%%%%%%%%%%%%%%%%%%%%%% idx: 242, vnnlib ID: 242 %%%%%%%%%%%%%%%%%%%%%%%%%%%%%%%%%%%
Using onnx models/emnist_fc.onnx
Using vnnlib specs/sample_19202_y.vnnlib
784 inputs and 26 outputs in vnnlib
Loading onnx /home/master2/Desktop/saehee/XAI/Assignment_04/emnist_abcrown/models/emnist_fc.onnx with quirks {}
Finished onnx model loading in 0.0030 seconds
Finished vnnlib processing in 0.000365 seconds
Attack parameters: initialization=uniform, steps=100, restarts=5, alpha=0.002500012516975403, GAMA=False
PGD attack margin (first 2 examples and 10 specs):
 tensor([[23.67172241, 21.15270996, 36.82300949, 25.29588699, 21.15970993,
         24.42379570, 13.45668793, 17.50143623, 15.80009937, 24.50137901]])
Total number of violation:  0
Processing batch 1/1...
PGD attack margin (first 2 examples and 10 specs):
 tensor([[22.52939606, 19.56997681, 35.54962921, 23.88600159, 19.83715820,
         23.45337486, 12.56581974, 16.25148201, 15.04349518, 23.51622581]])
Total number of violation:  0
Attack finished in 0.1236 seconds.
PGD attack failed
verified_status unknown
verified_success False
Model: BoundedModule(
  (/0): BoundInput(name=/0, inputs=[], perturbed=True)
  (/7): BoundParams(name=/7, inputs=[], perturbed=False)
  (/8): BoundParams(name=/8, inputs=[], perturbed=False)
  (/9): BoundParams(name=/9, inputs=[], perturbed=False)
  (/10): BoundParams(name=/10, inputs=[], perturbed=False)
  (/11): BoundParams(name=/11, inputs=[], perturbed=False)
  (/12): BoundParams(name=/12, inputs=[], perturbed=False)
  (/13): BoundFlatten(name=/13, inputs=[/0], perturbed=True)
  (/input): BoundLinear(name=/input, inputs=[/13, /7, /8], perturbed=True)
  (/15): BoundRelu(name=/15, inputs=[/input], perturbed=True)
  (/input-3): BoundLinear(name=/input-3, inputs=[/15, /9, /10], perturbed=True)
  (/17): BoundRelu(name=/17, inputs=[/input-3], perturbed=True)
  (/18): BoundLinear(name=/18, inputs=[/17, /11, /12], perturbed=True)
)
Original output in the first batch: tensor([[-11.71728706,  -9.11789131, -24.83051300, -13.32218075,  -9.17670727,
         -12.47296906,  -1.42683148,  -5.58975554,  -3.82501793, -12.47366810,
          -2.30653524,  -1.80644500,  -9.99415302,  -5.34482145, -24.98358154,
          -8.71070862,  -2.66853952,  -7.05326653,  -6.06955862,  -6.24943924,
          -2.73194122,   3.67692351,  -0.53386980,   8.26323032,  11.89441967,
         -10.88028145]])
Split layers:
Nonlinear functions:
   BoundRelu(name=/15, inputs=[/input], perturbed=True)
   BoundRelu(name=/17, inputs=[/input-3], perturbed=True)
build batch [1/1]
initial crown bounds (first 10 items): [22.39857292175293, 19.324832916259766, 35.320491790771484, 23.626794815063477, 19.635313034057617, 23.262720108032227, 12.42529010772705, 16.082963943481445, 14.840457916259766, 23.338584899902344]
Global lower bound: 2.161055326461792
verified with init bound!
Result: safe-incomplete in 0.1756 seconds

 %%%%%%%%%%%%%%%%%%%%%%%%%%%%%%%%%%% idx: 243, vnnlib ID: 243 %%%%%%%%%%%%%%%%%%%%%%%%%%%%%%%%%%%
Using onnx models/emnist_fc.onnx
Using vnnlib specs/sample_19203_y.vnnlib
784 inputs and 26 outputs in vnnlib
Loading onnx /home/master2/Desktop/saehee/XAI/Assignment_04/emnist_abcrown/models/emnist_fc.onnx with quirks {}
Finished onnx model loading in 0.0031 seconds
Finished vnnlib processing in 0.000361 seconds
Attack parameters: initialization=uniform, steps=100, restarts=5, alpha=0.0025000013411045074, GAMA=False
PGD attack margin (first 2 examples and 10 specs):
 tensor([[21.84763718, 27.01307678, 29.06911850, 25.39109039, 25.47435951,
         22.72478104, 17.60898590, 17.80088615, 12.30821609, 20.22619629]])
Total number of violation:  0
Processing batch 1/1...
PGD attack margin (first 2 examples and 10 specs):
 tensor([[20.96776962, 25.67568016, 28.19123459, 24.52097321, 24.55373955,
         21.76649666, 16.82650375, 16.94302177, 11.57457352, 19.22584915]])
Total number of violation:  0
Attack finished in 0.1231 seconds.
PGD attack failed
verified_status unknown
verified_success False
Model: BoundedModule(
  (/0): BoundInput(name=/0, inputs=[], perturbed=True)
  (/7): BoundParams(name=/7, inputs=[], perturbed=False)
  (/8): BoundParams(name=/8, inputs=[], perturbed=False)
  (/9): BoundParams(name=/9, inputs=[], perturbed=False)
  (/10): BoundParams(name=/10, inputs=[], perturbed=False)
  (/11): BoundParams(name=/11, inputs=[], perturbed=False)
  (/12): BoundParams(name=/12, inputs=[], perturbed=False)
  (/13): BoundFlatten(name=/13, inputs=[/0], perturbed=True)
  (/input): BoundLinear(name=/input, inputs=[/13, /7, /8], perturbed=True)
  (/15): BoundRelu(name=/15, inputs=[/input], perturbed=True)
  (/input-3): BoundLinear(name=/input-3, inputs=[/15, /9, /10], perturbed=True)
  (/17): BoundRelu(name=/17, inputs=[/input-3], perturbed=True)
  (/18): BoundLinear(name=/18, inputs=[/17, /11, /12], perturbed=True)
)
Original output in the first batch: tensor([[-10.63164139, -15.67901230, -17.85594368, -14.17827606, -14.35496140,
         -11.57353878,  -6.34023046,  -6.51731873,  -1.14327657,  -8.96786118,
          -8.97987843,  -0.24812567, -14.47253990,  -2.87937784, -18.10848236,
          -5.77307320,  -2.37864542,  -3.98388290,  -7.30220079,  -2.57353568,
           0.45670563,   5.41442299,  -3.00076747,   3.58909464,  11.19252205,
          -4.09042597]])
Split layers:
Nonlinear functions:
   BoundRelu(name=/15, inputs=[/input], perturbed=True)
   BoundRelu(name=/17, inputs=[/input-3], perturbed=True)
build batch [1/1]
initial crown bounds (first 10 items): [20.753559112548828, 25.460264205932617, 28.0150089263916, 24.290355682373047, 24.37604522705078, 21.60296630859375, 16.689435958862305, 16.84035301208496, 11.504112243652344, 19.033273696899414]
Global lower bound: 4.912781238555908
verified with init bound!
Result: safe-incomplete in 0.1769 seconds

 %%%%%%%%%%%%%%%%%%%%%%%%%%%%%%%%%%% idx: 244, vnnlib ID: 244 %%%%%%%%%%%%%%%%%%%%%%%%%%%%%%%%%%%
Using onnx models/emnist_fc.onnx
Using vnnlib specs/sample_19204_y.vnnlib
784 inputs and 26 outputs in vnnlib
Loading onnx /home/master2/Desktop/saehee/XAI/Assignment_04/emnist_abcrown/models/emnist_fc.onnx with quirks {}
Finished onnx model loading in 0.0033 seconds
Finished vnnlib processing in 0.000342 seconds
Attack parameters: initialization=uniform, steps=100, restarts=5, alpha=0.0025000013411045074, GAMA=False
PGD attack margin (first 2 examples and 10 specs):
 tensor([[17.98398399, 22.07704544, 21.86498642, 17.67442894, 26.17121506,
         18.16396713, 13.14465714, 16.20974731, 12.52465725, 11.73047829]])
Total number of violation:  0
Processing batch 1/1...
PGD attack margin (first 2 examples and 10 specs):
 tensor([[16.89955902, 20.50108719, 20.76449585, 16.53540802, 24.74398994,
         16.95672417, 12.26292610, 15.19815445, 11.74345589, 10.64626312]])
Total number of violation:  0
Attack finished in 0.1126 seconds.
PGD attack failed
verified_status unknown
verified_success False
Model: BoundedModule(
  (/0): BoundInput(name=/0, inputs=[], perturbed=True)
  (/7): BoundParams(name=/7, inputs=[], perturbed=False)
  (/8): BoundParams(name=/8, inputs=[], perturbed=False)
  (/9): BoundParams(name=/9, inputs=[], perturbed=False)
  (/10): BoundParams(name=/10, inputs=[], perturbed=False)
  (/11): BoundParams(name=/11, inputs=[], perturbed=False)
  (/12): BoundParams(name=/12, inputs=[], perturbed=False)
  (/13): BoundFlatten(name=/13, inputs=[/0], perturbed=True)
  (/input): BoundLinear(name=/input, inputs=[/13, /7, /8], perturbed=True)
  (/15): BoundRelu(name=/15, inputs=[/input], perturbed=True)
  (/input-3): BoundLinear(name=/input-3, inputs=[/15, /9, /10], perturbed=True)
  (/17): BoundRelu(name=/17, inputs=[/input-3], perturbed=True)
  (/18): BoundLinear(name=/18, inputs=[/17, /11, /12], perturbed=True)
)
Original output in the first batch: tensor([[ -6.75330639, -10.73994541, -10.64272881,  -6.41379833, -14.97032928,
          -6.97423458,  -1.96411765,  -5.06681061,  -1.33218324,  -0.48958641,
          -9.85090160,   0.22597921,  -7.42543411,  -6.03046751,  -8.83949661,
          -5.63691139,  -0.34482619,  -7.51457787, -10.71789742,   0.11189188,
          -0.34439111,   0.47441804,  -2.74159980,   0.67435294,  11.10581493,
          -2.40003228]])
Split layers:
Nonlinear functions:
   BoundRelu(name=/15, inputs=[/input], perturbed=True)
   BoundRelu(name=/17, inputs=[/input-3], perturbed=True)
build batch [1/1]
initial crown bounds (first 10 items): [16.567962646484375, 20.20713233947754, 20.37781524658203, 16.23817253112793, 24.449052810668945, 16.5268611907959, 11.969991683959961, 14.978809356689453, 11.459397315979004, 10.304415702819824]
Global lower bound: 9.054727554321289
verified with init bound!
Result: safe-incomplete in 0.1705 seconds

 %%%%%%%%%%%%%%%%%%%%%%%%%%%%%%%%%%% idx: 245, vnnlib ID: 245 %%%%%%%%%%%%%%%%%%%%%%%%%%%%%%%%%%%
Using onnx models/emnist_fc.onnx
Using vnnlib specs/sample_19205_y.vnnlib
784 inputs and 26 outputs in vnnlib
Loading onnx /home/master2/Desktop/saehee/XAI/Assignment_04/emnist_abcrown/models/emnist_fc.onnx with quirks {}
Finished onnx model loading in 0.0026 seconds
Finished vnnlib processing in 0.000357 seconds
Attack parameters: initialization=uniform, steps=100, restarts=5, alpha=0.0025000013411045074, GAMA=False
PGD attack margin (first 2 examples and 10 specs):
 tensor([[20.22039604, 26.96529579, 26.78819275, 22.47749329, 25.32866669,
         18.91793060, 15.90672874, 17.85328674, 11.94428921, 15.52700901]])
Total number of violation:  0
Processing batch 1/1...
PGD attack margin (first 2 examples and 10 specs):
 tensor([[19.30916214, 25.86071587, 25.76476860, 21.49424362, 24.35272980,
         17.85125351, 15.05244637, 17.04424667, 11.01293468, 14.52457809]])
Total number of violation:  0
Attack finished in 0.1089 seconds.
PGD attack failed
verified_status unknown
verified_success False
Model: BoundedModule(
  (/0): BoundInput(name=/0, inputs=[], perturbed=True)
  (/7): BoundParams(name=/7, inputs=[], perturbed=False)
  (/8): BoundParams(name=/8, inputs=[], perturbed=False)
  (/9): BoundParams(name=/9, inputs=[], perturbed=False)
  (/10): BoundParams(name=/10, inputs=[], perturbed=False)
  (/11): BoundParams(name=/11, inputs=[], perturbed=False)
  (/12): BoundParams(name=/12, inputs=[], perturbed=False)
  (/13): BoundFlatten(name=/13, inputs=[/0], perturbed=True)
  (/input): BoundLinear(name=/input, inputs=[/13, /7, /8], perturbed=True)
  (/15): BoundRelu(name=/15, inputs=[/input], perturbed=True)
  (/input-3): BoundLinear(name=/input-3, inputs=[/15, /9, /10], perturbed=True)
  (/17): BoundRelu(name=/17, inputs=[/input-3], perturbed=True)
  (/18): BoundLinear(name=/18, inputs=[/17, /11, /12], perturbed=True)
)
Original output in the first batch: tensor([[ -8.59141159, -15.31135941, -15.23240376, -10.86353874, -13.81341076,
          -7.40353584,  -4.29186296,  -6.27670097,  -0.40141132,  -3.92018700,
          -7.35861826,   1.64978933, -10.80300522,  -3.52438307, -15.46610165,
          -8.90863419,  -2.04111195,  -3.73848009,  -5.44056606,  -0.68128288,
          -1.45118082,   4.33148670,  -5.52925348,   2.28083682,  11.48954391,
          -4.40761614]])
Split layers:
Nonlinear functions:
   BoundRelu(name=/15, inputs=[/input], perturbed=True)
   BoundRelu(name=/17, inputs=[/input-3], perturbed=True)
build batch [1/1]
initial crown bounds (first 10 items): [19.070466995239258, 25.521726608276367, 25.55145263671875, 21.28243064880371, 24.068500518798828, 17.535524368286133, 14.835779190063477, 16.833511352539062, 10.873686790466309, 14.334627151489258]
Global lower bound: 6.4186859130859375
verified with init bound!
Result: safe-incomplete in 0.1601 seconds

 %%%%%%%%%%%%%%%%%%%%%%%%%%%%%%%%%%% idx: 246, vnnlib ID: 246 %%%%%%%%%%%%%%%%%%%%%%%%%%%%%%%%%%%
Using onnx models/emnist_fc.onnx
Using vnnlib specs/sample_19206_y.vnnlib
784 inputs and 26 outputs in vnnlib
Loading onnx /home/master2/Desktop/saehee/XAI/Assignment_04/emnist_abcrown/models/emnist_fc.onnx with quirks {}
Finished onnx model loading in 0.0028 seconds
Finished vnnlib processing in 0.000341 seconds
Attack parameters: initialization=uniform, steps=100, restarts=5, alpha=0.0025000013411045074, GAMA=False
PGD attack margin (first 2 examples and 10 specs):
 tensor([[22.90863228, 28.91160583, 34.46567154, 25.69949150, 32.84423065,
         24.48388672, 20.93594742, 19.96661377, 15.46162987, 16.99324799]])
Total number of violation:  0
Processing batch 1/1...
PGD attack margin (first 2 examples and 10 specs):
 tensor([[22.09011459, 27.88516617, 33.46208572, 24.77387810, 31.91361618,
         23.54233170, 20.10792923, 19.20562935, 14.66162109, 16.09613800]])
Total number of violation:  0
Attack finished in 0.1276 seconds.
PGD attack failed
verified_status unknown
verified_success False
Model: BoundedModule(
  (/0): BoundInput(name=/0, inputs=[], perturbed=True)
  (/7): BoundParams(name=/7, inputs=[], perturbed=False)
  (/8): BoundParams(name=/8, inputs=[], perturbed=False)
  (/9): BoundParams(name=/9, inputs=[], perturbed=False)
  (/10): BoundParams(name=/10, inputs=[], perturbed=False)
  (/11): BoundParams(name=/11, inputs=[], perturbed=False)
  (/12): BoundParams(name=/12, inputs=[], perturbed=False)
  (/13): BoundFlatten(name=/13, inputs=[/0], perturbed=True)
  (/input): BoundLinear(name=/input, inputs=[/13, /7, /8], perturbed=True)
  (/15): BoundRelu(name=/15, inputs=[/input], perturbed=True)
  (/input-3): BoundLinear(name=/input-3, inputs=[/15, /9, /10], perturbed=True)
  (/17): BoundRelu(name=/17, inputs=[/input-3], perturbed=True)
  (/18): BoundLinear(name=/18, inputs=[/17, /11, /12], perturbed=True)
)
Original output in the first batch: tensor([[ -8.77492905, -14.71618652, -20.32670021, -11.51681995, -18.80776787,
         -10.37019157,  -6.79347134,  -5.81441975,  -1.35932100,  -2.79887700,
          -9.87694550,  -0.34314883,  -8.73978424,  -2.13442993, -16.27420425,
         -12.86364841,  -2.50076962,  -5.96017790,  -9.74519825,  -2.55827022,
          -0.99657017,   6.86725140,  -2.71008110,   6.48715162,  14.07505131,
          -7.86157084]])
Split layers:
Nonlinear functions:
   BoundRelu(name=/15, inputs=[/input], perturbed=True)
   BoundRelu(name=/17, inputs=[/input-3], perturbed=True)
build batch [1/1]
initial crown bounds (first 10 items): [21.971580505371094, 27.79188346862793, 33.36426544189453, 24.686277389526367, 31.845195770263672, 23.39720344543457, 20.018997192382812, 19.090015411376953, 14.58509635925293, 15.98187255859375]
Global lower bound: 6.594485759735107
verified with init bound!
Result: safe-incomplete in 0.2442 seconds

 %%%%%%%%%%%%%%%%%%%%%%%%%%%%%%%%%%% idx: 247, vnnlib ID: 247 %%%%%%%%%%%%%%%%%%%%%%%%%%%%%%%%%%%
Using onnx models/emnist_fc.onnx
Using vnnlib specs/sample_19207_y.vnnlib
784 inputs and 26 outputs in vnnlib
Loading onnx /home/master2/Desktop/saehee/XAI/Assignment_04/emnist_abcrown/models/emnist_fc.onnx with quirks {}
Finished onnx model loading in 0.0027 seconds
Finished vnnlib processing in 0.000358 seconds
Attack parameters: initialization=uniform, steps=100, restarts=5, alpha=0.002500012516975403, GAMA=False
PGD attack margin (first 2 examples and 10 specs):
 tensor([[16.76763153, 13.33619499, 19.08753586, 11.95307255, 10.57225704,
          5.26982689, 10.20311832, 11.49939919,  4.80858374, 12.39161301]])
Total number of violation:  3
Clean input adversarial, attack skipped.

Checking and Saving Counterexample in check_and_save_cex

verified_status unsafe-pgd
verified_success True
Result: unsafe-pgd in 0.0321 seconds

 %%%%%%%%%%%%%%%%%%%%%%%%%%%%%%%%%%% idx: 248, vnnlib ID: 248 %%%%%%%%%%%%%%%%%%%%%%%%%%%%%%%%%%%
Using onnx models/emnist_fc.onnx
Using vnnlib specs/sample_19208_y.vnnlib
784 inputs and 26 outputs in vnnlib
Loading onnx /home/master2/Desktop/saehee/XAI/Assignment_04/emnist_abcrown/models/emnist_fc.onnx with quirks {}
Finished onnx model loading in 0.0026 seconds
Finished vnnlib processing in 0.000357 seconds
Attack parameters: initialization=uniform, steps=100, restarts=5, alpha=0.0025000013411045074, GAMA=False
PGD attack margin (first 2 examples and 10 specs):
 tensor([[ 9.76361275, 21.68076706, 17.65511703, 22.87001419, 15.03519630,
          9.21190643, -0.84240150, 15.19450188, 15.34910393, 10.52638626]])
Total number of violation:  2
Clean input adversarial, attack skipped.

Checking and Saving Counterexample in check_and_save_cex

verified_status unsafe-pgd
verified_success True
Result: unsafe-pgd in 0.0318 seconds

 %%%%%%%%%%%%%%%%%%%%%%%%%%%%%%%%%%% idx: 249, vnnlib ID: 249 %%%%%%%%%%%%%%%%%%%%%%%%%%%%%%%%%%%
Using onnx models/emnist_fc.onnx
Using vnnlib specs/sample_19209_y.vnnlib
784 inputs and 26 outputs in vnnlib
Loading onnx /home/master2/Desktop/saehee/XAI/Assignment_04/emnist_abcrown/models/emnist_fc.onnx with quirks {}
Finished onnx model loading in 0.0028 seconds
Finished vnnlib processing in 0.000357 seconds
Attack parameters: initialization=uniform, steps=100, restarts=5, alpha=0.002500012516975403, GAMA=False
PGD attack margin (first 2 examples and 10 specs):
 tensor([[19.59622574, 21.40354156, 24.74741745, 21.14232445, 21.65252113,
         28.70145226,  9.68567562, 12.01054192, 25.71410751, 25.74099731]])
Total number of violation:  0
Processing batch 1/1...
PGD attack margin (first 2 examples and 10 specs):
 tensor([[18.62958145, 20.31428719, 23.74328995, 20.28413391, 20.61746025,
         27.82721710,  9.06975555, 11.29440403, 24.77821732, 24.70506287]])
Total number of violation:  0
Attack finished in 0.1208 seconds.
PGD attack failed
verified_status unknown
verified_success False
Model: BoundedModule(
  (/0): BoundInput(name=/0, inputs=[], perturbed=True)
  (/7): BoundParams(name=/7, inputs=[], perturbed=False)
  (/8): BoundParams(name=/8, inputs=[], perturbed=False)
  (/9): BoundParams(name=/9, inputs=[], perturbed=False)
  (/10): BoundParams(name=/10, inputs=[], perturbed=False)
  (/11): BoundParams(name=/11, inputs=[], perturbed=False)
  (/12): BoundParams(name=/12, inputs=[], perturbed=False)
  (/13): BoundFlatten(name=/13, inputs=[/0], perturbed=True)
  (/input): BoundLinear(name=/input, inputs=[/13, /7, /8], perturbed=True)
  (/15): BoundRelu(name=/15, inputs=[/input], perturbed=True)
  (/input-3): BoundLinear(name=/input-3, inputs=[/15, /9, /10], perturbed=True)
  (/17): BoundRelu(name=/17, inputs=[/input-3], perturbed=True)
  (/18): BoundLinear(name=/18, inputs=[/17, /11, /12], perturbed=True)
)
Original output in the first batch: tensor([[ -5.80061245,  -7.53939104, -10.97156811,  -7.39211702,  -7.85793066,
         -14.96385384,   4.10793877,   1.75026965, -12.06819439, -12.01521301,
          -4.93780756,  -4.39675665,  -4.07240295,  -3.77817488,  -8.67710114,
          -4.34028816,   1.05695772,  -8.97037888,  -5.79931927,  -6.71330929,
           6.34452057,   0.82347357,   0.11331910,  -6.96456480,  13.73323345,
         -11.70010185]])
Split layers:
Nonlinear functions:
   BoundRelu(name=/15, inputs=[/input], perturbed=True)
   BoundRelu(name=/17, inputs=[/input-3], perturbed=True)
build batch [1/1]
initial crown bounds (first 10 items): [18.185436248779297, 19.778913497924805, 23.22284698486328, 19.84872055053711, 20.110862731933594, 27.493301391601562, 8.811665534973145, 11.027831077575684, 24.425745010375977, 24.311094284057617]
Global lower bound: 6.438662528991699
verified with init bound!
Result: safe-incomplete in 0.1782 seconds

 %%%%%%%%%%%%%%%%%%%%%%%%%%%%%%%%%%% idx: 250, vnnlib ID: 250 %%%%%%%%%%%%%%%%%%%%%%%%%%%%%%%%%%%
Using onnx models/emnist_fc.onnx
Using vnnlib specs/sample_20000_z.vnnlib
Precompiled vnnlib file found at /home/master2/Desktop/saehee/XAI/Assignment_04/emnist_abcrown/specs/sample_20000_z.vnnlib.compiled
Loading onnx /home/master2/Desktop/saehee/XAI/Assignment_04/emnist_abcrown/models/emnist_fc.onnx with quirks {}
Finished onnx model loading in 0.0027 seconds
Finished vnnlib processing in 0.000322 seconds
Attack parameters: initialization=uniform, steps=100, restarts=5, alpha=0.0025000013411045074, GAMA=False
PGD attack margin (first 2 examples and 10 specs):
 tensor([[11.59435081, 17.13921165,  6.50922394,  8.86846828, 10.50452042,
         15.88090706, 15.11243248, 14.50148964,  2.69328737,  9.05005932]])
Total number of violation:  0
Processing batch 1/1...
PGD attack margin (first 2 examples and 10 specs):
 tensor([[10.93689251, 15.81952953,  5.99183559,  8.06063557,  9.69229889,
         15.04800701, 14.22693348, 13.53029442,  2.19585514,  8.46781731]])
Total number of violation:  0
Attack finished in 0.1058 seconds.
PGD attack failed
verified_status unknown
verified_success False
Model: BoundedModule(
  (/0): BoundInput(name=/0, inputs=[], perturbed=True)
  (/7): BoundParams(name=/7, inputs=[], perturbed=False)
  (/8): BoundParams(name=/8, inputs=[], perturbed=False)
  (/9): BoundParams(name=/9, inputs=[], perturbed=False)
  (/10): BoundParams(name=/10, inputs=[], perturbed=False)
  (/11): BoundParams(name=/11, inputs=[], perturbed=False)
  (/12): BoundParams(name=/12, inputs=[], perturbed=False)
  (/13): BoundFlatten(name=/13, inputs=[/0], perturbed=True)
  (/input): BoundLinear(name=/input, inputs=[/13, /7, /8], perturbed=True)
  (/15): BoundRelu(name=/15, inputs=[/input], perturbed=True)
  (/input-3): BoundLinear(name=/input-3, inputs=[/15, /9, /10], perturbed=True)
  (/17): BoundRelu(name=/17, inputs=[/input-3], perturbed=True)
  (/18): BoundLinear(name=/18, inputs=[/17, /11, /12], perturbed=True)
)
Original output in the first batch: tensor([[ -4.09409332,  -9.54317856,   0.89018166,  -1.33901453,  -2.96257567,
          -8.45018005,  -7.60414171,  -6.96969557,   4.77520418,  -1.66493845,
          -8.13113308,   2.71252751, -15.03763485,  -4.73601007,  -7.57819462,
          -6.16284227,  -1.29987288,  -1.17986965, -10.59141254,   3.60259986,
          -3.95937634,  -8.22765446, -11.67099762,  -1.54741991,  -5.51413059,
           7.54429436]])
Split layers:
Nonlinear functions:
   BoundRelu(name=/15, inputs=[/input], perturbed=True)
   BoundRelu(name=/17, inputs=[/input-3], perturbed=True)
build batch [1/1]
initial crown bounds (first 10 items): [10.794819831848145, 15.58818531036377, 5.809955596923828, 7.899871349334717, 9.556689262390137, 14.758688926696777, 14.056378364562988, 13.373294830322266, 1.9832209348678589, 8.22067642211914]
Global lower bound: 1.9832209348678589
verified with init bound!
Result: safe-incomplete in 0.1361 seconds

 %%%%%%%%%%%%%%%%%%%%%%%%%%%%%%%%%%% idx: 251, vnnlib ID: 251 %%%%%%%%%%%%%%%%%%%%%%%%%%%%%%%%%%%
Using onnx models/emnist_fc.onnx
Using vnnlib specs/sample_20001_z.vnnlib
784 inputs and 26 outputs in vnnlib
Loading onnx /home/master2/Desktop/saehee/XAI/Assignment_04/emnist_abcrown/models/emnist_fc.onnx with quirks {}
Finished onnx model loading in 0.0028 seconds
Finished vnnlib processing in 0.000546 seconds
Attack parameters: initialization=uniform, steps=100, restarts=5, alpha=0.0025000013411045074, GAMA=False
PGD attack margin (first 2 examples and 10 specs):
 tensor([[10.74030972, 14.39328384, 14.49892235, 10.47495461, 10.98345757,
         17.68046570, 15.16502380, 21.40930176,  9.65610123, 16.45979691]])
Total number of violation:  0
Processing batch 1/1...
PGD attack margin (first 2 examples and 10 specs):
 tensor([[ 9.94270611, 13.10660172, 13.98513412,  9.62872887, 10.44488525,
         16.89010429, 14.50054741, 20.22525406,  9.12236309, 15.70735931]])
Total number of violation:  0
Attack finished in 0.1085 seconds.
PGD attack failed
verified_status unknown
verified_success False
Model: BoundedModule(
  (/0): BoundInput(name=/0, inputs=[], perturbed=True)
  (/7): BoundParams(name=/7, inputs=[], perturbed=False)
  (/8): BoundParams(name=/8, inputs=[], perturbed=False)
  (/9): BoundParams(name=/9, inputs=[], perturbed=False)
  (/10): BoundParams(name=/10, inputs=[], perturbed=False)
  (/11): BoundParams(name=/11, inputs=[], perturbed=False)
  (/12): BoundParams(name=/12, inputs=[], perturbed=False)
  (/13): BoundFlatten(name=/13, inputs=[/0], perturbed=True)
  (/input): BoundLinear(name=/input, inputs=[/13, /7, /8], perturbed=True)
  (/15): BoundRelu(name=/15, inputs=[/input], perturbed=True)
  (/input-3): BoundLinear(name=/input-3, inputs=[/15, /9, /10], perturbed=True)
  (/17): BoundRelu(name=/17, inputs=[/input-3], perturbed=True)
  (/18): BoundLinear(name=/18, inputs=[/17, /11, /12], perturbed=True)
)
Original output in the first batch: tensor([[ -0.74862587,  -4.35856390,  -4.45917177,  -0.53649688,  -0.98895645,
          -7.69911575,  -5.13693666, -11.37100315,   0.40377066,  -6.44468546,
          -7.01908255,  -0.49544090, -22.79787636,  -6.53383493,  -8.40268993,
          -2.42915082,  -2.48447204,   3.42929101, -12.23637486,  -4.12530470,
          -8.09428120, -11.54914761, -12.90344810,   3.28349733,  -7.76169395,
          10.12604237]])
Split layers:
Nonlinear functions:
   BoundRelu(name=/15, inputs=[/input], perturbed=True)
   BoundRelu(name=/17, inputs=[/input-3], perturbed=True)
build batch [1/1]
initial crown bounds (first 10 items): [9.830697059631348, 12.810262680053711, 13.844369888305664, 9.43552303314209, 10.229570388793945, 16.707136154174805, 14.310632705688477, 20.06229019165039, 8.91907787322998, 15.449029922485352]
Global lower bound: 5.676441192626953
verified with init bound!
Result: safe-incomplete in 0.1611 seconds

 %%%%%%%%%%%%%%%%%%%%%%%%%%%%%%%%%%% idx: 252, vnnlib ID: 252 %%%%%%%%%%%%%%%%%%%%%%%%%%%%%%%%%%%
Using onnx models/emnist_fc.onnx
Using vnnlib specs/sample_20002_z.vnnlib
784 inputs and 26 outputs in vnnlib
Loading onnx /home/master2/Desktop/saehee/XAI/Assignment_04/emnist_abcrown/models/emnist_fc.onnx with quirks {}
Finished onnx model loading in 0.0038 seconds
Finished vnnlib processing in 0.000685 seconds
Attack parameters: initialization=uniform, steps=100, restarts=5, alpha=0.002500012516975403, GAMA=False
PGD attack margin (first 2 examples and 10 specs):
 tensor([[19.25301933, 27.48361588, 32.10521317, 14.13849068, 31.81075287,
         48.57142639, 21.35012054, 43.65557098, 12.88106728, 21.15454102]])
Total number of violation:  0
Processing batch 1/1...
PGD attack margin (first 2 examples and 10 specs):
 tensor([[18.39220238, 26.49650955, 31.39173698, 13.30739021, 31.10071945,
         47.71720123, 20.53685379, 42.69835281, 12.18467999, 20.27889442]])
Total number of violation:  0
Attack finished in 0.2569 seconds.
PGD attack failed
verified_status unknown
verified_success False
Model: BoundedModule(
  (/0): BoundInput(name=/0, inputs=[], perturbed=True)
  (/7): BoundParams(name=/7, inputs=[], perturbed=False)
  (/8): BoundParams(name=/8, inputs=[], perturbed=False)
  (/9): BoundParams(name=/9, inputs=[], perturbed=False)
  (/10): BoundParams(name=/10, inputs=[], perturbed=False)
  (/11): BoundParams(name=/11, inputs=[], perturbed=False)
  (/12): BoundParams(name=/12, inputs=[], perturbed=False)
  (/13): BoundFlatten(name=/13, inputs=[/0], perturbed=True)
  (/input): BoundLinear(name=/input, inputs=[/13, /7, /8], perturbed=True)
  (/15): BoundRelu(name=/15, inputs=[/input], perturbed=True)
  (/input-3): BoundLinear(name=/input-3, inputs=[/15, /9, /10], perturbed=True)
  (/17): BoundRelu(name=/17, inputs=[/input-3], perturbed=True)
  (/18): BoundLinear(name=/18, inputs=[/17, /11, /12], perturbed=True)
)
Original output in the first batch: tensor([[ -0.89237487,  -9.05175781, -13.72786331,   4.30704403, -13.44609451,
         -30.13864326,  -2.84479356, -25.23419571,   5.60561562,  -2.67853665,
         -17.90689659,   0.31443226, -40.99087143,  -7.43272161, -25.83160019,
         -26.04364204,  -2.92355871,  -0.96450239, -20.62699318, -11.16401672,
          -8.17820930, -17.97438812, -11.75685120,   7.37650490,  -4.22833014,
          18.49702454]])
Split layers:
Nonlinear functions:
   BoundRelu(name=/15, inputs=[/input], perturbed=True)
   BoundRelu(name=/17, inputs=[/input-3], perturbed=True)
build batch [1/1]
initial crown bounds (first 10 items): [18.32955551147461, 26.34955596923828, 31.34009552001953, 13.159210205078125, 31.008880615234375, 47.61470031738281, 20.41683006286621, 42.55978775024414, 12.049958229064941, 20.143159866333008]
Global lower bound: 10.37360954284668
verified with init bound!
Result: safe-incomplete in 0.3143 seconds

 %%%%%%%%%%%%%%%%%%%%%%%%%%%%%%%%%%% idx: 253, vnnlib ID: 253 %%%%%%%%%%%%%%%%%%%%%%%%%%%%%%%%%%%
Using onnx models/emnist_fc.onnx
Using vnnlib specs/sample_20003_z.vnnlib
784 inputs and 26 outputs in vnnlib
Loading onnx /home/master2/Desktop/saehee/XAI/Assignment_04/emnist_abcrown/models/emnist_fc.onnx with quirks {}
Finished onnx model loading in 0.0032 seconds
Finished vnnlib processing in 0.000324 seconds
Attack parameters: initialization=uniform, steps=100, restarts=5, alpha=0.002500012516975403, GAMA=False
PGD attack margin (first 2 examples and 10 specs):
 tensor([[19.49455452, 30.36069870, 20.34948921, 22.45532417, 16.60417366,
         27.00683212, 18.47904587, 29.45418167, 10.95369720, 21.95049286]])
Total number of violation:  0
Processing batch 1/1...
PGD attack margin (first 2 examples and 10 specs):
 tensor([[18.81071091, 28.89464569, 19.69868088, 21.60846901, 15.92178154,
         26.23083115, 17.66212463, 28.50345421, 10.48290157, 21.28680801]])
Total number of violation:  0
Attack finished in 0.1248 seconds.
PGD attack failed
verified_status unknown
verified_success False
Model: BoundedModule(
  (/0): BoundInput(name=/0, inputs=[], perturbed=True)
  (/7): BoundParams(name=/7, inputs=[], perturbed=False)
  (/8): BoundParams(name=/8, inputs=[], perturbed=False)
  (/9): BoundParams(name=/9, inputs=[], perturbed=False)
  (/10): BoundParams(name=/10, inputs=[], perturbed=False)
  (/11): BoundParams(name=/11, inputs=[], perturbed=False)
  (/12): BoundParams(name=/12, inputs=[], perturbed=False)
  (/13): BoundFlatten(name=/13, inputs=[/0], perturbed=True)
  (/input): BoundLinear(name=/input, inputs=[/13, /7, /8], perturbed=True)
  (/15): BoundRelu(name=/15, inputs=[/input], perturbed=True)
  (/input-3): BoundLinear(name=/input-3, inputs=[/15, /9, /10], perturbed=True)
  (/17): BoundRelu(name=/17, inputs=[/input-3], perturbed=True)
  (/18): BoundLinear(name=/18, inputs=[/17, /11, /12], perturbed=True)
)
Original output in the first batch: tensor([[ -1.92584169, -12.76820183,  -2.84133196,  -4.90670586,   0.92961526,
          -9.53316879,  -0.90472651, -11.93712521,   6.57232904,  -4.44649744,
         -10.57856274,   1.19877875, -27.20851517, -10.49257469, -19.77630615,
         -13.92947865,  -2.94205523,   0.41117889,  -9.98542309,   3.25307274,
         -10.85550785, -17.98829651, -15.73726749,   1.70342863,  -5.51748943,
          17.61299324]])
Split layers:
Nonlinear functions:
   BoundRelu(name=/15, inputs=[/input], perturbed=True)
   BoundRelu(name=/17, inputs=[/input-3], perturbed=True)
build batch [1/1]
initial crown bounds (first 10 items): [18.740514755249023, 28.773059844970703, 19.645910263061523, 21.478919982910156, 15.736896514892578, 26.142520904541016, 17.590524673461914, 28.442947387695312, 10.434722900390625, 21.249513626098633]
Global lower bound: 10.434722900390625
verified with init bound!
Result: safe-incomplete in 0.1771 seconds

 %%%%%%%%%%%%%%%%%%%%%%%%%%%%%%%%%%% idx: 254, vnnlib ID: 254 %%%%%%%%%%%%%%%%%%%%%%%%%%%%%%%%%%%
Using onnx models/emnist_fc.onnx
Using vnnlib specs/sample_20004_z.vnnlib
784 inputs and 26 outputs in vnnlib
Loading onnx /home/master2/Desktop/saehee/XAI/Assignment_04/emnist_abcrown/models/emnist_fc.onnx with quirks {}
Finished onnx model loading in 0.0031 seconds
Finished vnnlib processing in 0.000369 seconds
Attack parameters: initialization=uniform, steps=100, restarts=5, alpha=0.002500012516975403, GAMA=False
PGD attack margin (first 2 examples and 10 specs):
 tensor([[24.36449051, 27.94249344, 30.51953125, 33.53409958, 20.42591667,
         32.09754562, 24.81766129, 27.65235519, 12.13329792, 30.91207123]])
Total number of violation:  0
Processing batch 1/1...
PGD attack margin (first 2 examples and 10 specs):
 tensor([[23.65526199, 26.78411484, 29.96557617, 32.61391449, 19.68163872,
         31.28739166, 24.08284760, 26.87179565, 11.59932232, 30.06705666]])
Total number of violation:  0
Attack finished in 0.1067 seconds.
PGD attack failed
verified_status unknown
verified_success False
Model: BoundedModule(
  (/0): BoundInput(name=/0, inputs=[], perturbed=True)
  (/7): BoundParams(name=/7, inputs=[], perturbed=False)
  (/8): BoundParams(name=/8, inputs=[], perturbed=False)
  (/9): BoundParams(name=/9, inputs=[], perturbed=False)
  (/10): BoundParams(name=/10, inputs=[], perturbed=False)
  (/11): BoundParams(name=/11, inputs=[], perturbed=False)
  (/12): BoundParams(name=/12, inputs=[], perturbed=False)
  (/13): BoundFlatten(name=/13, inputs=[/0], perturbed=True)
  (/input): BoundLinear(name=/input, inputs=[/13, /7, /8], perturbed=True)
  (/15): BoundRelu(name=/15, inputs=[/input], perturbed=True)
  (/input-3): BoundLinear(name=/input-3, inputs=[/15, /9, /10], perturbed=True)
  (/17): BoundRelu(name=/17, inputs=[/input-3], perturbed=True)
  (/18): BoundLinear(name=/18, inputs=[/17, /11, /12], perturbed=True)
)
Original output in the first batch: tensor([[-4.59850979e+00, -8.10627079e+00, -1.08421144e+01, -1.38075895e+01,
         -6.47538424e-01, -1.23576860e+01, -5.01462793e+00, -7.81876612e+00,
          7.66420460e+00, -1.11204395e+01, -5.99792862e+00, -1.10452449e+00,
         -2.30510101e+01, -7.69320488e+00, -3.16512985e+01, -1.69815159e+01,
         -5.21649361e+00, -7.51565516e-01, -1.51748409e+01,  1.69630237e-02,
         -1.18262768e+01, -2.80669327e+01, -1.70857430e+01,  7.33439684e+00,
         -1.05295506e+01,  1.98101864e+01]])
Split layers:
Nonlinear functions:
   BoundRelu(name=/15, inputs=[/input], perturbed=True)
   BoundRelu(name=/17, inputs=[/input-3], perturbed=True)
build batch [1/1]
initial crown bounds (first 10 items): [23.631444931030273, 26.61557960510254, 29.87141227722168, 32.42291259765625, 19.573923110961914, 31.15617561340332, 24.021455764770508, 26.719091415405273, 11.503467559814453, 29.975772857666016]
Global lower bound: 11.503467559814453
verified with init bound!
Result: safe-incomplete in 0.1590 seconds

 %%%%%%%%%%%%%%%%%%%%%%%%%%%%%%%%%%% idx: 255, vnnlib ID: 255 %%%%%%%%%%%%%%%%%%%%%%%%%%%%%%%%%%%
Using onnx models/emnist_fc.onnx
Using vnnlib specs/sample_20005_z.vnnlib
784 inputs and 26 outputs in vnnlib
Loading onnx /home/master2/Desktop/saehee/XAI/Assignment_04/emnist_abcrown/models/emnist_fc.onnx with quirks {}
Finished onnx model loading in 0.0033 seconds
Finished vnnlib processing in 0.000359 seconds
Attack parameters: initialization=uniform, steps=100, restarts=5, alpha=0.002500012516975403, GAMA=False
PGD attack margin (first 2 examples and 10 specs):
 tensor([[16.75255775, 25.07244110, 25.32548904, 17.21718979, 15.98194504,
         17.98284340, 19.62671852, 27.36584473, 12.02206993, 21.95876122]])
Total number of violation:  0
Processing batch 1/1...
PGD attack margin (first 2 examples and 10 specs):
 tensor([[15.91140842, 23.52914429, 24.54130745, 16.13004875, 15.10125160,
         17.20637894, 18.58739471, 26.21726608, 11.49895668, 21.16901398]])
Total number of violation:  0
Attack finished in 0.1124 seconds.
PGD attack failed
verified_status unknown
verified_success False
Model: BoundedModule(
  (/0): BoundInput(name=/0, inputs=[], perturbed=True)
  (/7): BoundParams(name=/7, inputs=[], perturbed=False)
  (/8): BoundParams(name=/8, inputs=[], perturbed=False)
  (/9): BoundParams(name=/9, inputs=[], perturbed=False)
  (/10): BoundParams(name=/10, inputs=[], perturbed=False)
  (/11): BoundParams(name=/11, inputs=[], perturbed=False)
  (/12): BoundParams(name=/12, inputs=[], perturbed=False)
  (/13): BoundFlatten(name=/13, inputs=[/0], perturbed=True)
  (/input): BoundLinear(name=/input, inputs=[/13, /7, /8], perturbed=True)
  (/15): BoundRelu(name=/15, inputs=[/input], perturbed=True)
  (/input-3): BoundLinear(name=/input-3, inputs=[/15, /9, /10], perturbed=True)
  (/17): BoundRelu(name=/17, inputs=[/input-3], perturbed=True)
  (/18): BoundLinear(name=/18, inputs=[/17, /11, /12], perturbed=True)
)
Original output in the first batch: tensor([[ -1.61413002,  -9.92816353, -10.18605995,  -2.07760572,  -0.80498981,
          -2.90082002,  -4.46452284, -12.27130985,   3.15694618,  -6.78584480,
         -10.47957993,  -3.63613009, -17.79651260,  -5.09908247, -17.10289383,
          -8.98718357,  -4.03017282,  -3.97908998,  -8.92969131,  -0.50583565,
          -9.20867348,  -9.91231060, -10.01905060,   4.88741350,  -9.74688721,
          15.25338268]])
Split layers:
Nonlinear functions:
   BoundRelu(name=/15, inputs=[/input], perturbed=True)
   BoundRelu(name=/17, inputs=[/input-3], perturbed=True)
build batch [1/1]
initial crown bounds (first 10 items): [15.845685958862305, 23.385990142822266, 24.482040405273438, 16.036787033081055, 14.961020469665527, 17.12327766418457, 18.471580505371094, 26.067882537841797, 11.38369369506836, 21.039560317993164]
Global lower bound: 9.52807331085205
verified with init bound!
Result: safe-incomplete in 0.1624 seconds

 %%%%%%%%%%%%%%%%%%%%%%%%%%%%%%%%%%% idx: 256, vnnlib ID: 256 %%%%%%%%%%%%%%%%%%%%%%%%%%%%%%%%%%%
Using onnx models/emnist_fc.onnx
Using vnnlib specs/sample_20006_z.vnnlib
784 inputs and 26 outputs in vnnlib
Loading onnx /home/master2/Desktop/saehee/XAI/Assignment_04/emnist_abcrown/models/emnist_fc.onnx with quirks {}
Finished onnx model loading in 0.0031 seconds
Finished vnnlib processing in 0.000335 seconds
Attack parameters: initialization=uniform, steps=100, restarts=5, alpha=0.0025000013411045074, GAMA=False
PGD attack margin (first 2 examples and 10 specs):
 tensor([[21.63035011, 10.93834972, 18.56345558, 26.65907288, 16.17433739,
         29.30047226, 20.60699081, 42.62986755, 18.48873711, 26.91665077]])
Total number of violation:  0
Processing batch 1/1...
PGD attack margin (first 2 examples and 10 specs):
 tensor([[20.89343071,  9.75719643, 17.89118767, 25.56432343, 15.47351360,
         28.61918831, 19.74434471, 41.71463013, 17.86456108, 25.99190903]])
Total number of violation:  0
Attack finished in 0.1085 seconds.
PGD attack failed
verified_status unknown
verified_success False
Model: BoundedModule(
  (/0): BoundInput(name=/0, inputs=[], perturbed=True)
  (/7): BoundParams(name=/7, inputs=[], perturbed=False)
  (/8): BoundParams(name=/8, inputs=[], perturbed=False)
  (/9): BoundParams(name=/9, inputs=[], perturbed=False)
  (/10): BoundParams(name=/10, inputs=[], perturbed=False)
  (/11): BoundParams(name=/11, inputs=[], perturbed=False)
  (/12): BoundParams(name=/12, inputs=[], perturbed=False)
  (/13): BoundFlatten(name=/13, inputs=[/0], perturbed=True)
  (/input): BoundLinear(name=/input, inputs=[/13, /7, /8], perturbed=True)
  (/15): BoundRelu(name=/15, inputs=[/input], perturbed=True)
  (/input-3): BoundLinear(name=/input-3, inputs=[/15, /9, /10], perturbed=True)
  (/17): BoundRelu(name=/17, inputs=[/input-3], perturbed=True)
  (/18): BoundLinear(name=/18, inputs=[/17, /11, /12], perturbed=True)
)
Original output in the first batch: tensor([[ -3.81999016,   6.91091251,  -0.79976213,  -8.82747936,   1.67261004,
         -11.53211308,  -2.73441625, -24.78120613,  -0.58004785,  -9.10274410,
         -21.22628403,  -0.34053707, -36.24398422, -17.37966347, -17.62256050,
         -10.96034908, -10.02566433,  -2.60918617,  -8.64462852,  -5.64317513,
         -15.80673504, -32.13768387, -20.85538292,  -3.97253203,  -9.15222359,
          17.94889832]])
Split layers:
Nonlinear functions:
   BoundRelu(name=/15, inputs=[/input], perturbed=True)
   BoundRelu(name=/17, inputs=[/input-3], perturbed=True)
build batch [1/1]
initial crown bounds (first 10 items): [20.84627342224121, 9.647982597351074, 17.756410598754883, 25.4774169921875, 15.34445858001709, 28.496362686157227, 19.638307571411133, 41.65143966674805, 17.788284301757812, 25.945144653320312]
Global lower bound: 9.647982597351074
verified with init bound!
Result: safe-incomplete in 0.1608 seconds

 %%%%%%%%%%%%%%%%%%%%%%%%%%%%%%%%%%% idx: 257, vnnlib ID: 257 %%%%%%%%%%%%%%%%%%%%%%%%%%%%%%%%%%%
Using onnx models/emnist_fc.onnx
Using vnnlib specs/sample_20007_z.vnnlib
784 inputs and 26 outputs in vnnlib
Loading onnx /home/master2/Desktop/saehee/XAI/Assignment_04/emnist_abcrown/models/emnist_fc.onnx with quirks {}
Finished onnx model loading in 0.0033 seconds
Finished vnnlib processing in 0.000372 seconds
Attack parameters: initialization=uniform, steps=100, restarts=5, alpha=0.002500012516975403, GAMA=False
PGD attack margin (first 2 examples and 10 specs):
 tensor([[16.39764977, 30.33928299, 20.82463646, 20.90071106, 17.31802940,
         22.60160065, 23.43784523, 31.33413506, 12.17477608, 20.07520294]])
Total number of violation:  0
Processing batch 1/1...
PGD attack margin (first 2 examples and 10 specs):
 tensor([[15.72797680, 28.90385437, 20.20051193, 20.01051331, 16.75227356,
         21.81051826, 22.57584190, 30.11516953, 11.61013031, 19.29298782]])
Total number of violation:  0
Attack finished in 0.1169 seconds.
PGD attack failed
verified_status unknown
verified_success False
Model: BoundedModule(
  (/0): BoundInput(name=/0, inputs=[], perturbed=True)
  (/7): BoundParams(name=/7, inputs=[], perturbed=False)
  (/8): BoundParams(name=/8, inputs=[], perturbed=False)
  (/9): BoundParams(name=/9, inputs=[], perturbed=False)
  (/10): BoundParams(name=/10, inputs=[], perturbed=False)
  (/11): BoundParams(name=/11, inputs=[], perturbed=False)
  (/12): BoundParams(name=/12, inputs=[], perturbed=False)
  (/13): BoundFlatten(name=/13, inputs=[/0], perturbed=True)
  (/input): BoundLinear(name=/input, inputs=[/13, /7, /8], perturbed=True)
  (/15): BoundRelu(name=/15, inputs=[/input], perturbed=True)
  (/input-3): BoundLinear(name=/input-3, inputs=[/15, /9, /10], perturbed=True)
  (/17): BoundRelu(name=/17, inputs=[/input-3], perturbed=True)
  (/18): BoundLinear(name=/18, inputs=[/17, /11, /12], perturbed=True)
)
Original output in the first batch: tensor([[  0.49517941, -13.51161957,  -3.99364424,  -4.11455345,  -0.49308756,
          -5.85136127,  -6.54966879, -14.45716095,   4.66899586,  -3.27722979,
          -8.43934441,  -3.17154098, -21.72994995,  -4.96795988, -11.97552299,
          -8.40357876,  -3.49246192,  -1.59470809, -10.62264347,   2.13898492,
          -8.17542744, -10.35469627, -10.99371052,   2.70176530,  -8.54770756,
          16.93054390]])
Split layers:
Nonlinear functions:
   BoundRelu(name=/15, inputs=[/input], perturbed=True)
   BoundRelu(name=/17, inputs=[/input-3], perturbed=True)
build batch [1/1]
initial crown bounds (first 10 items): [15.553937911987305, 28.54517364501953, 20.005855560302734, 19.642444610595703, 16.49223518371582, 21.505393981933594, 22.384605407714844, 29.84740447998047, 11.419116973876953, 19.118223190307617]
Global lower bound: 11.419116973876953
verified with init bound!
Result: safe-incomplete in 0.1718 seconds

 %%%%%%%%%%%%%%%%%%%%%%%%%%%%%%%%%%% idx: 258, vnnlib ID: 258 %%%%%%%%%%%%%%%%%%%%%%%%%%%%%%%%%%%
Using onnx models/emnist_fc.onnx
Using vnnlib specs/sample_20008_z.vnnlib
784 inputs and 26 outputs in vnnlib
Loading onnx /home/master2/Desktop/saehee/XAI/Assignment_04/emnist_abcrown/models/emnist_fc.onnx with quirks {}
Finished onnx model loading in 0.0031 seconds
Finished vnnlib processing in 0.000379 seconds
Attack parameters: initialization=uniform, steps=100, restarts=5, alpha=0.0025000013411045074, GAMA=False
PGD attack margin (first 2 examples and 10 specs):
 tensor([[10.42962646, 17.15684700,  9.23858452,  7.47948790,  8.51954842,
         12.75447845, 12.88421059, 19.22565651,  6.45204735, 10.36760902]])
Total number of violation:  0
Processing batch 1/1...
PGD attack margin (first 2 examples and 10 specs):
 tensor([[ 9.40440369, 15.43853664,  8.57625008,  6.25705528,  7.77063131,
         11.43779182, 11.69033051, 17.62901878,  5.87364817,  9.68900776]])
Total number of violation:  0
Attack finished in 0.1125 seconds.
PGD attack failed
verified_status unknown
verified_success False
Model: BoundedModule(
  (/0): BoundInput(name=/0, inputs=[], perturbed=True)
  (/7): BoundParams(name=/7, inputs=[], perturbed=False)
  (/8): BoundParams(name=/8, inputs=[], perturbed=False)
  (/9): BoundParams(name=/9, inputs=[], perturbed=False)
  (/10): BoundParams(name=/10, inputs=[], perturbed=False)
  (/11): BoundParams(name=/11, inputs=[], perturbed=False)
  (/12): BoundParams(name=/12, inputs=[], perturbed=False)
  (/13): BoundFlatten(name=/13, inputs=[/0], perturbed=True)
  (/input): BoundLinear(name=/input, inputs=[/13, /7, /8], perturbed=True)
  (/15): BoundRelu(name=/15, inputs=[/input], perturbed=True)
  (/input-3): BoundLinear(name=/input-3, inputs=[/15, /9, /10], perturbed=True)
  (/17): BoundRelu(name=/17, inputs=[/input-3], perturbed=True)
  (/18): BoundLinear(name=/18, inputs=[/17, /11, /12], perturbed=True)
)
Original output in the first batch: tensor([[ -2.58450174,  -9.24639893,  -1.50764549,   0.44232714,  -0.69077623,
          -4.87536144,  -5.09963560, -11.34403706,   1.26074529,  -2.64189267,
         -13.37157249,  -1.50905097, -14.42664814,  -2.37309098,  -2.60150409,
          -0.35501280,  -4.21522665,  -2.21215963,  -3.00226235,  -3.00545740,
          -3.72886229,  -2.74383283,  -6.15446329,  -7.17101145,  -6.11913109,
           7.78501797]])
Split layers:
Nonlinear functions:
   BoundRelu(name=/15, inputs=[/input], perturbed=True)
   BoundRelu(name=/17, inputs=[/input-3], perturbed=True)
build batch [1/1]
initial crown bounds (first 10 items): [9.170228004455566, 15.067553520202637, 8.415486335754395, 6.011337757110596, 7.562668323516846, 11.244248390197754, 11.46865463256836, 17.302452087402344, 5.678709983825684, 9.525481224060059]
Global lower bound: 5.678709983825684
verified with init bound!
Result: safe-incomplete in 0.2285 seconds

 %%%%%%%%%%%%%%%%%%%%%%%%%%%%%%%%%%% idx: 259, vnnlib ID: 259 %%%%%%%%%%%%%%%%%%%%%%%%%%%%%%%%%%%
Using onnx models/emnist_fc.onnx
Using vnnlib specs/sample_20009_z.vnnlib
784 inputs and 26 outputs in vnnlib
Loading onnx /home/master2/Desktop/saehee/XAI/Assignment_04/emnist_abcrown/models/emnist_fc.onnx with quirks {}
Finished onnx model loading in 0.0027 seconds
Finished vnnlib processing in 0.000361 seconds
Attack parameters: initialization=uniform, steps=100, restarts=5, alpha=0.0025000013411045074, GAMA=False
PGD attack margin (first 2 examples and 10 specs):
 tensor([[13.48518372, 24.47637939, 13.37479210, 13.19176102, 13.23401737,
         23.66979980, 14.40480804, 26.29504013, 10.63414955, 13.50317097]])
Total number of violation:  0
Processing batch 1/1...
PGD attack margin (first 2 examples and 10 specs):
 tensor([[12.73652744, 23.14454269, 12.64918613, 12.39761543, 12.59035587,
         22.93816376, 13.70116329, 25.32639694, 10.24637222, 12.84654427]])
Total number of violation:  0
Attack finished in 0.1104 seconds.
PGD attack failed
verified_status unknown
verified_success False
Model: BoundedModule(
  (/0): BoundInput(name=/0, inputs=[], perturbed=True)
  (/7): BoundParams(name=/7, inputs=[], perturbed=False)
  (/8): BoundParams(name=/8, inputs=[], perturbed=False)
  (/9): BoundParams(name=/9, inputs=[], perturbed=False)
  (/10): BoundParams(name=/10, inputs=[], perturbed=False)
  (/11): BoundParams(name=/11, inputs=[], perturbed=False)
  (/12): BoundParams(name=/12, inputs=[], perturbed=False)
  (/13): BoundFlatten(name=/13, inputs=[/0], perturbed=True)
  (/input): BoundLinear(name=/input, inputs=[/13, /7, /8], perturbed=True)
  (/15): BoundRelu(name=/15, inputs=[/input], perturbed=True)
  (/input-3): BoundLinear(name=/input-3, inputs=[/15, /9, /10], perturbed=True)
  (/17): BoundRelu(name=/17, inputs=[/input-3], perturbed=True)
  (/18): BoundLinear(name=/18, inputs=[/17, /11, /12], perturbed=True)
)
Original output in the first batch: tensor([[ -0.79353917, -11.73058891,  -0.66787231,  -0.53458816,  -0.59051907,
         -11.00081539,  -1.68426108, -13.62852859,   2.11923194,  -0.76608557,
         -10.16966629,   0.91091692, -29.38087082,  -6.42612886, -11.28367805,
          -9.94808388,  -5.66159010,   5.81727743, -11.00979710,  -1.60955846,
          -9.76760292,  -9.02873898, -16.43359947,   1.58461106,  -1.82446563,
          12.79872322]])
Split layers:
Nonlinear functions:
   BoundRelu(name=/15, inputs=[/input], perturbed=True)
   BoundRelu(name=/17, inputs=[/input-3], perturbed=True)
build batch [1/1]
initial crown bounds (first 10 items): [12.490083694458008, 22.809036254882812, 12.357316970825195, 12.166905403137207, 12.24920654296875, 22.56671142578125, 13.381874084472656, 25.02195167541504, 9.923340797424316, 12.545202255249023]
Global lower bound: 5.89270544052124
verified with init bound!
Result: safe-incomplete in 0.1615 seconds
############# Summary #############
Final verified acc: 89.61538461538461% (total 260 examples)
Problem instances count: 260 , total verified (safe/unsat): 233 , total falsified (unsafe/sat): 27 , timeout: 0
mean time for ALL instances (total 260):0.16305511837828404, max time: 0.3142824172973633
mean time for verified SAFE instances(total 233): 0.17689949248481718, max time: 0.3142824172973633
mean time for verified (SAFE + UNSAFE) instances (total 260): 0.16305512464963473, max time: 0.3142824172973633
mean time for verified UNSAFE instances (total 27): 0.04358335777565285, max time: 0.09680891036987305
safe-incomplete (total 231), index: [0, 1, 2, 4, 5, 6, 7, 8, 9, 10, 11, 12, 13, 14, 15, 16, 17, 18, 19, 20, 21, 22, 24, 25, 26, 27, 28, 29, 31, 32, 33, 34, 35, 36, 37, 38, 39, 40, 41, 42, 43, 44, 45, 46, 47, 48, 49, 50, 51, 52, 54, 55, 56, 57, 58, 59, 60, 61, 62, 63, 64, 65, 67, 68, 69, 70, 71, 73, 74, 75, 76, 77, 78, 79, 82, 87, 89, 91, 92, 93, 94, 95, 96, 97, 98, 99, 100, 101, 102, 103, 104, 105, 106, 107, 108, 109, 110, 111, 112, 113, 114, 115, 116, 118, 120, 121, 122, 123, 124, 125, 126, 127, 128, 129, 130, 131, 132, 133, 134, 135, 136, 137, 138, 139, 140, 141, 142, 143, 144, 145, 146, 147, 148, 149, 150, 151, 153, 154, 155, 156, 157, 158, 159, 160, 161, 163, 165, 166, 167, 169, 170, 171, 172, 173, 174, 175, 177, 179, 180, 181, 182, 183, 184, 185, 186, 188, 189, 190, 191, 193, 194, 195, 196, 197, 198, 200, 201, 202, 203, 204, 205, 206, 207, 208, 209, 211, 212, 213, 214, 215, 216, 217, 218, 219, 220, 221, 222, 223, 224, 225, 226, 227, 228, 229, 230, 231, 232, 233, 234, 235, 236, 238, 239, 240, 241, 242, 243, 244, 245, 246, 249, 250, 251, 252, 253, 254, 255, 256, 257, 258, 259]
unsafe-pgd (total 27), index: [3, 23, 30, 53, 66, 72, 80, 81, 83, 84, 85, 86, 90, 117, 119, 152, 162, 168, 176, 178, 187, 192, 199, 210, 237, 247, 248]
safe (total 2), index: [88, 164]
